
-- phpMyAdmin SQL Dump
-- version 3.5.2.2
-- http://www.phpmyadmin.net
--
-- Client: localhost
-- Généré le: Lun 02 Novembre 2015 à 11:49
-- Version du serveur: 5.1.49-0.dotdeb.0-log
-- Version de PHP: 5.3.28

SET SQL_MODE="NO_AUTO_VALUE_ON_ZERO";
SET time_zone = "+00:00";


/*!40101 SET @OLD_CHARACTER_SET_CLIENT=@@CHARACTER_SET_CLIENT */;
/*!40101 SET @OLD_CHARACTER_SET_RESULTS=@@CHARACTER_SET_RESULTS */;
/*!40101 SET @OLD_COLLATION_CONNECTION=@@COLLATION_CONNECTION */;
/*!40101 SET NAMES utf8 */;

--
-- Base de données: `fireworks`
--

-- --------------------------------------------------------

--
-- Structure de la table `event`
--

DROP TABLE IF EXISTS `event`;
CREATE TABLE IF NOT EXISTS `event` (
  `id` int(11) NOT NULL AUTO_INCREMENT,
  `team` int(11) NOT NULL,
  `type` int(11) NOT NULL,
  `date` date NOT NULL,
  `time` time NOT NULL,
  `location` text NOT NULL,
  `opponent` text NOT NULL,
  `summary` text NOT NULL,
  `hide` int(11) NOT NULL DEFAULT '0',
  PRIMARY KEY (`id`)
) ENGINE=InnoDB  DEFAULT CHARSET=utf8 AUTO_INCREMENT=173 ;

--
-- Contenu de la table `event`
--

INSERT INTO `event` (`id`, `team`, `type`, `date`, `time`, `location`, `opponent`, `summary`, `hide`) VALUES
(1, 1, 2, '2014-02-13', '20:00:00', 'A définir', 'JP Morgan', '', 0),
(2, 0, 0, '2014-03-03', '20:00:00', 'Sismondi', '', '', 0),
(3, 0, 0, '2014-03-10', '20:00:00', 'Sismondi', '', '', 0),
(4, 0, 0, '2014-03-24', '20:00:00', 'Sismondi', '', '', 0),
(5, 2, 1, '2014-03-20', '20:00:00', 'Genêts', 'Vermont II', '', 0),
(6, 2, 1, '2014-04-04', '20:00:00', 'Marcelly', 'Belle-Idée', '', 0),
(7, 2, 3, '2014-04-10', '20:00:00', 'Sismondi', 'The Nooners', '', 0),
(8, 1, 1, '2014-03-27', '19:50:00', 'André-Chavanne', 'JP Morgan', '', 0),
(9, 0, 0, '2014-03-31', '20:00:00', 'Sismondi', '', '', 0),
(10, 1, 1, '2014-04-03', '20:00:00', 'Sismondi', 'CERN 1', '', 0),
(11, 2, 0, '2014-04-07', '20:00:00', 'Sismondi', '', 'Entraînement seulement pour FW2! FW1 à un match à Saussure ce jour là.', 0),
(12, 1, 3, '2014-04-07', '19:50:00', 'Saussure', 'La Teamance', '', 0),
(13, 0, 0, '2014-04-14', '20:00:00', 'Sismondi', '', '', 0),
(14, 2, 1, '2014-05-15', '20:50:00', 'Genêts', 'Geneva Tropicals', '', 0),
(15, 2, 1, '2014-05-22', '20:50:00', 'Sismondi', 'Les Increvables', '', 0),
(16, 2, 1, '2014-03-27', '20:50:00', 'Genêts', 'Rolex', '', 0),
(17, 0, 0, '2014-04-28', '20:00:00', 'Sismondi', '', '', 0),
(18, 1, 1, '2014-05-01', '20:50:00', 'Sismondi', 'Geneva WaterJets', '', 1),
(19, 0, 0, '2014-05-05', '20:00:00', 'Sismondi', '', '', 0),
(20, 1, 3, '2014-05-08', '20:00:00', 'Sismondi', 'Ghost Cods', '', 0),
(21, 1, 1, '2014-05-12', '19:50:00', 'Saussure', 'Geneva WaterJets', '', 0),
(22, 1, 3, '2014-05-15', '20:00:00', 'Sismondi', 'Geneva WaterJets', '', 0),
(23, 2, 0, '2014-05-12', '20:00:00', 'Sismondi', '', 'L''équipe 1 a un match ce lundi.', 0),
(24, 1, 1, '2014-05-20', '20:50:00', 'André-Chavanne n°4', 'Eurotex 1', 'Dernier match de la saison.', 0),
(25, 0, 0, '2014-05-19', '20:00:00', 'Sismondi', '', '', 0),
(26, 0, 0, '2014-05-26', '20:00:00', 'Sismondi', '', '', 0),
(27, 1, 3, '2014-06-03', '19:00:00', 'Avanchet-Jura ', 'JP Morgan / PG 1', 'Si vous venez en voiture, venez suffisamment tôt car il y a très peu de places là bas et on se perd facilement. ', 0),
(28, 0, 0, '2014-06-02', '20:00:00', 'Sismondi', '', '', 0),
(29, 0, 0, '2014-06-09', '18:00:00', 'Seymaz (Extérieur)', '', '', 0),
(30, 0, 0, '2014-09-01', '20:00:00', 'Sismondi ', '', '', 0),
(31, 0, 0, '2014-09-04', '20:00:00', 'Sismondi ', '', '', 0),
(32, 0, 0, '2014-09-08', '20:00:00', 'Sismondi ', '', 'Premier entraînement officiel ', 0),
(33, 2, 1, '2014-09-09', '21:00:00', 'Pervenches ', 'Phacochères', '', 0),
(34, 0, 0, '2014-09-11', '20:00:00', 'Sismondi ', '', '', 1),
(35, 0, 0, '2014-09-15', '20:00:00', 'Sismondi ', '', '', 0),
(36, 2, 1, '2014-09-18', '20:50:00', 'Sismondi ', 'Satus Genève Ville ', '', 0),
(37, 1, 1, '2014-09-18', '20:00:00', 'Sismondi ', 'Geneva Groundhogs ', '', 0),
(38, 0, 0, '2014-09-22', '20:00:00', 'Sismondi ', '', '', 0),
(39, 2, 1, '2014-09-23', '20:50:00', 'Jean-Piaget ', 'Service Industriels ', '', 0),
(40, 0, 0, '2014-09-25', '20:00:00', 'Sismondi ', '', '', 0),
(41, 1, 1, '2014-09-26', '21:00:00', 'Lully ', 'Geneva Waterjets ', '', 0),
(42, 0, 0, '2014-09-29', '20:00:00', 'Sismondi ', '', '', 0),
(43, 1, 1, '2014-10-02', '20:00:00', 'Sismondi', 'JP Morgan', '', 0),
(44, 2, 1, '2014-10-02', '20:50:00', 'Sismondi', 'Ball Busters', '', 0),
(45, 0, 0, '2014-10-06', '20:00:00', 'Sismondi', '', '', 0),
(46, 2, 1, '2014-10-09', '20:00:00', 'Sismondi', 'Carr. du Rondeau BBC', '', 0),
(47, 0, 1, '2014-10-09', '20:50:00', 'Sismondi', 'La Teamance', '', 0),
(48, 0, 0, '2014-10-13', '20:00:00', 'Sismondi', '', '', 0),
(49, 2, 1, '2014-10-14', '20:00:00', 'Jean-Piaget', 'Eurotex 2', '', 0),
(50, 1, 1, '2014-10-16', '20:00:00', 'Sismondi', 'Procter et Gamble', '', 0),
(51, 0, 0, '2014-10-27', '20:00:00', 'Sismondi', '', '', 0),
(52, 1, 2, '2014-10-30', '20:00:00', 'Sismondi', 'Eurotex 1', '', 0),
(53, 2, 2, '2014-10-30', '20:50:00', 'Sismondi', 'BBL', '', 0),
(54, 1, 0, '2014-11-03', '20:00:00', 'Sismondi', '', 'Il y aura que l''équipe 1 pour cet entraînement', 0),
(55, 2, 1, '2014-11-03', '20:50:00', 'Sausure', 'Fast et Furious', '', 0),
(56, 0, 0, '2014-11-06', '20:00:00', 'Sismondi', '', 'Le match de vendredi sera peut être déplacé à Sismondi à la place de l''entraînement ! ', 1),
(57, 1, 1, '2014-11-06', '20:00:00', 'Sismondi', 'ALC Bernex', '', 0),
(58, 0, 0, '2014-11-10', '20:00:00', 'Sismondi', '', '', 0),
(59, 2, 1, '2014-11-13', '20:00:00', 'Sismondi', 'Petit-Saconnex Peacocks', '', 0),
(60, 1, 1, '2014-11-13', '20:50:00', 'Sismondi', 'Best Boys', '', 0),
(61, 0, 1, '2014-11-17', '20:00:00', 'Sismondi', '', '', 0),
(62, 1, 1, '2014-11-18', '20:50:00', 'André-Chavanne n°4', 'CERN 1', '', 0),
(63, 2, 1, '2014-11-18', '20:50:00', 'Vuillonnex', 'Geneva Pirates', '', 0),
(64, 0, 0, '2014-11-20', '20:00:00', 'Sismondi', '', '', 0),
(65, 1, 1, '2014-11-24', '20:00:00', 'Sismondi', '', '', 0),
(66, 1, 1, '2014-11-27', '20:00:00', 'Sismondi', 'Drink Team', '', 0),
(67, 0, 0, '2014-12-01', '20:00:00', 'Sismondi', '', '', 0),
(68, 1, 1, '2014-12-02', '20:50:00', 'Jean-Piaget', 'Eurotex 1', '', 0),
(69, 2, 1, '2014-12-04', '20:00:00', 'Sismondi', 'Les Magics', '', 0),
(70, 0, 0, '2014-12-08', '20:00:00', 'Sismondi', '', '', 0),
(71, 2, 1, '2014-12-09', '20:00:00', 'Vuillonnex', 'No Star', '', 0),
(72, 1, 1, '2014-12-11', '20:00:00', 'Sismondi', 'Spiders', '', 0),
(73, 0, 0, '2014-12-15', '20:00:00', 'Sismondi', '', '', 0),
(74, 2, 1, '2014-12-16', '20:00:00', 'Vuillonnex', 'Phacochers', '', 0),
(75, 1, 1, '2014-12-17', '20:50:00', 'Montbrillant', 'Geneva Groundhogs', '', 0),
(76, 0, 0, '2014-12-18', '20:00:00', 'Sismondi', '', '', 0),
(77, 1, 1, '2014-12-14', '20:00:00', '', '', '', 0),
(78, 0, 0, '2014-12-17', '20:00:00', '', '', '', 0),
(79, 0, 0, '2015-01-05', '20:00:00', 'Sismondi ', '', '', 0),
(80, 0, 0, '2015-01-12', '20:00:00', 'Sismondi ', '', '', 0),
(81, 1, 1, '2015-01-15', '20:00:00', 'Sismondi ', 'Geneva WaterJets', '', 0),
(82, 2, 1, '2015-01-09', '20:00:00', 'Cayla', 'Status Genève Ville ', '', 0),
(83, 2, 1, '2015-01-15', '20:50:00', 'Sismondi ', 'Services Industriels', '', 0),
(84, 0, 0, '2015-01-08', '20:00:00', '', '', '', 0),
(85, 0, 0, '2015-01-19', '20:00:00', 'Sismondi', '', '', 0),
(86, 2, 1, '2015-01-20', '20:00:00', 'Avanchets¨-Jura', 'Ball Busters', '', 0),
(87, 1, 1, '2015-01-22', '19:50:00', 'André-Chavanne n°1', 'JP Morgan', 'ATTENTION! 19h50', 0),
(88, 0, 0, '2015-01-26', '20:00:00', 'Sismondi', '', '', 0),
(89, 1, 1, '2015-01-29', '20:00:00', 'Sismondi', 'La Teamance', '', 0),
(90, 2, 1, '2015-01-29', '19:00:00', 'André-Chavanne n°1', 'Carr. du Rondeau BBC', '', 0),
(91, 0, 0, '2015-02-02', '20:00:00', 'Sismondi', '', '', 0),
(92, 1, 1, '2015-02-05', '20:50:00', 'Jean Piaget ', 'Procter et Gamble', 'Attention déplacé à Jean Piaget ! ', 0),
(93, 2, 1, '2015-02-05', '20:00:00', 'Jean Piaget ', 'Eurotex 2', 'Attention match déplacé à Jean Piaget ', 0),
(94, 0, 0, '2015-01-15', '20:00:00', '', '', '', 0),
(95, 0, 0, '2015-02-16', '20:00:00', 'Sismondi', '', '', 1),
(96, 1, 1, '2015-02-20', '20:10:00', 'Lully', 'ALC Bernex', '', 0),
(97, 2, 1, '2015-02-20', '21:00:00', 'Lully', 'Fast ', '', 0),
(98, 0, 0, '2015-02-23', '20:00:00', 'Sismondi', '', '', 0),
(99, 1, 1, '2015-02-26', '20:00:00', 'Sismondi', 'Best-Boys', '', 0),
(100, 2, 1, '2015-02-27', '20:00:00', 'Cayla', 'Petit-Saconnex Peacocks', '', 0),
(101, 0, 0, '2015-03-02', '20:00:00', 'Sismondi', '', '', 0),
(102, 2, 1, '2015-03-05', '20:00:00', 'Sismondi', 'Geneva Pirates', '', 0),
(103, 1, 1, '2015-03-05', '20:50:00', 'Sismondi', 'CERN 1', '', 0),
(104, 0, 0, '2015-02-19', '20:00:00', 'Sismondi', '', '', 0),
(105, 0, 0, '2015-03-09', '20:00:00', 'Sismondi ', '', '', 0),
(106, 1, 1, '2015-03-12', '20:50:00', 'Drize', 'Drink Team', '', 0),
(107, 0, 0, '2015-03-16', '20:00:00', 'Sismondi', '', '', 0),
(108, 1, 1, '2015-03-19', '20:00:00', 'Sismondi', 'Eurotex 1', '', 0),
(109, 2, 1, '2015-03-19', '19:50:00', 'André-Chavanne no.1', 'Les Magics', '', 0),
(110, 1, 1, '2015-03-23', '20:40:00', 'Saussure', 'Spiders', '', 0),
(111, 2, 0, '2015-03-23', '20:00:00', 'Sismondi', '', '', 0),
(112, 2, 1, '2015-03-26', '20:00:00', 'Sismondi', 'No Star', '', 0),
(113, 1, 1, '2015-03-30', '19:00:00', 'Saussure ', 'Best Boys ', '', 0),
(114, 0, 0, '2015-04-13', '20:00:00', 'Sismondi', '', '', 0),
(115, 1, 1, '2015-04-16', '20:00:00', 'Sismondi ', 'Procter and Gamble', '', 0),
(116, 0, 0, '2015-04-20', '20:00:00', 'Sismondi', '', '', 0),
(117, 0, 0, '2015-04-27', '20:00:00', 'Sismondi', '', '', 0),
(118, 1, 1, '2015-04-23', '20:00:00', 'Sismondi', 'Procter and Gamble', '', 0),
(119, 1, 1, '2015-04-30', '20:00:00', 'Sismondi', 'Procter and Gamble', '', 0),
(120, 0, 0, '2015-05-04', '20:00:00', 'Sismondi', '', '', 0),
(121, 2, 1, '2015-05-07', '20:00:00', 'Sismondi', 'Ball Busters', '', 0),
(122, 1, 1, '2015-05-07', '19:50:00', 'André-Chavanne ', 'JP Morgan ', '', 0),
(123, 1, 1, '2015-05-11', '20:40:00', 'Saussure ', 'JP Morgan ', '', 0),
(124, 0, 0, '2015-05-18', '20:00:00', 'Sismondi ', '', '', 0),
(125, 2, 0, '2015-05-11', '20:00:00', 'Sismondi ', '', 'L''équipe 1 joue un match ', 0),
(126, 1, 1, '2015-05-21', '19:50:00', 'André Chavanne no 1', 'JP Morgan ', '', 0),
(127, 0, 0, '2015-06-01', '20:00:00', 'Sismondi', '', '', 0),
(128, 2, 1, '2015-05-28', '20:50:00', 'Sismondi', 'Ball Busters', '', 0),
(129, 2, 1, '2015-06-04', '20:00:00', 'Sismondi', 'Ball Busters', '', 0),
(130, 1, 1, '2015-06-02', '20:50:00', 'André-Chavanne 4', '', '', 0),
(131, 1, 0, '2015-06-08', '20:00:00', 'Sismondi', '', '', 0),
(132, 2, 1, '2015-06-08', '20:40:00', 'Saussure', 'Ball Busters', '', 0),
(133, 0, 0, '2015-06-15', '20:00:00', 'Sismondi', '', '', 0),
(134, 1, 1, '2015-06-11', '20:50:00', 'Sismondi', '', '', 0),
(135, 1, 1, '2015-06-16', '20:50:00', 'André-Chavanne no°4', 'Geneva WaterJets', '', 0),
(136, 1, 1, '2015-06-18', '20:50:00', 'Sismondi', 'Geneva WaterJets', '', 0),
(137, 0, 0, '2015-08-31', '20:00:00', 'Sismondi', '', '', 0),
(138, 1, 1, '2015-09-03', '20:00:00', 'Sismondi', 'Firmenich', '', 0),
(139, 2, 1, '2015-09-01', '20:00:00', 'Chavanne 4', 'CERN 2', '', 0),
(140, 0, 0, '2015-09-07', '20:00:00', 'Sismondi', '', '', 0),
(141, 0, 0, '2015-09-14', '20:00:00', 'Sismondi', '', '', 0),
(142, 1, 1, '2015-09-17', '20:50:00', 'Sismondi', 'Dip Impact', '', 0),
(143, 2, 1, '2015-09-17', '20:00:00', 'Sismondi', '12 Monkeys BBC', '', 0),
(144, 0, 0, '2015-09-21', '20:00:00', 'Sismondi', '', '', 0),
(145, 1, 1, '2015-09-24', '20:00:00', 'Sismondi', 'JP Morgan', '', 0),
(146, 2, 1, '2015-09-23', '19:50:00', 'Anières', 'Anières BC', '', 0),
(147, 0, 0, '2015-09-28', '20:00:00', 'Sismondi', '', '', 0),
(148, 1, 1, '2015-09-29', '20:00:00', 'Chavanne 4', 'CERN 1', '', 0),
(149, 2, 1, '2015-10-01', '20:00:00', 'Sismondi', 'Hoops', '', 0),
(150, 0, 0, '2015-10-05', '20:00:00', 'Sismondi', '', '', 0),
(151, 1, 1, '2015-10-08', '20:00:00', 'Sismondi', 'Y.A.K', '', 0),
(152, 2, 1, '2015-10-07', '20:40:00', 'Anières', 'Geneva Owls', '', 0),
(153, 0, 0, '2015-10-12', '20:00:00', 'Sismondi', '', '', 0),
(154, 0, 0, '2015-10-19', '20:00:00', 'Sismondi', '', '', 10),
(155, 0, 0, '2015-10-26', '20:00:00', 'Sismondi', '', '', 0),
(156, 0, 0, '2015-11-02', '20:00:00', 'Sismondi', '', '', 0),
(157, 0, 0, '2015-11-30', '20:00:00', 'Sismondi', '', '', 0),
(158, 1, 1, '2015-11-25', '20:50:00', 'Montbrillant (C.O.)', 'Best Boys', '', 0),
(159, 1, 1, '2015-10-15', '20:50:00', 'Sismondi', 'Geneva Waterjets', '', 0),
(160, 1, 1, '2015-10-27', '20:00:00', 'Jean Piaget', 'Eurotex', '', 0),
(161, 1, 1, '2015-11-05', '20:00:00', 'Sismondi', 'Procter', '', 0),
(162, 1, 1, '2015-11-13', '20:10:00', 'Lully', 'ALC Bernex', '', 0),
(163, 1, 1, '2015-11-19', '20:00:00', 'Sismondi', 'Geneva Groundhogs', '', 0),
(164, 0, 0, '2015-11-09', '20:00:00', 'Sismondi', '', '', 0),
(165, 1, 0, '2015-11-16', '20:00:00', 'Sismondi', '', '', 0),
(166, 0, 0, '2015-11-23', '20:00:00', 'Sismondi', '', '', 0),
(167, 2, 1, '2015-10-15', '20:00:00', 'Sismondi', 'Petit-Saconnex Peacocks', '', 0),
(168, 2, 1, '2015-10-30', '20:50:00', 'Genêts', 'Geneva Pirates', '', 0),
(169, 2, 1, '2015-11-06', '20:00:00', 'Cayla', 'Satus', '', 0),
(170, 2, 1, '2015-11-12', '20:00:00', 'Sismondi', 'Ball Busters', '', 0),
(171, 2, 1, '2015-11-16', '20:00:00', 'Vuillonnex', 'Rolex', '', 0),
(172, 2, 1, '2015-11-26', '20:00:00', 'Sismondi', 'Caterpillar', '', 0);

-- --------------------------------------------------------

--
-- Structure de la table `forum`
--

DROP TABLE IF EXISTS `forum`;
CREATE TABLE IF NOT EXISTS `forum` (
  `id` int(11) NOT NULL AUTO_INCREMENT,
  `event` int(11) NOT NULL DEFAULT '0',
  `team` int(11) NOT NULL,
  `name` text NOT NULL,
  `hide` int(11) NOT NULL DEFAULT '0',
  PRIMARY KEY (`id`)
) ENGINE=InnoDB  DEFAULT CHARSET=utf8 AUTO_INCREMENT=178 ;

--
-- Contenu de la table `forum`
--

INSERT INTO `forum` (`id`, `event`, `team`, `name`, `hide`) VALUES
(1, 0, 0, 'Fireworks (complet)', 0),
(2, 0, 0, 'Fêtes/Soirées Fireworks', 0),
(3, 0, 1, 'Fireworks 1', 0),
(4, 0, 2, 'Fireworks 2', 0),
(5, 1, 1, 'Coupe 2014-02-13', 0),
(6, 2, 0, 'Entraînement 2014-03-03', 0),
(7, 3, 0, 'Entraînement 2014-03-10', 0),
(8, 4, 0, 'Entraînement 2014-03-24', 0),
(9, 5, 2, 'Championnat 2014-03-20', 0),
(10, 6, 2, 'Championnat 2014-04-04', 0),
(11, 7, 2, 'Challenge 2014-04-10', 0),
(12, 8, 1, 'Championnat 2014-03-27', 0),
(13, 9, 0, 'Entraînement 2014-03-31', 0),
(14, 10, 1, 'Championnat 2014-04-03', 0),
(15, 11, 2, 'Entraînement 2014-04-07', 0),
(16, 12, 1, 'Challenge 2014-04-07', 0),
(17, 13, 0, 'Entraînement 2014-04-14', 0),
(18, 14, 2, 'Championnat 2014-05-15', 0),
(19, 15, 2, 'Championnat 2014-05-22', 0),
(20, 16, 2, 'Championnat 2014-03-27', 0),
(21, 0, 0, 'Bugs & Améliorations', 0),
(22, 17, 0, 'Entraînement 2014-04-21', 0),
(23, 18, 1, 'Championnat 2014-05-01', 1),
(24, 19, 0, 'Entraînement 2014-05-05', 0),
(25, 20, 1, 'Challenge 2014-05-08', 0),
(26, 21, 1, 'Championnat 2014-05-12', 0),
(27, 22, 1, 'Challenge 2014-05-15', 0),
(28, 23, 2, 'Entraînement 2014-05-12', 0),
(29, 24, 1, 'Championnat 2014-05-20', 0),
(30, 25, 0, 'Entraînement 2014-05-19', 0),
(31, 26, 0, 'Entraînement 2014-05-26', 0),
(32, 27, 1, 'Challenge 2014-06-03', 0),
(33, 28, 0, 'Entraînement 2014-06-02', 0),
(34, 29, 0, 'Entraînement 2014-06-09', 0),
(35, 30, 0, 'Entraînement 2014-09-01', 0),
(36, 31, 0, 'Entraînement 2014-09-04', 0),
(37, 32, 0, 'Entraînement 2014-09-08', 0),
(38, 33, 2, 'Championnat 2014-09-09', 0),
(39, 34, 0, 'Entraînement 2014-09-11', 1),
(40, 35, 0, 'Entraînement 2014-09-15', 0),
(41, 36, 2, 'Championnat 2014-09-18', 0),
(42, 37, 1, 'Championnat 2014-09-18', 0),
(43, 38, 0, 'Entraînement 2014-09-22', 0),
(44, 39, 2, 'Championnat 2014-09-23', 0),
(45, 40, 0, 'Entraînement 2014-09-25', 0),
(46, 41, 1, 'Championnat 2014-09-26', 0),
(47, 42, 0, 'Entraînement 2014-09-29', 0),
(48, 43, 1, 'Championnat 2014-10-02', 0),
(49, 44, 2, 'Championnat 2014-10-02', 0),
(50, 45, 0, 'Entraînement 2014-10-06', 0),
(51, 46, 2, 'Championnat 2014-10-09', 0),
(52, 47, 0, 'Championnat 2014-10-09', 0),
(53, 48, 0, 'Entraînement 2014-10-13', 0),
(54, 49, 2, 'Championnat 2014-10-14', 0),
(55, 50, 1, 'Championnat 2014-10-16', 0),
(56, 51, 0, 'Entraînement 2014-10-27', 0),
(57, 52, 1, 'Coupe 2014-10-30', 0),
(58, 53, 2, 'Coupe 2014-10-30', 0),
(59, 54, 1, 'Entraînement 2014-11-03', 0),
(60, 55, 2, 'Championnat 2014-11-03', 0),
(61, 56, 0, 'Entraînement 2014-11-06', 1),
(62, 57, 1, 'Championnat 2014-11-06', 0),
(63, 58, 0, 'Entraînement 2014-11-10', 0),
(64, 59, 2, 'Championnat 2014-11-13', 0),
(65, 60, 1, 'Championnat 2014-11-13', 0),
(66, 61, 0, 'Championnat 2014-11-17', 0),
(67, 62, 1, 'Championnat 2014-11-18', 0),
(68, 63, 2, 'Championnat 2014-11-18', 0),
(69, 64, 0, 'Entraînement 2014-11-20', 0),
(70, 65, 1, 'Championnat 2014-11-24', 0),
(71, 66, 1, 'Championnat 2014-11-27', 0),
(72, 67, 0, 'Entraînement 2014-12-01', 0),
(73, 68, 1, 'Championnat 2014-12-02', 0),
(74, 69, 2, 'Championnat 2014-12-04', 0),
(75, 70, 0, 'Entraînement 2014-12-08', 0),
(76, 71, 2, 'Championnat 2014-12-09', 0),
(77, 72, 1, 'Championnat 2014-12-11', 0),
(78, 73, 0, 'Entraînement 2014-12-15', 0),
(79, 74, 2, 'Championnat 2014-12-16', 0),
(80, 75, 1, 'Championnat 2014-12-17', 0),
(81, 76, 0, 'Entraînement 2014-12-18', 0),
(82, 77, 1, 'Championnat 2014-12-14', 0),
(83, 78, 0, 'Entraînement 2014-12-17', 0),
(84, 79, 0, 'Entraînement 2015-01-05', 0),
(85, 80, 0, 'Entraînement 2015-01-12', 0),
(86, 81, 1, 'Championnat 2015-01-15', 0),
(87, 82, 2, 'Championnat 2015-01-09', 0),
(88, 83, 2, 'Championnat 2015-01-15', 0),
(89, 84, 0, 'Entraînement 2015-01-08', 0),
(90, 85, 0, 'Entraînement 2015-01-19', 0),
(91, 86, 2, 'Championnat 2015-01-20', 0),
(92, 87, 1, 'Championnat 2015-01-22', 0),
(93, 88, 0, 'Entraînement 2015-01-26', 0),
(94, 89, 1, 'Championnat 2015-01-29', 0),
(95, 90, 2, 'Championnat 2015-01-29', 0),
(96, 91, 0, 'Entraînement 2015-02-02', 0),
(97, 92, 1, 'Championnat 2015-02-05', 0),
(98, 93, 2, 'Championnat 2015-02-05', 0),
(99, 94, 0, 'Entraînement 2015-01-15', 0),
(100, 95, 0, 'Entraînement 2015-02-16', 1),
(101, 96, 1, 'Championnat 2015-02-20', 0),
(102, 97, 2, 'Championnat 2015-02-20', 0),
(103, 98, 0, 'Entraînement 2015-02-23', 0),
(104, 99, 1, 'Championnat 2015-02-26', 0),
(105, 100, 2, 'Championnat 2015-02-27', 0),
(106, 101, 0, 'Entraînement 2015-03-02', 0),
(107, 102, 2, 'Championnat 2015-03-05', 0),
(108, 103, 1, 'Championnat 2015-03-05', 0),
(109, 104, 0, 'Entraînement 2015-02-19', 0),
(110, 105, 0, 'Entraînement 2015-03-09', 0),
(111, 106, 1, 'Championnat 2015-03-12', 0),
(112, 107, 0, 'Entraînement 2015-03-16', 0),
(113, 108, 1, 'Championnat 2015-03-19', 0),
(114, 109, 2, 'Championnat 2015-03-19', 0),
(115, 110, 1, 'Championnat 2015-03-23', 0),
(116, 111, 2, 'Entraînement 2015-03-23', 0),
(117, 112, 2, 'Championnat 2015-03-26', 0),
(118, 113, 1, 'Championnat 2015-03-30', 0),
(119, 114, 0, 'Entraînement 2015-04-13', 0),
(120, 115, 1, 'Championnat 2015-04-16', 0),
(121, 116, 0, 'Entraînement 2015-04-20', 0),
(122, 117, 0, 'Entraînement 2015-04-27', 0),
(123, 118, 1, 'Championnat 2015-04-23', 0),
(124, 119, 1, 'Championnat 2015-04-30', 0),
(125, 120, 0, 'Entraînement 2015-05-04', 0),
(126, 121, 2, 'Championnat 2015-05-07', 0),
(127, 122, 1, 'Championnat 2015-05-07', 0),
(128, 123, 1, 'Championnat 2015-05-11', 0),
(129, 124, 0, 'Entraînement 2015-05-18', 0),
(130, 125, 2, 'Entraînement 2015-05-11', 0),
(131, 126, 1, 'Championnat 2015-05-21', 0),
(132, 127, 0, 'Entraînement 2015-06-01', 0),
(133, 128, 2, 'Championnat 2015-05-28', 0),
(134, 129, 2, 'Championnat 2015-06-04', 0),
(135, 130, 1, 'Championnat 2015-06-02', 0),
(136, 131, 1, 'Entraînement 2015-06-08', 0),
(137, 132, 2, 'Championnat 2015-06-08', 0),
(138, 133, 0, 'Entraînement 2015-06-15', 0),
(139, 134, 1, 'Championnat 2015-06-11', 0),
(140, 135, 1, 'Championnat 2015-06-16', 0),
(141, 136, 1, 'Championnat 2015-06-18', 0),
(142, 137, 0, 'Entraînement 2015-08-31', 0),
(143, 138, 1, 'Championnat 2015-09-03', 0),
(144, 139, 2, 'Championnat 2015-09-01', 0),
(145, 140, 0, 'Entraînement 2015-09-07', 0),
(146, 141, 0, 'Entraînement 2015-09-14', 0),
(147, 142, 1, 'Championnat 2015-09-17', 0),
(148, 143, 2, 'Championnat 2015-09-17', 0),
(149, 144, 0, 'Entraînement 2015-09-21', 0),
(150, 145, 1, 'Championnat 2015-09-24', 0),
(151, 146, 2, 'Championnat 2015-09-23', 0),
(152, 147, 0, 'Entraînement 2015-09-28', 0),
(153, 148, 1, 'Championnat 2015-09-29', 0),
(154, 149, 2, 'Championnat 2015-10-01', 0),
(155, 150, 0, 'Entraînement 2015-10-05', 0),
(156, 151, 1, 'Championnat 2015-10-08', 0),
(157, 152, 2, 'Championnat 2015-10-07', 0),
(158, 153, 0, 'Entraînement 2015-10-12', 0),
(159, 154, 0, 'Entraînement 2015-10-19', 10),
(160, 155, 0, 'Entraînement 2015-10-26', 0),
(161, 156, 0, 'Entraînement 2015-11-02', 0),
(162, 157, 0, 'Entraînement 2015-11-30', 0),
(163, 158, 1, 'Championnat 2015-11-25', 0),
(164, 159, 1, 'Championnat 2015-10-15', 0),
(165, 160, 1, 'Championnat 2015-10-27', 0),
(166, 161, 1, 'Championnat 2015-11-05', 0),
(167, 162, 1, 'Championnat 2015-11-13', 0),
(168, 163, 1, 'Championnat 2015-11-19', 0),
(169, 164, 0, 'Entraînement 2015-11-09', 0),
(170, 165, 1, 'Entraînement 2015-11-16', 0),
(171, 166, 0, 'Entraînement 2015-11-23', 0),
(172, 167, 2, 'Championnat 2015-10-15', 0),
(173, 168, 2, 'Championnat 2015-10-30', 0),
(174, 169, 2, 'Championnat 2015-11-06', 0),
(175, 170, 2, 'Championnat 2015-11-12', 0),
(176, 171, 2, 'Championnat 2015-11-16', 0),
(177, 172, 2, 'Championnat 2015-11-26', 0);

-- --------------------------------------------------------

--
-- Structure de la table `info`
--

DROP TABLE IF EXISTS `info`;
CREATE TABLE IF NOT EXISTS `info` (
  `id` int(11) NOT NULL AUTO_INCREMENT,
  `player` int(11) NOT NULL,
  `team` int(11) NOT NULL,
  `state` int(11) NOT NULL,
  `cookie` text NOT NULL,
  PRIMARY KEY (`id`)
) ENGINE=MyISAM  DEFAULT CHARSET=latin1 AUTO_INCREMENT=1650 ;

--
-- Contenu de la table `info`
--

INSERT INTO `info` (`id`, `player`, `team`, `state`, `cookie`) VALUES
(1, 1, 1, 1, 'VXPk9HAr85h3dy7gDpZTzO8z7e7OmxyhvoBF6c6fhojuWqKAPKupzCZGR6vdE3uas6PyiVOzk74gxPRnzlN9YMQPSl3woyGREwqXrexMlB3TrUh0f4adQ03Jl6gKEXBj'),
(2, 1, 1, 2, 'nUuf9MGWXO8VHANvtZb6lxRLYQLuYw2mrwBAjiwg7FbOfZkJYwQk3H52yRwxoyTQ5vroNXFUDRJTR3CPAtaEbgGJ7dgwM9mSEOgsMWnpN6iEaVuKoEoAU5j2jAz5JWXo'),
(3, 1, 1, 2, 'kVlrMnzc1FS980149CRaYyuTwSZDL2v5XRwKe6XgMQqUQsZ05Ra3pEXWxWziY4nWWUHa1ErNvRImkHmpzwsYbqVImu0kzohvjYGlC8980SukAQK9md7yD3gZxhk7GCC0'),
(4, 0, 0, 0, '6uwS7fXkNyVPDQPeEnPYN7K67b7MYUO4plXxBUSotNe6E4kjraifh2lpetcco0hNmfkX9cmC0AJFF4Y6ehlwjHWxa8Kz92mvhGsrTO3UpNz4Syb7PxD9eAHpIrYRulnL'),
(5, 10, 1, 1, 'LBr7l6e0RQ5ecCg6YIYSGV1lcRwKCOIopavLgJM8ARmNtCTslSk2NmoZeVKQJtf8DKUUuG25xpS12MtoEOqrbPrpKbgtEvCigwcKdfPLEIMGuf484vAfk2E4dUySqabG'),
(6, 14, 1, 1, 'CJJhQowz6WiKFakxxCqkZXgELna6QmCs5mKVLgvRdOCTYWqwzQQyO7dzuoGlKiOQFyMqPhi26UW5RnBqdsZ2zdB4BiqmBecgNYGCgZFnTBsLY4bcwbf6oRb09BmKPz0C'),
(7, 23, 2, 0, 'JlOnSpX6bttGqI6pEiEm2kx44jrnFUIofwL7WJe7dHODqU34dHrg2Yk6hMtXGblVI72EQhM4ZAHpvKtIsUYuTjBb558LhuHZBJEs1qx01epxZTgrOfWIyxTDD2pUw6T8'),
(8, 2, 1, 1, 'x0SaeR3dIfRcibLgY9DFiAnxwYZDEsybsrmHipU1FLdYXZfV8SBrtYYZWXDAqbMSD9zWyuXegbcdar9jjKKMJJMGHph7B30ecAaL480ljcztDIMXtxKcgxSYX95yd5Nq'),
(9, 0, 0, 0, 'uOmg04Up1Op6nwIEI0qw95oTNCCkDvV8kholmiKo69vuGd8pezVoEjirWVMzrHHMZ57loRJu1eZIs77HH26lmpNikzRLhzxgEFC2xlxyAwg3EoLlqRHMhv5B5XnnwVDa'),
(10, 12, 1, 1, 'Afd7BLGciXfXl0jMS0y9wEKCB8Z73DiESwLuhsGzpWwKWPwOQ5YnKIZlRYtVCMzvikZAMG9cCGWzwtnmzmKj5JFWI8RkVqPdLPNyvXK7DHH9b5wLrg4w0KsJTk3OKT1w'),
(11, 0, 0, 0, 'IP5eMQmqy3AJ87vzoz5oky7dSb1D439NTf1G5n6DqHnyOT8dteBNMJ0EU2iY6sLZHNFNaMqBuOajHiwaw7YiQYXL1fJ7Hv6oiMbtzC43rfm9xTk40imRhkCizmqhSxGb'),
(12, 12, 0, 0, 'jSETvJWWYj6wcqAdJX50hIjR4J9XhP8AHNucwr9vKf1XFCbpzhpRZJI4sS1KHalpXPCugLZ111YHDa6crv3rfMvHExsmHNLECo8S98Ta9SSM2YZuu2VJPqruYTQFGCki'),
(13, 0, 1, 0, '0sbaA4lKXdwZbwuGyppoQQSOKItqkNJlgUvRZQBW38WfEqVdPlCGcuuWdYnyM6T21pU0fwWjFTykjux9PaP1EjYRhlq4rj6sI1tYxphcjQwCl4LaeBcTUaLcwbhXvnqe'),
(14, 15, 1, 1, 'pTcWju9CkGfFL1Q0C3UxeFKKR1Imp9AO3NLnhV0CBfhng8nTchqqXabObUbA3Mp6zauQ5usHJK40TsT5KkwHuHwGBIhFuGL3RgUXKmEu7Jv0bo6VICDdjaUVSbAmSmqK'),
(17, 13, 1, 1, 'cz1pioZj3nlaXd8327FlPS2vO1uIPE72d9rwyrPBOaMMoVQr2vMRoPndQRVGv2IIcaeKB4mqe8dD3346zQYYFlbwd6dI9Wrl6G6IKs9ZBmCFqGLZxKYd59JjfW1oTsK0'),
(15, 0, 0, 0, 'PUofwwCMXE71JQuLoNnOu2JHl6yC4lrUgQ9MmMzkqGlaxPVVDjK7ltPHznkEJLyZBILYukiV1E5zu1u7kffGI5nitHWctvb4eX3IilEj0KSuLnC6DSMlX9DqRACl6Opk'),
(16, 20, 2, 2, '4eReDc0tzXYwgF10M49vIG3ml4icAd8FsZU5cUyLSwi8bk8Yoit7YxtkCMwcZESrEMxRH5DzCWHOgQMF8gM7Ngrp2XC2Cuuhh18Y7LxJHfyY5kDeAqmoGONJLpLoUgFb'),
(18, 0, 0, 0, 'Da04bn4LVanHAOsZkUNIQ9GOwS6VqUG44H9g4d10ooHYdaXx5LgVUWJrPQmgK3kPKu6OI7P6vx5JH2gNNwIIts9ijwy4zTUkn0957YcDvhmdkD08aJRDc1WvxuA7ourM'),
(19, 0, 0, 0, 'uASCy4f4lCiGfjOp2F3fGZLdulkSQMEkmxWVBcZXOhD4AruD6xTNxF011lUR7zbt68pHkoE9GidgJHUQfNDMsEOtZIk7hwBnE05ZpJ851lmL3gBj4f6wTU0SCl0USBhx'),
(20, 1, 1, 2, 'IzuXSEtgosBlGjvVxpZ7HTUywKKDfkTXTnVM1p2qRELxYhtvHsDpmxXTiIwx2pvWNrIPQKfIp1gniJT0cwpz4ntm5ZU8pq4cRN2IyhqXiHkBqdBDK1cOoGbuF5D5wIio'),
(21, 0, 0, 0, 'vk73Cy0UflwFz8jj9w7yci2SoFXUngjTAqWdYX7djETSMcbWIjuUBxN0cKUA1euCEqPCoWPHBJznVLjE4OzGlmGy7B88PDKt4z6swVa7FKvAvOfACOgYbWwixFrnibQm'),
(22, 0, 0, 0, 'LWOhSZpxJU8fJnQmc6ko3QHBv8YNkO95LYmDYMbIGjXpHOMUU6jXW0ys8xfslpy7oVLmHW4ng2NYQzTKGcIDdh5mOlPaKnh8i3vZZzngCafsK8drlW4yd9U2vJdf7vop'),
(23, 16, 1, 1, 'yTpytMO5X3xIcL9xHe5Vo0XTKb9RGxhfrHNUuCZrFxaSikpZzvUXvSQg3Z7KxpZY6MSAoS24pdWIymI7RC4nvVDzVLjsajqh6jRucUzC7wkFT3NKFR7bMLKHw4aGnBYt'),
(24, 5, 1, 1, 'o5TZajoqYtWdLV8l35ln4bgnbkzwcBtBHmARFYhEreSd91zd7UBc6Rzhc9OpLh0sEAjkzBY1PReZSOcZJObPGL7SVViHdi9RTtcs4buU2JTVx6VgU76ASdtO9Lvm4FeX'),
(25, 8, 1, 1, '2ygQvkItjVD9YpIkBWiJ9ToSuv9H6cD8KUYffHIyDmIBLqWnme6w8vpD0yl6KYeuTdK8VtHyPp9BP6Ycl5IuA77BFsIqrWVkaFs589DYyNzoUxAfCiJdqRP6jxwLur5E'),
(30, 28, 2, 1, 'A7VXQmZsR0ehfSMvIeOieVwbLJq2Mn8mu3klpjNgk1xzUk5DzUWNPsZAbpCYNKkhNFDdYqujs2TnmY0WSWJIpIiA7UyUFTctzPGygbRIdK6AJ7wC3fktXC45xD0cxdG6'),
(26, 30, 1, 1, '0HHZDn9VIutaFznIeDgPoP0LnFt7Zqn0750Ls9GaE9kjJI2XliNJ7OvvtZCspZtx4tiwDYHh82BRKDP5WCP4qkzUkbnJbQgfjzMWyteHwPygtomp0curx3lRfIAqyRFR'),
(27, 11, 1, 0, 'qsOZW2GsSfJlD5LEif5PjqGy8hYH8Eyz7nz3pfwivfD8lpMEFStYi9wrqv8zaH9h4JluYRMt7qCtQp7vhBtzK01bv9LFRVXWEiqDad7iEJLu8TZputZft0rZacF18CXM'),
(31, 0, 0, 0, 'Qj94u2Ek74Gd4byzO9mCmzetm0THBenryww3zanGf4UkfsU4CgGZQVtdVmVxAiZ9PvcoGA4WEZgUraZ4rF3hAwvwSq3tI3CxzPVfp0b4ZsZrCYv3Dyle5QKYgOrZR4xq'),
(28, 1, 1, 2, 'FuMSy4SA1p9iXhFwVnIZykLrJJFFz7PfBB7aF0KHpUZmbFT72C7BWT2FCIlbQarsLyCryn9Yi9luOeBQQIrMBusddNp3XQvIp8aYwjWOshigwU7mDy9e2BsfoSjlIP48'),
(29, 21, 2, 1, 'Yf6uy2j0kChQwod9Xmo0YQfmIzIroNAm2GRAJaB3MTUjh7seuQesHuOq4xSslsPn8HYSRAVEtPXLXq0rheTYJIpNgigBK6YTNXLFxHj1xhMuHMWY1PXKynyOFPqqWpjK'),
(32, 11, 1, 0, 'TtGitSmtklVXjr0X0lb5cW3sKvsCzZ3stJKXC7qWsmTMNUKNfVSsRWVCrne0nisQ1dNDkeANAuAnokbEf36701KroZrMhUCj7pXsExge1QCqaN4qRaxRchjBgKnyFZRN'),
(33, 0, 0, 0, 'Mmzx4Lx2W1o5JoZWlf2RlBKpt06d1VLNillm6So2TN8Db8AwnCoId88H8eUaaGXs1jP8beb51jIdriKPV8x9hGQpVKz6rxztQoB2DN7E6QSy9Cn4KVd1C3rxO1DfzcIp'),
(34, 0, 0, 0, 'Bkse7zTeqMMzoaE85SaIWBfKDT0c6JCH34WbEQp4CbE0mi9saka6WpRzjRLpBo7Es4P6UebxqPyN8Hfj2pqYPhy89kyKIFpaKfhEtsbUiJHqrXKumascs0lCkTn2zMdj'),
(35, 0, 0, 0, 'U9nvVrFenj1QDf3mVUJybYSDEpRfHRzC1X7WoNbM6cCKrG6nAPVLOOptdgJU8jwagD7Frirxv4iXKokkeg625vwiMfdVyK5PocuPuWnZ0FXL4i5jycmEISWu8apGVvvj'),
(36, 11, 1, 1, 'RqvhaEO3xEtzKKDJY3Rwwk1e1JBDfur7UWo5Bd88SCICnmmlpeSWyUbzEMdUgE1bBqgcDplv138opuKOIDLhyWRdI47YJ89kyqwcQRHSVQhkk293FUkeQcrygzxZHHkg'),
(37, 15, 1, 1, '8PvQggZvmM3YDtAqLfa6vygr4jFSQrSYhoOyEO30B7ZeAzEmOPskoJMs2slTTeSaCHIhvLh6ShktRZQGOi1c1NF4f0X9ePkRw282Oq8HIsbzr1gfkhsm57rl8pvnePfL'),
(38, 4, 1, 0, '8CUolmDiXFFndfEuX9zwPuzTO70OTIG1kApFX2YUIDiVTWpR5ZnVuXPi5P6ZyN0Soqxltvgb9y73vxUBwiw0gmjmcqlKdmDCMaXfGerQNyTi5OTC7qDnNWKZm5KAsnce'),
(39, 0, 0, 0, 'ZIJZ9rY5d1NFz1zXJPlA7QaPgMeS3822RM10d06r1U6BWGyFvUgDKrt1dITgQVjIHlJVlQmnLtYH9xnErDic4Ldit6zk1S2JdLFzC1WnvV4EssjT5B6amjtPq2asUcb8'),
(40, 0, 0, 0, 'YQIASEYnz222vlWBW2Mjlf9Lhjdbwpkvg268H4wg7yjCTfdQh0aDfjpwDDIa22Fi5MrMQX2XvlApBOgSOqv3KVAoyiyAleTq0kcRifPOBpeceu53VB7FwH440DElRyLS'),
(41, 1, 1, 2, 's69f8524T8V5GH9oMTR5H7Cp0qno30Gv7QLfWNkPVgUBX40KYRPFZr50RsoVt5rAVcQSZaHVqCwoGw8EoXknppnhSMdlREVNRMFRWnMmZjLGPTleRFCh5ZyXMLjDqfri'),
(42, 0, 0, 0, 'od76g9pGQshGB3ZZixKgGBnFYy1BZk6oyeuPnUvdmMUYQTY9rJp7kMNjlOUk90IIedxC72PuPKsFErP5aedv10PmPJHYJqGYEeALgqg6aJMOaBUlP7RQ8GdXpUW9lC7Z'),
(43, 1, 1, 2, 'WFi1WwwrfylTzaoHGUVuGUoTPmWbtxfpdyqa5XBlwXe58DNPyIkeDI7s53EyBUYOtpYynATTy8ZGMNvkwPy9yGCDKgclaaaEz9cWJ6QhfQY1Dtl9iUjQAVulcGGnQR1q'),
(44, 12, 1, 1, 'JDULlJXIvY7ylkobDPilH0ogKTvCQHOzlIlGrioWgvvCQTOtI6Pp7dGR6ctWTiwe0SVsbjosPU4FNT9w0YW7cDYjPsfJKMYLETdQcCi1wnHkgQRgONn0rmjgPz0AmYl1'),
(45, 28, 2, 1, 'oCocTlu2FYkzlBzbpH6isilnFaI3VJyjlWwei0hYZBylc7wCOCUhUgEArnDm6cGs9cGrdXqdzYyM54oTHiaCzPd0cRmi32KdfrFsp5FY3dK9i93ZrdC03P0gGnyKqjYF'),
(46, 0, 0, 0, 'LD7aJN9N0UWj3ZjvdVvgLwwsU5ckpa0aO8lxVvkWpgfsgzXtutKg0hIVnVgM5gXUojrkOMhd2wGj6ENA8xR9Pz5culZACWu1gWl4ICiL9Y4fDRQLpHVeh0qMlqmYnRZD'),
(47, 0, 0, 0, 'nXj2DtsBIG6xzCwI51SBJDsSZq19vpPSm9U0DnCm4ITDkqlqse2cRv4RV60rvQjR0eSEBu0FdUiylEYNS10Kw4BsaCTGtcytqq82V8H820GoEFbxGchdgTFrwy7ZLFtc'),
(48, 5, 1, 1, 'asSG6nLjmwONMOus0FQlClaXZp0tiqYsSQ9ZeUjBr8odWSGXxwiaSt8RS8kazjDraNqoIKZ9SomPg2MOz5Zrz7jrgDCPWgg73HvLsuVkSha9kWYU2YlB6E3miGcfXtm0'),
(49, 1, 1, 2, 'KGw51kTeGSdBerpoHMfoW28OwvOp4atPR0VSlP61HkCWM1ktNASJD0xawlzBw2qn3mfobmpSH1Ot29XQKPznQ7xmt6Y09pncLDAW00OH1Da4M8UwXuUOCrb6y96IytVj'),
(50, 0, 0, 0, 'bElMcOoC8eLSSpShtL7DF6WChQYiaIdlny8znwcvLYoEngVR13vH9rkriiKt1XPpvXZSubngaLUy2Qq3TVL3m5vFof8pcYOIVOAqZYGaKBIMr8Ql3CpqHU559evlck38'),
(51, 20, 2, 2, 'Mq6mRNeE5vVCpKqPOGKhabTkGHphrDed4kAV7OzdkuQKfhz3Xjk8vdtcUSumvIAA2awaZ5okAf4QwDUuXeCts6GnYaKuTk4VvA6vGvPhKU8hy2LvhoZJvF7tQSXJd2FI'),
(52, 0, 0, 0, 'xOMSjUfcW9rIyVEL4w1v9Jyf1g6LJz8hnVaGPpSMzku7g8SkFUQPDp4FFbrpKzH7vRNkhG6Q0BXgKQBpLsfpSj4xvvXf5FmBwaVNQ2DQDB7nrJNdb2C3mGBRcz7ietTK'),
(53, 18, 2, 1, 'EPyuSclwNsTfcHsnJ4r6L3XYC5gRyaCc0aHSm2oavipHZR5JWwPHzNGcSX3r7GE8Ql0doonTHMAGEGqAcgiM4YZWV3o3J2bzocNMBaGiXhZBXpcaFvWJtWGpZ4tI7Fiw'),
(54, 0, 0, 0, 'R5isgZKdgJOd91nPwky0gfpgkTYsyhYpmhSDgCQwmFKwG8lctUcJ9C0tvYV3fUtCblfrY6YlLJRsRcEk6R4gt4JZ2F3iAwVLSbdQicc3V3vMga6m1bCvfmvi2yBC5xoX'),
(55, 0, 0, 0, 'zFG9CbBZQ1lrn9605RiJaSzVfjLrPC4piLzVWaUNcfeApkBvcTemMOi173tXGynZjWUg7O3j4hUuCvZOpebb2tcawG8dfvcyr6OzVST09NuMiuAIILTKf6VMM3Z2ybA0'),
(56, 0, 0, 0, 'ipzeisesgIeydOhVAaGPgBB3FA5dMGe56OjohxQxg46tTnptx5jOHUSnvYAiFPnLDH9Ue0sv4yZYWoruuKicFbzbaatPZQBDxLyML0iQzhOvFgZa1imHuWSE6lu6c5JK'),
(57, 0, 0, 0, 'MtyJTgIaQRhw1ZQIViMxmmX5Jji4zkPlOn5IDOSuGa0HaRq5acDwzBCiUVntgcP4zVNdJFHpQI70Ay6KLKhklTDfP0J5czaMuXZeCHEtpLuZjBK4l1pGV2WK2FPfe01J'),
(58, 0, 0, 0, 'X1XAIB38ny8H9TLvUbbQd8AgNqw2qyMnzJXil1rIzApJtbenmpdAyORmfnoFVb3vU1Ng2fYCPoliAAGWZTxyIoUXMiDItHdoI1ELgDo51KnCk3ykX6SGvMEh5h0zYdXH'),
(59, 0, 0, 0, 'eCsvfRAhBYTV2sf0z7G4UkmZCmyBAviO8LjoCUGdSA9V3oVCwCHqX4pzqYa0ttPCe90Q4G4WgdSjCOW9qDAnH0X8Y89sBZ4P84GcKK91Y2lBQhKgUkEClCKjKULlTPb1'),
(60, 0, 0, 0, 'UReFCoGBq1cgjXxdibQDNBWyvIUoy5qsXF7A3ObuQoK9lhnEtehhPeQkWKIvQ9XNO5oSUAmLY7VkojYSxfamu0HrKqWBzUpo0NgUnCGmJBG8VF1sVbPpcwQXXNywHXVI'),
(61, 12, 1, 1, '85lFMshUBQMwj7QaH2VG3gmTHkwV0Xd92zPP17KDXw9gD0rl2n26DpZkJvfKttTw3Jm5Q6JNCS4gSvCVSE1w30QNw6y0AswEbSJ1YsPBlTSepu9i8bOcbF0ILyIm0e0b'),
(62, 0, 0, 0, 'Z28H8DU4Bqhy2SdjGaxk2F25Cz6ISVARYIz6mtbXUtwXmJg2UNnWtp16Y8PQ3pI18h8uLjsGNYD9ITbCHzybYAhXI7OMxxOFOW9AgCg4ATdjNpVuYuFX5XUO5JACgph5'),
(63, 0, 0, 0, 'lrFC4WGEQUYDjT8hnOftLahQTRtagKfCcVfgSWVIQTm9NuraiHE4RVVLMoV38aGl5VCXRxGIq2SdwjoP12TSXODKcyOlJuHOpjMhQtZhvRv2bURcXL4VAIGMhu80YPPn'),
(64, 10, 1, 1, '9CFZ5EhAvNDGHvTFgXAQGgDXLMYJCN7LpMLuq35WQIDydwduuNla4Z8PM6zoUGajsVOTZTQPCtnQZAltoGEtGNisTRROy171XWVWPLMse9jeKEI8lmB1aUu3MlRkmZmk'),
(65, 0, 0, 0, 'HTFdPYEHdPy5hunYB7odLWRZcxotP8Aw1gJReozrd7xuCVtd2SrNOjN1QbuFk5cmlVdzkN1xUy2xtwKwobjdv6eliI1DNdZ99cIuZJ1Uh4rLAchZoAcTHqf09gDXuC6E'),
(66, 0, 2, 1, 'Y3Gnz3l7iF2w0Bbze3Kby01F3z93wtdvwTT6XedgTgMUSXu71fjzfkfiTomqSzVotOvq3IHXZtSRrmYsBh2RCh9vGwVy5RXyFsZJaGGaay1BV03xi6oUnxp44lC9dAIT'),
(67, 0, 0, 0, '2ICdpjnzRobNpfkHlIBJg1NknquA0dt2V5floDUg264rlo8H6JqnLeH8EcIEpbGkhWGGAAXCH133pcKwVaUHpBP3NxHdJoy1keHUPExwFAz5MjCIuwqT8fWWNE9x2Hyn'),
(68, 0, 0, 0, 'VfiKUPhAqQGdaiWEPmyYCvUp93XcLvzHLSrFHIf8zVlJeio4EW2hsWHC0EOM9ntVfVAXEQ5dMrW0Jl5oi7FK4mm41bRbzk6PfHMUxS7kk4l4pqsIx8sBvPGw1xHASOp8'),
(69, 0, 0, 0, 'vc2359npeIuE8WmG5PhBFY8GwQgpEGxaSAdXKAnYiRCrOZ7UOpvuoDaUtrj87RiZrvXb5laodNP1MXVBmr5K5gFyHZGOQZOiuMuA8EYlsOmeMiQ9KWTPczoUy5Jp4yIy'),
(70, 0, 0, 0, 'kc9sR8NjWayJtoSdlM3xlrsUxbkBJ2a4fjx6rkqovY7ZnZcILgg7HJ1eUlQEo0IEjfLLAb95ag4yghg2xx9fgbubxkPVkxzEMkpnwysGPxe5Pv7m3hCks6vZqlVLSvpF'),
(71, 0, 0, 0, 'PP2mnv3d3iiSOqfSHRcaYI9o35aVAzBqoDMM9QZc8i5WJkOrc1BaJLzMQJIrijRHXEu7uukCMpzwJoXWpz68kFVboEDHYupW9U3DongaNQGweEtEdzMyfIJEmmlkRLg1'),
(72, 18, 1, 2, 'PL4A0C9vMnyJlh8rzbfNjZ7V4OHoX6RMRVmSyvnlTV5eddGNpWBIVIE0xlousfgjbCbK8z51vagIoWvNS6vNP9NmvcQYs7hEKtoS2tUxEag26MQZSlNIvB41NVZg2hUN'),
(73, 0, 0, 0, 'KiFNMzkqKBtRnjQgFDYbe3d2Yci1ucOevu1h4mIOXcFkwvAb9znnCApBNIDhUswpWyH0UpPSBud80Ok9nHwZiWA6EeozGUZCsGDn6sfIWsQWha6ESDEazfhetFN9zML2'),
(74, 0, 0, 0, 'tppzRFiO88LpiR3buHl3XCiqh5zRSlTmKjWCZeq7mbwF2AQwicAfPSF7YfYRASdlc9XboniLyPqAqh7IuHYjADqzTpqthEOuOLFc8YXHNoidGpWa7UtIyUhrjHVBmJ5b'),
(75, 0, 0, 0, 'vLnEJllxKDLq3HAbC4TbYaCiSyTfiZqNKOrt9N0UrLkvtVG5ZzgYKTgDraSJ9ixT6YngMnad9vICqpIqYZpJSFmkQe4ZxBSEAgVmD5ANBjq1I8sG7Rq0wMkm1pmy0fdA'),
(76, 0, 0, 0, 'v8W9exWPQmQyvjfDaFDHsY4tnq2nFgYboVkDsgsiDjR8C7MMNpufoyJMYMaE28Pr394wqxP4QHdtOZgBpKRNiBAgnKVqTLSWUXtluiplZDONC4p1PhO7Spog9jG24zZZ'),
(77, 1, 1, 2, '1604lkobu6tL9Hzq80eAUgQqi1L8rBptHqy3LWef2H1bpBBxBQ7v6XWoZHwriWU0ns38oior0pCp0eWC447a24z1L5s42m5pO9ydrWErmhQnwNZBR7MUblVXqo2tL8Sz'),
(78, 0, 0, 0, 'z5LS3oGMqhtukI0fJ1dbPOmqcD839vZJBKBF9hsAzV4TD48m5lyVaUmmxupGZppAa1fjiHTRCYKg3TC8ea4o5qLCUbjTAItKJJ42qYU3WEj0xV8M6dbbDWOx87rJQUtA'),
(79, 0, 0, 0, 'EyC4ww7tbrtJnCwtPHFsEu0MBrwsmZ20yF54cdyoE171EDvtlaW0FWNhojJKjMLRsQWE3u3HwaJaOeDapAa4wXlUg5FASqrkgnZkS22ocLz1ZcbpNmujkQeBVTbNjC7A'),
(80, 0, 0, 0, 'cECx4w5S2oWuinsPPoc13cIwd3HFbqjo4WW9t11vqYZJlsybRKcUXVrbY8QayayD6uNzwO5XN5G9xekoZxjWsL8rUYCt8b6fGTPcIUaw0QFy50X4xg1029sW84phfwwV'),
(81, 0, 0, 0, 'uM1svMYcO4zy2jCtleveRiAYqn15DPV7CWA7IyjxCS5EcI8xXDMOVnNmKOsnDnvgk5n3EHAgzGVLp3jmG5aCsYZdMrAqP6G9c3cQKN7kt26S5peMvppYnobaPMAFShO5'),
(82, 0, 0, 0, 'l1V6O2ri4xbaXqXtQmreLCoBpZgig4nC6iIVl9dpHoAEOy8FVzTGchhBgyTxDh9JzSEU1SkIhVn6tvLo4E5hVmTcUNKx4UhDMVyNOSw5OTbhoWFtAKKw7EJ2rtAvnR99'),
(83, 0, 0, 0, 'NHXBAtHonSGLOmfp7ZVeEEh58RAvJKFxrD927QruJ7fyuvXBvTQ9y7eGZPcJzSg1vp3Cgv7ZDmx7SuJnozwWHKDGzPp8IF9d5dQlJXknkSvcneALN6IuQlbqbAzUgJ8m'),
(84, 0, 0, 0, 'WYHGW23hVyuiN44BaM618hrjS0e8JmuGkcnhfqyaZ3tN7xohjujrLKLDLZMulhbGuyYJZwUZznMHUaZeEiFq3r4OrQjM8utC3rm2Yh1yEOfzYfNDxt3BV7pmYJ96eCJh'),
(85, 0, 0, 0, '45k2mmB1aRB96pMESQfNXF9Woj2CVMU0Re3eBEgLvRUBhHg9xvXvb7szqucmh7m8lqnW4EIAwDbNksWSYUo91QJslWOC3bLpC8mGM4giIs63U2VTXj2ZaLrvHg8LsTa4'),
(86, 0, 0, 0, 'OPHdwoeAnWpTzBQa0LaI3zOwLDWl13tQSa3ozhZXeoQO0HZ0t9JwJx2uaZQc2j2Vu6k3oj1DIRrIzqJ2AszjZCO9BFmEZoztuUxTdywVqYE0on2ZPBjOe8YPNktMI3gd'),
(87, 0, 0, 0, 'THissD7OYqpWhqLG9GKYy9OSoLjWmsCgaVICyQqxgQtxgfepVYou8cnwYGtk95Bj0kVyam5rczZtOdSJchekuBRsilNrqoKrIG0T26kfFkItyBdKSs5m4XOmiCOJ0zaJ'),
(88, 0, 0, 0, 'qj2fo2sf7aiO6fSzrUgctdEzZpWjSp6jI9y7c0njbF8hV0QnV6zpkeYjEUDwkKP2Toa5pxpAdyR9yIxuO6T8lSs0N5w7QmaKLkPaSfK5NCfmkMR8TKheDKeqQLxG8HqT'),
(89, 0, 0, 0, 'yjb9TQcp3nGL5Z36UTXWcHGaYpI0WiJvBVFuLRUOfBAlADsvwprJ77U5xC6tUPZwKF1wwWlMxV88yAD505O7dIcKljeg8dMSSOppLKciFkqeV4jV972mQf6bylrHzeAs'),
(90, 0, 0, 0, '3ZROJ47ppyDkCWfL4i8Vyf76AzN9NnBRntG6yNwXl9hX6xJbQR7o7evHNjRBHss4W9buWHsiRKgYhZa8RhwYv2GilxU20n7Xwirs0ULRE1PV0Z4SgARMCy5Y5Z06m73T'),
(91, 0, 0, 0, 'qvlqp7h387Z9731oETahrgfxffECnHvNdRdDYvH6CGgKKi8pbjGDzVaPbOrywXmKOznN54UILasvsBUEUAhuwsjHgLfNIBxxbUkgYeZJorfR3avYLMsheMYvyeihPQO1'),
(92, 0, 0, 0, 'L9iJnhtMJJDMT9KEVdWa0UFy8YQYPE0ANijbANYjxC6rLR6H52R5XwE5vu4k94UXne9X27hzJn0vf6ck83q6A4b6zgqIllFIzOFCVXbFkcaAjmUsqky0pK6Y0xGlSm3s'),
(93, 14, 1, 1, 'lTeyaJuFt3HZiNdFIYEhgvAqHEq9Np69ilHt5b8yePxxDLclKRD0mer4TRdGhkPzGw2LIbkW1RuEDHZnyDoVSPZLHdsYyhyeOA0wMktNcXrPFrdd5B8Xq8I7mb6UsE9h'),
(94, 0, 0, 0, 'i6DZZfFPqsr4IxLGQ3jvT4VbQtZr1mRktuksJZiasJeagZR63aCXex8517w3unnXSHqCHIN9r2kI2bO5mr2BYbG0ic3NAqLs8b4PUSZmUj4WuT1Rl4sjf8kyknmVO7nW'),
(95, 0, 0, 0, 'jsLekKAe4FbzzdqUhSex1y5mVrhJzFGT7r8scJHhoSQX5gRn96UaE0wAsOk1t0VBs43ENLVbDM9J217c71mM1TmtHGvbGrM8vQNiBJufvEYyF6KN77z90VDIC9TiBGr7'),
(96, 0, 0, 0, 'wfq7ZUmuyl3erN1zUAJVwnE8wyr8eTfK8FS7zeC8AFn2soBnZljvIXEfv5nJYCu7hmeRBQ0cwneZMQmLbFhUDV981wS08m7qJlilcixIFLIsC4dNKvHnqQwsnosvKzWu'),
(97, 0, 0, 0, 'VeP7wmQc8yEKDSyonfMO6ihtGJZriWVeaLmH8cUgLz1przNPOzEVRVpyFoZYkVcvGycOL65wF6W7FJXujCpbyPJddJbyEo3lWfaHmfe2maa1U8wdKWojL8wZRIxw6AR2'),
(98, 0, 0, 0, 'qJWlumWVMxXaCxjSJWKnyEey4lmO5TAwDwS8TO3Fm0QZyaRh6CFEgUclgyalsKR6gJe9yhPViFUQPM8VoOAFIN0YlakOVbVbV9ltrboJQjAG5JCuxc9gZaflkzagK5rF'),
(99, 0, 0, 0, 'RiBStLvsOSQAJtQ14uWPh37NLJIZ3v2VODNhpjJdbzOU3EW88SYqW5dIPVHTrKOfnBxNVh16RP1UuX3DQ13M7huXdcQEWEUkfs7aJ8hAYivtgz67A9TIroFEAvjx9eRp'),
(100, 0, 0, 0, 'S0vBvOWXjCzdCrWHLMyPM5sHQMFE3GTWGpxbeu8y7ILJ9IqVvYKh4cZVZEz2ktY1Twd70lF73rRd9h8EgSWl5Vg4zQ6Uj5WdB9kCv0KyrBMASUe9NavS6LWGC2AW8w9K'),
(101, 0, 0, 0, 'Ftmat6JUHwvAqKKdVf5111HD4izcPIWvcjFGppB7V6HmQszMHFNJHvmLNWYCFV7SeNyEd9L9gtw7V5TDLHmscJe0GcDm7LelyN0MWLWdeskayeNjVaM8U08BcMXkxcG6'),
(102, 0, 0, 0, 'tYUdLcgqJV3mDjAw3Uu7FPoJDIDyEaw78rlUDCknxoKbHlILfdSV2hEG0ifEtLMCd8wRKReifZuXkcIAqBvsSa8StnxW9jyms5dcWsvcrZ9LcSmCuR4n2dfvBNrK707z'),
(103, 0, 0, 0, 'mandXjQ06Aen5ht8r4U94IdFXcuoQVed6Cr3Vh42RiqXAT62Y0b2JoIGBc5s8jFfV7jRonUgGkdhekjckvf3TYKvbPXj8Dz4KSW8gQoXbCepXxCh2SlWQ5r1Upl32V7M'),
(104, 0, 0, 0, 'acxAY26GA2UwmvEwrAKC0gyNfJeaDX3NaAo9CuQdxLJTgoqHYakYrSLGC0QfYT38trh6W8juT3o9rORqZboq4a6GaXW8QZhkryrnGLSzOgJg4AG4M5uQfBwqysyosPJT'),
(105, 0, 0, 0, 'oah5V9FKpo0uZHyMN3C3E9tdC2C4SlYgwfmro1cOqciqUQcHUPLzZeMBgpG8LFphUMJjNV7e8pF3gSLaIwKHKwj1W0aHFAYzmISaDZpMp4PFWBQF7AmS7FT3F4KkEJU0'),
(106, 0, 0, 0, 'rNa5MAScEIRBjIgriCjqidtXheiVXcWp07vMHnZl5RXpzeQSR9i9mL7EZpAXCwmCDRplfoHlfEKPSBHJKZT7K0MKqmI3S4GwW5RcuzxKdiz6ThQDgKL1KxMbTueMzUjv'),
(107, 0, 0, 0, '0aIuJffXxP4q6V4nFQopoaBiFP4eKnKKysfiHvffkkGrfLOUBckZnVh2LmgvK1gitvAb1Qqla7MqSAktNEtbALel8vRSw7bZDMaEDB0OJMeBny5bdznNlB8t6ZmD7xCK'),
(108, 0, 0, 0, 'f0y5MALF0Nq4sMtQjbESG85kzO1ryX0OXyTJ8Fp9tPeVBHLVTqOzzUT9IVAhSA5P9ZzhFYr8NF4pmQlgh9PQ3IZLEA2wb8mk8WBNU3VII075Qtl7CaYGTYrxyu4JDr3L'),
(109, 0, 0, 0, 'nFyhJu0rv8xlBStd3sUXqluZQzJt0NfntNFciGDNOb9p3CD75x4wTyvK8fe82twvhcIzSlmHww7A9KHeiLKckgXsvbBxF73WkLvc7SUEp1fyMWM5Ixh3Nevjq6R5eU1z'),
(110, 0, 0, 0, 'GxMOqGtPHIntFayoHQrv5WOv3FBiADRhaD5Bjyq1hOuWY3kGULb0IZwMF74fKVwVzCwTaXUrLpoKtJqnvCndBTZg14wL02HzEdsPanhWMFHfp8DUK17lV7CWc8IcbpMQ'),
(111, 0, 0, 0, '8vZQRp6Gwy80e5DbTdHb63Zu6yLnsaaBGaryAyf76n7ltLxmYex4iwyo4kMxvX8c8AKI8ZPenXAQI7cGlKLEhj2lEPT9M2lUC6CK6sZtpzj7GwO2gzGxSJTxyNGlP2fs'),
(112, 0, 0, 0, '8ScekcIJM2RtyFvPecn7WhEu4kQUn5mvXzKiLs1xuS03xwSMJgTFxyaBS0vf5SL3rvlcYnKsgLwNipz1FtGc1QOUQkaWcW0DrmQpJASZmpNEOnFuRlGScvN2PXZ1TZEl'),
(113, 0, 0, 0, 'mvL65E5s3T6RhMm8721jyOmnMmoGl32IyNOErU7vNdn5ZJd7Merk3OHPa6vwayeJl3nNXuiLIGQIp3Qbihwl6dbgkGMue1dA4Bo16HNPnDxMHoY0FvlMJw23dPysQM3V'),
(114, 0, 0, 0, '9kFg12HudZpxRusEQmuIU1R9D7m4ojMyEsOFvw9Ivygn3I1T5wC0yu9bBwg0P3yuvn90TjJpSZMVIOPOksOTWY4xulyko7OTuXUohEN9Ez5moVaJnZCjXHRr2pMqwAk1'),
(115, 0, 0, 0, '8oY2kjoL429zxhGcEwvFsk2B7kvBesinQgqaAOWFR5eonVB2s6HUrJwz41aiutGlK6wkVs0MxeaVaLXCSFxjo3Ss53LzwsVgyrBtTBgrQrm1dkD5ZbpneiQklCUS4P9D'),
(116, 0, 0, 0, 'cROUnvg84PqPv0WxQ7Pb5Tju7mEe5nJifxcD3tM7icWNdSl30bf65zAcVeq1CajSHwvKZiSiuO6HHsKID0OJzoVvDmwgwQ8dnEYmWQFrFL8ndT5RTTAsivYWSucokkCH'),
(117, 0, 0, 0, 'Unco6FmEvEOZVlByCgt6h4rrb1TKgJ5a7hzdXWRtBGtw145EkyLCDc4PeXzvHFGOXf2UcUoNARkCVphgY2TBfYrtV1YDGEsDUuy7oWUZOeBKET1CVVebTGEPHDsnhU0c'),
(118, 0, 0, 0, 'q0J9oQpwqjkOwZqMmNFm7dDk4dfPLtzbtjlS9Lpz4JnAJOm5C1rJf54kjj94MJgg2C8cnxMrha10Yo6AqxkFDoZWI91uShLVTU7hrUIJ4JJ38QDynYd0mdX4nYzfgkaa'),
(119, 0, 0, 0, 'firGd9qhTak10YznWNoi1mnolXEBiOMx7deknEChOWiOVScRGB9HXx6iuKUNzGkHUy2idEz1BSQwL3nrEx9C4gVz0PnAwHhrgjJtXjvzbm5Wpto30yG5OBFOr2pYKGp0'),
(120, 0, 0, 0, '08uXr0xDmCzL5YP6wvbk6Q9xTyvDfVEf49dv9K9vmJhsH6ydBKyHBHfugL8vGNKKWXg5HpB49SxQY64AQCiskxXBj560SQKPO1VwrwBAp8rofvY68gytOv47Ba7u1SjQ'),
(121, 0, 0, 0, 'UemmLXWb6nzlTys1O0uDwzL7JSBLLUBG9Y2VWY62mFogdQh2RMGnmru5j6R51tLarN5nMbq9RPp5GH7xtNVPeqVywNExgqIHdO500w9RlyW2f4zJSvz7VvGsjl0zLIhY'),
(122, 0, 0, 0, 'YUKTbnVPkatgGEJL1gig8ThieFdYgaTe5E8h136mezDVdnGfDZvLTM37sh6IsZXxD5OF9U2ouFjI20XF0trTfv1HM7qe7nMLtBrDwt108kIbkGQk9hepMg7zoxNvUAho'),
(123, 0, 0, 0, 'bI1Hc2IlnrwI8m3hEiGryN0WlOsgoKEztFhFI006swOATRRxayYImZFHN8XbSCLlh310426wzV6sNX0XwZGSYlzLtxXm9IIrMJsQLymlusNhqOfWNVPMgpxKWu66dOxZ'),
(124, 0, 0, 0, 'yZPkycF2Etk5hz25uRRLhowdTDk7rS70RWlq90tNuNSLnVQRMHD369h0MB7eufflcAMlBf8531RqWIiJqWNx55xSHF7bUmx6WjryzADDCv3zdmjEi6bobIgTon4jKBqH'),
(125, 0, 0, 0, '5hPPsOn6uPDDN111zcuZgJRuAACxzr8FJYubMSigHWTuYUwx60xnKoRkYuSyV0dFYHRLz91g6VL4PhCWiak2ycnxGg6Cgjhf180Ai2RoXDsNU5Kdf4fOgDmXTszaLQqM'),
(126, 12, 1, 0, 'ZrnitfGrS9fNeZ0u4gilTEiN7SYTJoGIP30jiHKbRZY6ZYA4eSp8xIVEATykhe37i4qBLbMDbKJaIjfXcE5Kn1oYVXicblktqK4bWQP7ByikRxh4bnOzodxjaPwlbQOB'),
(127, 0, 0, 0, 'BTNxKCFlaXF2uX6GkVfJ8M2iCzDNqsp1mdz6Pes0b83G5amq5B9dncvZL9NbCddYqN5f1xgdFjTLufczRlMeyieks2w5fJ4Fw9VyHbMnvF8ZVkyMGl1fEfz7h5cxPhcm'),
(128, 12, 0, 0, 'q7U7jGvPmDOiYn4FJ5VoluwDAJaq0nMqvHyOo4EKHs3GQ7mAdhYzMucmdnNeKzFfgd4EhIpZbsG2A2COkAn65AtjXgxIQcY6q2LILaIXDoZdrB1McoTiZmBWD9EtlCAM'),
(129, 0, 1, 0, 'Flurwdo9Cnm3ZoQbNJuM55JJfndB0NnG9S7F5wOHTbLSzB4mly9qESaTgnuhbSXkK5ZQBOyvZjnzVsWg15HFXSzdf4urWsLHxLx9z6Eyq28lu4Cv9kb6cKksPOTLhFtO'),
(130, 23, 2, 0, 'mnTP1emnVIuOE4oebxeYcEf5dXKrB5nYshNuv9SrSmfwrELCb0BnERsROdjpiGnLXbgtl8UdvaKWOvzZvbm92P1Q3kgm0E7YPnrbwlo1w9XkFxjaIGkKwlBzFRVGw3Em'),
(131, 16, 1, 1, 'HvV13z8NLSxlY4AGEbKu8eTrR0EifZ6Wu2XyB6lnZTJXYkEDvo7EC15u1KMgJTdeVbMxi8Vh1Ff0ZTDvhLaUMfoO0b4J4iY0tKyMTt3U8jV8cyDujNo63NU4YZN3hM3L'),
(132, 1, 1, 2, 'xBxq5BldUgm7PZB9N0fRN9VL8IOqvSc2tKszlOMg49nU9Y3WZjNMsIxBrm2WeeZIYshkg4AldYfmXjiWC6I5OfHgBJdQXcyWEPhVTRg6QvtNOMJrSswHHdXjWaaUnIR2'),
(133, 8, 1, 1, 'x8Xr0eyQK1EzNn0FQxnxKkRHv2CTKuViCTKD7iuSj8r7wsNmZaUJvMr0O4TyyPRbJBORTiJdralXD8jCiemN0NOORInpxfBhQp8KIRY92j7FrriKFEyFrmuj4RJC6kTX'),
(134, 5, 1, 1, 'K1HsTGCWZKBqbTbQyJwZ50jaS2MZmGW6IEzBkbxkV9K73WXBFtBLuUVmWImjpjp7YZIjbgD7qoeukc6ZGIKaCGxzoTSNdiUbiDutU7AlvOPP1WOHEzRgfpQEjJrw1mHj'),
(135, 30, 1, 1, '0bNVjngOc6Ed3tVH2NYicOWvxo2zLKTMWGHf4Y4h5Iv8bqPddOwpDsVaRYKCIEoEl6Tq4XH9GciRC75QWBfz4bKV9uyS9Xwv3qV7oDh4PzWsH1iDDydHKXDTscMB9i7c'),
(136, 0, 0, 0, 'UjSOpgOSATKmTACqa73lheVp96tMbfI5yATXRIQsBBOubrVmyYHPdCfmJI9UXR0wsUtjCkLeVAJ71FtzEbpROFdxnmsletRGnl00GLfBlYJnEdXiom9c1mKpJdLXGCE3'),
(137, 0, 0, 0, 'bBzsj5ORwV9oVUQerEVc7AkBppwrnTOzvo2PtQH0LRoHLfVcTRo0sJCR98jx276yv8nZY40KVprGEnTyeizH2cyblSIo0OWwXkwVowGkV71AuU9JdJqfVZqhS8FSXCoU'),
(138, 0, 0, 0, 'sYK6utrF5mCcvHBFyJsg1LowYYz1IotamehRHIwN490zRBfplHFmt3Tr2ssKRVVe9c5RUCFYLFyChN2CuHYYLSqNlSxcOtqYFwQz8vyUa6xrUz3ph2n2VNQgGosuRTsw'),
(139, 0, 0, 0, 'ZuY3ZLXrZQGKvdLqAu7CbhPhquPS1tX1XV5XG2pGT5qoicPSHWvSdkaDPZwQttSqpYo61NMUTdjcp8574A0iVbWKbsBEWt5lstrthdoaqHnQPsYU3YcY98IkAjYxN3Sf'),
(140, 0, 0, 0, 'xjJOx7ZYOnOEPMySLKRVTzfuSe1FiTVQdEFLMEJA2xeRkMK6xB1rbhV4wWJPQFF4kkP6ZyG16VTrIExggyHrQCvmzfbpURtfbilbR1dXX6pFKWV1vCslfYIOdUe8LHnW'),
(141, 0, 0, 0, 'vin7mjVkVAy5i3nI0oSbjxzoTHUeEIj90GhnZcHVNg05jnNkMGv5d5t7Nols7EC8lTvk6cgUtg0NEO7ruDwII0QvpbYwQAEbtawAnMuQ3uEHiL8NoFw7GmD6yBDpbiBF'),
(142, 0, 0, 0, 'KhvGfZtGVw9VWZwElDi48u316qNdM0QxhlexlHegencanIOJm7NuBRvHhjV4kMBB7P9sxnJLKVV7DJQ0REutv0bNk7SETtg0jptQMcCw7xELhvM8ahCGhNtCUlgNPwO9'),
(143, 0, 0, 0, 'o4R5eohHayOGl5PwOabwyAC1N7kLGZq54hbjGt1R1PynUnTJx5f5FR7tZreFrFLwWXPDqQusG2PBpJkXOA2tr9WqBb62QSzNPoqfeVIVYxwnhRl5rnzSxwj9IqcyjLl8'),
(144, 3, 1, 1, '4HBOBQrbLVn8fe3dr1YR2ehh7kt7cKZgrB53rwfcsClIQpWiqV9s9rKhLeoXYoeqZjtrQJDjlY1boYtOTDh241kPfJNe81F7l9ycScvdbxpzvToowFrBHLqXvebDgRLB'),
(145, 0, 0, 0, 'HxuWtLDJO3kgcX64s86bjSklGnsJoET6bn2F9FoYIJeVGl09u7lOZFaG2CprhjxtHA8QfwOYg3UWpU6T1sH17RIau7CLraf8KnYZUNYaRS7gMeaOGRPOJxYeFAZ6Kffv'),
(146, 0, 0, 0, 'KjLYhKHt4TuAXGiNeFTOL8Q9DBJIQQpAaaysVgVZ9qz66STlxNaiW0sACcis2H3dSBFOSBN11n88f2tNQD6MEymhLEJOmM1foH3giQikersuuWhkAo6fXswI7fwu2yJr'),
(147, 0, 0, 0, 'UOcoSoFpdsDapQY47XKAAA3bdUIqb8S6X5vQtafGDTQ2JP7RNSrntuyHph7BpZHn4cdxnse1l545UcWI4n5yREfhVmSlmAIrMVZaodbJifOdrLVw8040FjhAG9V3JEuw'),
(148, 0, 0, 0, 'UltFng7ahijNPbHeFkq7eAMzZU41hPMbafQyvYIMh1A6chlRCLZRmMqmGvnXk99up02UYLHgMhmYzIQbtQ2QCtcjYAgjKqO9qR4pCLFo31nCKdOd3R4GlhZjSgDCGrM6'),
(149, 0, 0, 0, 'noIWxpNozu2KF6vMj5pspuWJAH2o9mmxK4uithG3MJNsPif8nEBN9xwKey8oVuVFzpX2HE5unSXdbcmzQXn0uTKJsT8nn33Wt1ZbF5F2YCf9OCJFz6G40qNsjVQHZTEt'),
(150, 0, 0, 0, 'fJwsryvgzXgniJslBvQLVkrkzW5ZhGYwquZS3u8Cso0K7t6JYWuUhWfQTlPa2NHsiGkmbtZDSZo0tvJsremJbBA4XpfZdXrwEMSPfRt8RR8kmSNO69yiL8nIxDHLA9ie'),
(151, 1, 1, 1, 'ZVnpRZQest4Vh565qIMdrcywMM4uHl5Ggt68sWmVqqQHwXMWGy97LIExuI2c37TkAZs3WOZmfQ3LNQItpRBaAfI5YKi2RbmsaPv7EvtTlxF8nnCMfdXPtFUrqduioQKz'),
(152, 0, 0, 0, '6Sxh9iYufwazBq33yKUXuzqKopVyA0mHSUZ2cYwsuH16859HP4EjE543u0B50YNSSMU5Krxf8zlhFvYvADOeIThcTSiTR5MKSHPD8nShWezBKx6kaVyTPQ5IJoCAuokm'),
(153, 23, 2, 0, 'iPsPK8IEbLGskHNe0bEeSxcmBEhSWU4fKw4uFN9QyPjSw77xiLLbjXyVBQNyKRNvoSZ4F9VeYf6umd1FZNQjKofmf2UZUIvjAvogEjuCyB7VP9APWr9GPo35rX4lFAFg'),
(154, 0, 0, 0, 'u1K58k6xdQmpKoByJjQniIYj9BCV22yx3jCbDIIRy5hjuTRecHBvqAOAbrvet4LxnoJ06rRFx9Y22PgfxSKYsyyE04Tt8F1v3KwacoPJxOMzD2ObVz9n7H28MVCUADqE'),
(155, 0, 0, 0, 'bJbR4ecUhIRxTZyaT7QuLyNrl3x3Ua25UeXYs9TKRKhLKPWDXM7JkVaGZIJTSMYN0WMt6FdYpvJ9lFNirV2MRcsQUcJNZIA0EmtK2HIrdsBy7oRzkTlb5N1Z0KNZtnZ7'),
(156, 0, 0, 0, 'aAt9zIls3LoMFkTu462qasGhP3F0oqPz0jIA2335PsSuMLZQS1h3tXkj10jqr80ssI2uM6AByt5lf4c76taArvTtvcTXkUpNCshpyS17l7sBcFIi8TSzoL3UXXRiRh6t'),
(157, 6, 1, 1, 'FVq7SUZp8oTDx6LXo6mCRUMDJ2JQc48RZzZRuZhCnafUh1RF7eiY95BS7lIjpRboqbgUaywxIMs0NkFVyYTH3vzaQiuf9FEAQUu1s1zbO1bCmRxUQqCTVc4Muy1EeGe5'),
(158, 0, 0, 0, 'BJ64KFfyHra3jHY98B34N7QiGSXVyb09U7dFNtduVoye6xnf8qjVyaef2baBnbLijYX6sbBnA9BGHZVPqfLZpZesbp3zBORUNO0g0CDAMfhtfdiFs3ES3TkfioOUdFO1'),
(159, 0, 0, 0, 'uPhurV5dbmGqAZ633KV6EgmXFaRSQGUkvcPX7VbjiSJSRPVUAR1f7ncNy3GoKAJfMydUtodLgXE7MA1nr3CzqPmZT2nDC6TpF6j9uwUKtzRg9TEAXhao6wn0yKDbRxAw'),
(160, 6, 0, 0, 'DUF7rASUaJbjDQUB74ZeAne98SlZpWw2QbaiM2dWMogqea1mf1AQoP0wHlv7i2a9ekr0mEX93ezhoBDECeu03uxLQ2S842iinJjKohTrvtIU4myGA3HExepohhwmkOFH'),
(161, 0, 1, 0, 'yYsWglnMO6GTsfA3ihHQw6eNoL9IAOq8NS54esQ3ywW1Mw45OMVkSa7gWhZw5qFTiKXwcNzLkwM73RcRD8bwijNeAMLGcqzvax1mlB7G8UNbLZ2o8dUqxHF7uqNHQnc0'),
(162, 30, 1, 1, 'FBho5FtkCaHKT4CQok8t7vCqOLKYurx92Ox8t0s5baP5frVEM37UyKlmv6lZxS9zGGHaGafSk5XzxSekVmfu6ARCGcCd4LNLruV8Fb1ZhYzPRN9N9ohgZ8SGlvTpgHbI'),
(163, 30, 1, 1, 'Pidb70IOWbRahIIWekSy6ktbOr11ZFTOY6067IV4UMecvX8Jh1hnlLzadBbch50gc1njJinE5CQAzZjR0BflmPvzqGLIMMZYNmhxEFbJh1kR0DI0fYmBNRbeyXXkKWjx'),
(164, 1, 1, 1, 'lTCcaNAjj0vOvw5eZxeojrgEWng6tizPbc2l0CEjC977GdmFKB332kHZHY5bhF0sS3OSGtbjDjrjwNYho1krm2q41wficfL4jAWZ38iGrJZYxYfVZznmCNqDkFWwVHAe'),
(165, 0, 0, 0, 'sWsk6NZK2IpBq8purEEg9WJSVgS8V5Io1aJ8YJS1rhCSq1mSF09PWSIS9A15GJuHUdPTXHUoZxgqyDieDr3AkLtuluz1e3J8hz2ehWChtTI2w0gasjKM5egrIQtXTd6a'),
(166, 21, 2, 1, '5cSA0BipbTT39LPez6YDgBGt7kZFdCVjOOTPpcfB58FfUuuuAt7Q5Okc8jSmVNGJCzz1LOCRXi7SMBmn4ue9iymrReNM2twE36GPVjHTBOLoq8MuC0EVz0mreaehEKVH'),
(167, 1, 1, 2, 'dzTu8oXeCGvMOEvooH0XZgPv1C7YIqJWZCq81omD4SqTwVhUDiSCyH8Ajfy2FhYFUpNVN9zS1ZLyV2tyklbT3jtnz2pfjnUeMIaARJsTJesEhVdChpwkIZHi26xmtsAg'),
(168, 10, 1, 1, 'fyvLo3MaqYQgbgI6PVwaRb76e0xcHWBXu6ITau3AtURFazL0uibltisHi0T0WvXrCGkMbnmEiejtO5tjnEERX7yf7sf4YdvATPm4dJIwX2ZL8s4v7Jn4RVjYoz3mMyWG'),
(169, 0, 0, 0, 'ojKC2t8Zw7LEAPaHzxMqt6pSFses1b9quU2xnawTihyS7IAGgm7JswB8ZQB02KqxEt42DBWWTuO0doHtLOdekPmjGYkIILfnejpSUlONPCO31vwNkK1FzoZfmjY45drj'),
(170, 0, 0, 0, 'KkAQY0FWhT8CKvfhJARuOTjAbtlJ9Q5TaFK8Fq5XkeA4JPltqdYe6hPiKb1T16NbLxkrYqpiEZmnPHQfVOu15jjQvkJwrwId42E2t3k73HvSpm8kbCmhWG7r0QYsnGFr'),
(171, 2, 1, 2, 'qpOyCllOFU1k1tmNQoILdOt9eWKng7BGwqf9MAYsuZMvs9jjx25KQzT5vEsML4tiuIsgiqINpvjSEDcbGhWxQPCmu58g9ByDj1TCrCqR7KJMnVX3dUA3Jdpeiyur924t'),
(172, 0, 0, 0, 'r92GyFO3U9HWMJMM7IJ0Syebrn9zcTzE3CkBh9Ebim856URdDBdw9sHBQRa2LKGOm1pEa3QsqYywTqJw1X2aqKMgCWinGZc30BHbFyE5wcCpClWEjYOJJAZlxiJeiVhj'),
(178, 0, 0, 0, 'vzVi0CnKDdcgFxRUxqric7zp31sj77PCHLVHois1vEhbb95Izx0MFzcIBF1JMQmtBib0BD17hjitsob2VcOBM0joGk7tbuWNM8NnLOv37NwzcIB8UqJHr357ndAzHxmu'),
(173, 0, 0, 0, '2aI3GH6kubEuCCUIJ8VYuRxUJnwMbuzeFihmZoGtAlYdXTVH2RFwJdrtAYfMtO087iu6HbAhwzuusqbuiQ124tvErKrVzr3GKyNrJoJgXdKqEVUXMWZQpuvRfWMPoQv9'),
(174, 12, 1, 1, 'ojA8IjoFx85c409QX9HmEdeT91IyReHgyiogCMW9V2m02wQ0FymkLBdVCWtuabKJt9Z5WVfRXCS08I0Ohn82ZlXCir6tCRc50cbW7rO53G6bp7ZGv8JuuG6M7dfK5sP5'),
(175, 0, 0, 0, 'E12MsQRvxYHX5GEBPn5j4c5bqkVvMLBrNDdfu5L23sZ99DKY0Qh43nguIcZvYBWLe91JeNLifLrpocop2Fu63KALXAgVbcHqmJ9AwVSMGkc5wAuzgYGjJh4GRkC3xjtT'),
(176, 12, 0, 0, '3DuAzmnfHzleaPNqOuJxLOdD9PGG9aAcO4NnraD8KYmUOakCE49qTm32cJJlUjyInm6PwKXgIkawuv99AiztFDvRnfdhzL0X86MERJVz456yBfIbxiEdVa4iqhzZ3AWb'),
(177, 0, 1, 0, 'HIQysL8wRe4suNE25if0tkiTBSSFsPQ9xGIZsQvj5AMzoqCtJStccM6NEZs7Ojhm0ZmsPSMVsyuQY7kHZNUbA1Ze1slPLDcMCyesq0nTzSKxZ4fYS9atb9HcC32nGeaj'),
(179, 12, 1, 0, 'F9SrXnu5b1EnJgwEGgl7jrfHEPglnDQ2MItK5YPgZtEIJbmqrIxL9MtNCK9ZnZ29IvTNuJ4tcJbWUymmhU7rHAfjkojHolR6RLUluYOHH0EBz0YQV5hCGxW1VfJkBArs'),
(180, 0, 0, 0, 'mlOQkCy1DcDcdB39HlLnSIpOY88zIz15VPWfsuh5HViUxl3eGPCzx1nv9v4S56X1WThpoyu5tNZ083fPTRoqTLW3h1Vn8To4NGubeZgIMgJVkYKdQ9EJUAMcCIAKCZPp'),
(181, 12, 0, 0, 'FjATiRC58l0sjKGaUkUOVH1xpBh1A7qgq19JTLO16Otqz9BtuvipckWBVeDwl4ML6WvZIj0P8ugHERb8mtxyOuaJIOg3T3PZ0kYIEZyMtOt8FFg29OAXiLH1zX5s1Us2'),
(182, 0, 1, 0, 'frLTqjFU793NOkPY8qVrbCtLAyeCtGEI8pBzIhuQqxDfRsdZT9r4LUQls4XWLBEU1gtJxXzYudelGslzBNDmHuIazG6kiLfj1I3yFCxaQLvwdR5OEJbmdTxMAE7Spmbq'),
(183, 0, 0, 0, '4YrEqPiQfedPSRhF0lVun9WtXuHonfhreJ6EyovNDJDwBUbCg76Dg36exNDV3UmhEsWcRs0ucD0NxcpNjwrAzxP7ls2pnpG1SDdJ5eehRe5pqvcK1EkBc9JxCMXZbE14'),
(184, 28, 2, 1, 'RtXQTnH5Hzdj5fMc3BSXB8wm569HNwWE0TuUgcZYLciRs53wGWuh40Ea6NSUkOzlH3fYgfX2sfTUkXr0TViYVW82K0X4PwpxAFvQUsTnINi2KJ3EFlCAiLD3MA7B6x8G'),
(185, 14, 1, 1, 'z2wzQri4wMXOSOXRLBbdbsJg1OcKls2UuyulZMpwznlsbijWUu96XSmZHzK21MXwlrSleiROFcgQvAMq4Ww2PT1wsMzuyw1UYUfdc61RjiHPSufXrLZgE1N7NmCmSEgR'),
(186, 0, 0, 0, 'FEqJxDRfbQeAWDJBAZQGvJK1Hw46LDHqh79PL14XRjxOWhqxggdM0YNHvROgvvGNDQDoRIlJ1TyYaYvreJdfH1WdTKtogacU0PjSxECyyaxJ82anMoCupyHijbHAlTul'),
(187, 0, 0, 0, 'IAU5855B2fkCKV81gVY9W5cGVLQJUa8CL3IU8Nva3QNOMWP3SNcPTovPamy4xHHjKpdTdJ4gAS5mOVpGICvC11scn0hUHYdsnrlAapRKhW76RwNA9idakFmHGDBoCPQZ'),
(188, 11, 1, 1, 'PRKYI5B5UDtn1Vlx5xr1CPuznBgj9vzYnjW5oyajbDHdz2KFAcGc1aLpM2IVyhTVBQ00pbjAP0Oo2z3DLKPMUBcHDVCcdw7Om8OLk8m98axbJBOulEhgfuXTpA5C6drt'),
(189, 8, 1, 1, 'JYOJGq0GElokJbkuzXsJTaXOtPzRbTwVRkFxKFep1CJKO4fn1H7UR4JlUjc6cI133GBOmPdnsX8h1oF35NXXSHjM0vTdeUhhBS6YIjmbhusiT8lZVjWN1fA2Ltf0oxi0'),
(190, 23, 2, 0, 'R3j8DIFOHnK1Z4vTrnmpm1gwWEMfQpmItGR6pwU7UF8TJEMb29ApaRV7vImm8J4BqWIPsDXmi5g2K3dMcObnF7vbPSyXBDz2zhR1UPodUEgEItrViCjYJO9yGHwil5kU'),
(191, 1, 1, 2, 'BzMrFz6Pt7KzqycboUKDqAWWePJ94DKFcw6S6dHzkr9LZlWngH1HhYDwNmFSZpxcWE42SLCccLYb7UznCB4UzIqn56f4vNhrrluk76wjSvvZq5n2GsWgamDfsTkYGBq8'),
(192, 0, 2, 1, 'XVs41ZoUvUTV0gXHITXTgB8JutIb59k24M76Mw0hrTcsaa9T37MkIU4doMotVIw0vD6ha6zC0M4aWd30lPk3Kpg9cFC7n88SMeaXkJzlvDvsRzscpNgacwjobVwz4EsQ'),
(193, 4, 1, 0, '7uwx8xSTeiaUHofIiHBBLYDgamG4VdQ2HnAQUtJ9LU3tijcB1NcNLP3VbK07XRaFfKvadekZ9nsrHF2Isfve4yagjboh2yWiisswGMwPaYhRDjz6y5kDEvUXGieIQb19'),
(194, 0, 0, 0, 'DtGjgc9rbriPKSVjXgXBLSzraNa1ZbbCFSWW46ngxG5hz1Bwiz83rIvCwGEvRP7xH3tM9Q2Gw8Y59ACraLvBt1e0HSvyID6pGzbQpexWmw1w7EYhpuTTv7TcZpLI2R7I'),
(195, 12, 1, 1, 'qjzQy7MVDNrKsq2RUVLp2EC23nK5eSOFbovKvhF956UxwWprRaRUPtXTQHZ5zOKLcfvIxaSChMaOJzfBK7vzAssqaswKggvsw1b4c3GuQRizqyabFGKg8dHjGd3Wuzo1'),
(196, 0, 0, 0, 'BA5NDMitDA349dfPU052eNmU0pQvYfwzPBntnFW0g04qdkf8klby8xt9WjEUzauoMRR9wOaMOfc2AsaUOltXSW6OgLJPWdeJ55TBU3oIjBLT3VOShiP9eWYvIIlEVzn0'),
(197, 12, 0, 0, 'FgCzk0iEC4xGZmyhEorTkpo28KH3j54YlGyGHRkjVS0VeycSWEMh4bkcV1fe6kds1L9IDt2yl3uABHtylfQpqaBlcQAjbNMczVVcoXLK0fkCWObh31HuciPp9qIkduwN'),
(198, 0, 1, 0, 'pr0OpLyq1T3YHegLgXgtf6SowBIJ6fxwGxk6iTxkNAivPyh6vxAKDt894RTb6qHNX2TfWrzJ1SeRqvYV3yGG1OP6GIiM9ZA62umYVWHXOWOesMavlQbnF1tlKM8TLIZO'),
(199, 16, 1, 1, 'clM8ht55qUkSHuo2kzqZBTklFterbdfoz2xQvDWWxgOfKdi4MI4nCpIiSXJ4aZtJ10AxDwubNjqxwICiqGG25pkYm42x4vh5wRD9o7lbqLIWtlfU1WW7mh5Jl8gpDxva'),
(200, 8, 1, 1, 'o8kMgFYHqGEU2TO4QKbd1hWnpcM3Jhd8qxVHcToDA2xCWlHN6S089Wvz8iCSAP10nXHzQ6dr8K446LRcERlONQnW90PJQQKdNsNEy06GKaLQWD3AvopjfMfoM47CVSQI'),
(201, 12, 1, 1, 'hsAFW5A3Bvujya9T5wSavDIIVI52SknaMXPI2pMEVhXur6nxDgH8UqRP9XR1hfc4d1NgrzUmRSQiZeQCuxLoXDe6A68SmkWzlKQMkK9bC0uCekeJR08ODmVes36On2oJ'),
(202, 0, 0, 0, 'New7ZFiBGMeU6tEXtMM79HlBKrq8uPSh3op23HEJtSEAmiyP5kXe1jQMKgVf6Nx9bWcfERZ8KEI6XgW2ATgCc7pXnldu8KDkHQAlHAtsfbycsvf3pwGCD5z1qNvzy9Tf'),
(203, 6, 0, 0, 'ZuAH549kgIwIeMLDirfVxPXYCsxaBrqBW1i15sllbS3pEP3WhiSO8PNLikWTMmuInNJsg5OrXRRBHUyYdrNlhA7zU3tHqYpOL9g1e5tbWkNEfmCsOqO50VFVY8Cp71dS'),
(204, 0, 1, 0, 'btUpzoBwJpaYMMqAdeGd9m88vKxCMKvYepnNOZjxotvagWLtasHkOPtjA0VnLql0QJNEI7c6BHhRD3lOv29jSCCtDyQoYcoPVctDjFKUn1M148PzbYT3Avxd3oC2A0Rv'),
(205, 5, 1, 1, 'u6uOTjutx77ZQoFcclvcxkZ5ZRgKrRKVYeJSydm5kt4aSKn55ShDdgJc7ZXyRHuQVeIur4zMyDXrnkwtdO6r4QEcPBLGjfxftfJVkiHTWFkk0RNeFUFKKjWAVHheXOtq'),
(206, 0, 0, 0, 'g6VnJwctyYSrXAW0wckI4EPZecFRwlwMrsaaYmDxlwYj6UkC7ElbjaaymQpSbWFDoQNndrUzXTT4NdHUS26cdhKz7asj78WwZKTccOMaHFfuTWpMZwYcNJMVTff0ncwm'),
(207, 12, 1, 1, 'Xqz9elkV1zqUwPGvmEI9ov5hKki8wPutg3DupXqqxQk3G1y2Ghc4MhmxBEF7u9BKdefDcF3JwoMcplf5Cr9pIvWjaCrFM3pZhFCtlGdR4Z3tkjzXKInsekMoWe3IhtIz'),
(208, 0, 0, 0, '8l2t1gl6fpzAI9ysRVV5fHucWxUd1DMaYPE05Z6loGV6PtzHpuNEchR8PLmQp81nYFo3Fvp3bka1OKJdewSqNJzDvVuU3vi2bG6QbvUnP4pEO8R3EJust35YYAS25a5g'),
(209, 12, 0, 0, 'Rb72G1qw6PaVX2YCMs5fwadvL5yQgD77OeaugA1mqbhneg00I5ffgsK1yiSOV0VJf6evGfS6r9uFpvF8AVoRn8SWrLKmLG60MlwtBoA3y5IYAo6bku2IDUE4Gprr6ysT'),
(210, 0, 1, 0, 'UZmwnXzW2iUDH1O1vQJ9LoerNGTTfmM9l9FJ6fF9xzMeAAg6rZgcnuEbby4qUQAf0gY6vEf2e1gPCxW3wcgUHV5St9jn0TC09B7EgnHupYj1vf51slWah13Kbm8bgLcp'),
(211, 13, 1, 1, 'mk4DHL76Jr7eHdg9zckQdnAoJIAZtNpQ7ttOeBVY22dKgtUPGeFTBgikZTktGJkOcOCrpxpsACcQ66GMklGWBZgBSA4zjonwcZXCxn580hZ6oFTJ1zFDyWerxj0RHnnU'),
(212, 0, 0, 0, 'nlxVIC4JU3PiJJ2KjInSEBjcUk3CHqx5L40uG4dA83TRNWB6EZYjAiwvCz7k0EpMJqgqvu1DyVvlR7rw6qQHImclWkFWZ4IJuZ90uaD259nXgPtngk4YGhjCCZzB3ily'),
(213, 11, 1, 0, 'huyLEcNKmbHC1b0hv5gcmAOYzoADGWcXqLJ5XxPkJwWKIX1d2ipoSenrCY5iUhgl20q0xfkgMh0ue2Igk7Fdl2EY1JhW1xh3yH35XomKFmeTpX9K4PXqRCoTmGPne7rM'),
(214, 0, 0, 0, 'OvRLTdvyAKs0HBKMqIcilBcIh25v9xiX29JVnfuX0WXIyIuZrHiNjuvBwB7G8pDbyn7VCBTDyRl6AP61wpOQTjrqUy63XKew8lrLXlovcJCMyJO58DV1XnsSVzVSkaps'),
(215, 11, 0, 0, 'wRdtcBYpkBcTk0ZsEVuBiXuexq7RAwk6nxzz9yYuaaouboXQjrrCpWQWmXNXu83RGDrPcqkmBJRN7ODqg53G1TCoRqllypde2F4f5pCG8ttfi7GzcJfdDRBviWRQl45o'),
(216, 0, 1, 0, 'JaEPzgwIK0X27ECjoRx2J8x25oSrtYQc8u2IKyquyoxF39Zr1wtLF0NKpGcSE25Nw7vhGVLekjUnsUOuqif5i3QIJ2Ao5FbBMGTtCEHWYCjrw8VXqb2JeSrYV1m0HxCu'),
(217, 0, 0, 0, 'YWOfIEM0Lmff080aSpiEmFuHYwBm44b20ZiJE5KqrZGs8GC16VFsAa9zGLVLP6NQ65ALakbCkR4sxHtDC96djgN01ILRPzIWEjHPDSsXKwqheTVQ213miQmjz7bpHTlm'),
(218, 27, 2, 1, '0qPlcxNOMHdbpkH4J04GQQxNrGl3DZkEpa0CHNrtuFFUZmYJm3pdUX1mDmphlJVLTVoBIP5duK7u76du9DH4AIqd5QurAqdumC54saiXUqr2wFwGidKSWb621BuC1H6n'),
(219, 0, 0, 0, 'kcsMmLJhbbjHQPo83810k72mIxYKe58yhAlEm4Vxffe54De8Mg96nbt6IrQXxYwOzRsVWotbDIhIlvR7M0e9cHgV96TG5pvFhYBdm4p0MGJ8cAfYAt8NaoIjvB0B1vgi'),
(220, 27, 2, 1, 'if9lZVSh8lHBPiRgNtd59BcBhH0AweGOtQatL2LUoswdLnuzQHE0iQBzyCa5RQUlG4Os7zmv2SJNgdn7V17dSINrlXwcNqxuvlWCVj8XbSLs68z1aGe2p1uKZ0XMrugX'),
(221, 10, 1, 1, 'ZwUE8OUtIyDFAFITmNhk6L7YUfC2rz3q5Y5eNZHwylb81U2nIkHO5PNZ4p2vZ6V440jS01oynAHouKMd4t2ajPanecSeiOjnPCgPDEo1e5pJQbWUFY4YOem3rehJ3A7S'),
(222, 1, 1, 2, 'pGGcuVkk6dGF7ZLfYPv3bWtr0VFKGZd5GThbOBvVOcBWbmc9bIcnFFOFBuqhuEnbyFmnhRj53U2egeosXBQChEiS9IaDnxOWcajt2Dz5xCjORIhOj7qAMJtVrDyPbnMo'),
(223, 24, 2, 1, 'ePoVoteXTGEwMQuK5IHAe2yRAtRDi1TxRhsfLHdEnSb9IFTNnBoBDXterkRKmLhd2JtNrHsOzDXhjR5Gsti6qLlS6cCtXTG0CaO3RgSrUQJdIOUaichJYCB4PdxM6eNJ'),
(224, 12, 1, 1, 'jOBEgN6uZmcBpyDrCurt4nS8e88MMbO6ZpLgdRKddWPDus46WwA1Us98BiVotJvs9gJn7tAlqpYVR32OACPu5ZDHhy5LiAesRXPZrpkSOjNGmPuXsjsyj5fBElmXWBpN'),
(225, 30, 1, 1, '492i5NJ0vMw2cHhCwHRBTEQN5PVdhb5ml7ErVosqaYtnFKZcsQOmvFaBv5OMhU9D1O4WcwnmvQKbBKo3Bcq6RBInGw9YqiBs7GpjcMFIDqTeahiLuJSmkAJ17TZybA1j'),
(226, 15, 1, 1, 'PatZVbq17GfbeZABmkLaasvyPFgmJ4qzfUza50bcGroUrZwOkhYuKu2z9jWTomtDg2Ol2ZyIrWDSVaGfrEKb8NLi6Icv4G8lIWHLWfunc8g8iWnKB8VKVH32pgxuWGPF'),
(227, 0, 1, 1, 'GxjV3jCcZjhbvl6E2JkOeeo9y1FGm3J2B2YFlARlU8wpuC3wlnkACIKaJpR5tA84D6JZHBkBKQ0es4KOr5o4O8eyy6D1HM5kTPjBqEcbucpXgaLIg9M4i1CQ8gRP2XaW'),
(228, 0, 0, 0, 'Ntxd7KoCWOzdZkWfuJjMLVCTbuJerTbenJsutR7pGGDF0AUvjdh59UYloIAQBL5YuytXpAn6g1LhBGMVT413Y0pmIZdjLihgQLeglBmBD7TfNFbHJcLIca5V9ieUAwaq'),
(229, 0, 0, 0, 'hpGD02fEa8UYN5FxiqgvAlqKDFFecQFufm7gomUzuOxiUdQcD7Ies8Y6OEk0uZuJlC0KYVktJRME4DRIKzXdIVjwAEw4E1O0DPLCK56tXT82xZKhzHvhDPNetkj8l89Z'),
(230, 0, 0, 0, 'XUCH0IbXBj09jLqStW97LXlfhEoDMxDJrfrsXCpzVqIfb97E5hLRe76wLvay2Nit2JV0llzhLiwXsECyWnpbvwHg1SP3F7xHQtHcPhtBA0y2FaABy0M3xukym9C2haJ7'),
(231, 0, 0, 0, 'fmaibf1nwfQ3KNR4CnaPWL8Bkj1b4h7jEiCQyDd4T48DS0IunSkkEsWYMX9QfhaTAMJ8qXdj2lXUlFpJyJ3cb0bXXlOdDY7dKRmbOzvQUsLg8a0HT4T44421qQf3Omgz'),
(232, 0, 0, 0, '2EzjD0imZT1hxzZfeVgvpHfHqnhixy7zdGTRGbdG5fXCOWR3S8yiQN0gbhzIQHi4ncV4n9KsoH5dEXhx5PPVDPcO7MxXtQ1R2XVq7FTwnYK2V1z0QpWue8imVQjoGlfJ'),
(233, 0, 0, 0, '9isZdqkvMlYIOAY1vvONk0Vv4Gwl0H89ZA9c1uINPGwEgvFM0uzluuQzbmUb33l2DufEYXrOEYsVt8HuCgP6LFGX2A86Et9hYoVWmnL0mdVPmDjYT95FPLCRmLX0f6id'),
(234, 0, 0, 0, 'R26sDaKjtoxhZnukGpn10Zys7BMLvwXmz3OdezwIX40Wruh8TF9UEInMj9xPGvbgz0tNzZwx4wuw0MEUrOP6wcSQlqF2VRivSLjsLPZPmtmmg0hHO6NkjGbF6RH2I0xB'),
(235, 0, 0, 0, 'HYNW1YU54DxTKZlq8GXbmv72SHs9AILhHydIx8NBLlvwkQXsxUETqLWjtot37elPNyxkHlVsGrY1iVuPQ8JgUFzo43rchM14lzp2UkvBMuD4q7TggDxbi7zna1zsOAwa'),
(236, 0, 0, 0, 'aVd5gIG2dk7Dr1UIEsTWztkKuTdiuJsFFFKWorZBL6ec79VLBPIbi3WNW95rTy6yeQvDhuf3BtgIDbue0dqigm5dvbEoKLXZBsDTWSWxmcgZoLeoYEHf0NsvZ7UKSRJu'),
(237, 0, 0, 0, 'sL8TFNnBlDPeSTp5kQn4j9Ri1gUGHPzaBH4hurSQ5I4YBu3Vkq0DASWB9RhRGR2iz6z3xsUDaZBMtEIN5JrFBnhLeyCVpEeZKN3igXVqWxdpcWdhFFXh2e2hNEddjrc3'),
(238, 0, 0, 0, '9ITrgoAYQlin5NyZLiZwDBrx0FJEQN00wUsMi2K9o3wtQ5tCns814zy5fiJ66K6CEyoXB96ZcDt3JWF6pN7tnGzCYjJ43QHIp6F0fMZrqtu9pafOXnil3RY2bH7exOWW'),
(239, 21, 2, 2, 'FTc7mHm4eah9QkKBdWHH6lsSgYG8XvFCoSKLz7PNi7X9rIKFErmLNPE3NkbLPRoeK8ZjgP7yW5IoNs3sUqeHfSL3cWO2OcgylgSB50a15SqTktmfTAX9tIdGF1JteZ2z'),
(240, 0, 0, 0, 'HLNba5gRB7aEnyydsrvmDG7yuDD0kFb2rYeC3utFCEjZcRcFjI1Xp9wTMaU7Q6ah4oT8TnNw17weZJTjrVgQ5NKSXFZNLa5QyZYsmMYoTvDTexcFttwyghqdWq1IA6y9'),
(241, 12, 1, 1, '5wCsiBRc6u5k1i0uLw31OtfLUgtvn1EsyhVRSM4Yg9jisjMdQPeEjupdKTI8UnAtEwlwipvzzOR18EeYutDNX21IVKQQ7rkMXFjg5PPEEHGMlVLPpoDnqE6mpXcwoxjm'),
(242, 0, 0, 0, 'cCDistW6aDSvzElY2YltDrP2p2zOzSbMvO4Yh14sFXXeBjcDhy6V0WXpZxdyqplVdpUvrYX6VVlxfybw6is7epxdWLMma8ioycTZbR67NrE2ZPz671dmrKAowmLGu442'),
(243, 12, 0, 0, 'hY2sP8zCAeFz3eGbgTxHE75auRRZVV2cT4FJdemNt1nwf3IvXgdCojNSaES5zUitZXcdcy0FzocPsUlqby2zRPs1tk73fpwenIrzhseQRrGkm1KxAN6rDzt7TAa80Hnn'),
(244, 0, 1, 0, 'qOWHhby8CesYgdwQ1CiEcLM5mWenEBK4qHMITkQvzjuQx0GyDZdPLZV8WavALgFcYrURMLnl5ScCSSbwSomDniMjshTeyzqw0lnM6K8cCkPvd026opJLHv5aNYolxPSy'),
(245, 0, 0, 0, '01FKD8LLxykMGcTxcf3UQRvB7Cae4nq4o6P2eAOM98yPlsmxHqsyiY9pAkEFH5J6bz9qaXcj6L9rdwYUXrsgpCG0WkFEqpLBYU28ResXZCod9n76OAmed3e9nUOOjzqh'),
(246, 2, 1, 1, 'usqlGTjGwITF61LVC89PboZziNnBnNTSfkeWexDKgxpmzaibjs0uQZ49NrLbfF3vZhseP5Y5DnscyKnScon3nrcbTXm8CpDCH6QwbPBOc31LOoD1M04ashlleHtR77uO'),
(247, 0, 0, 0, 'BSL8XSNYeK8sklYITlQDsD4wVicvb3UMWGVUyISNt0fNmewfzmT20YzVhLrsPmfM2aGBTyonzEbVSHbs45u4340kPrNFN2rQd7r7GPufuFamnlPrqkwuowPeYCULFlCT'),
(248, 0, 0, 0, 'tF8n5bdINFvFXAddlV5PRE8LBtEAUyVoe3LkfY22ExIB8VPuRVjJArubV9MQHHeWLZg0Yj3DRLfZH5tz0NiAfNMaWz0DhfA2fR3da7R1S71Acv9disNxfAIb9JPqYptd'),
(249, 12, 1, 1, 'gwrrEjsxqu7DZhQhJDPYey9nhZNfohtFOV6sezZF37i2o8k8Ma60IgnZfbfEsJkgErJS0Ix4QP7eYrmKCtKkJ7kZjAELjY2XpLQpuoukeBzc3WXFpHZ9Pk98UNUdLWba'),
(250, 0, 0, 0, 'I2Adr4xGG7SJ3QotxoDmIMvCzpQlm1w447hvcPbSW4B0UZtsn7O5TjItJyO5Al9FsraEhmwdr8em7IOvPCBIWjcFS1KtmU8OmjtDF0R685sfNhKDUmmQFywxzh0Vb9Kx'),
(251, 12, 0, 0, 'sda7e2em7HBVZmyTIVJotgW3xXZJ6JhyXsGbuVyBD9xCw6vf1fEvvAy2xxMEh3dfvTrZPZBs984FeAVgPzLkaknIRam9dzoItQIiPkLYsPEHqzXf9JAk3Y2V8p4lZt4s'),
(252, 0, 1, 0, 'jNL87w7zmLhMlf2vYDP1BSWJh15gv9JPXvY425EoRVbcbeI9Rxbsq8cH9hYFrIuodssfx7Eo2QBd4jnVRyohGAZQSYvjGZIUrbaZiPolFZzKjWGav4sbFr2xpxR6xz0Y'),
(253, 4, 1, 1, 'HVCbYkJzcQ0azkrpkMHSz1ZAgBfKzkThgvseQcO23PdC9E2urJm0KlB0XQLwbEOrahG0uu2xkf9tUbXlVkmGFXHDOsa06Yrgf7hJCjgWzqqtCoPyIceoaW1ZobZvaqMp'),
(254, 0, 0, 0, 'wo15ajVciIFN4UzGkTgkQArh68fTDikaGlfQFb2XUHLYCkFWeVh4wIlDQBwuTQEzcUqR5sPZaAXNUDK8z1d5JzIAae534JDgE38JwXJGxHuskeBTfOYZoHAyVFC0ofh2'),
(255, 0, 0, 0, 'iqMPnwwVe0oye0suOrtd84L4Jn58DmbWMYLauh6IhuhwuJ0jbuwjyioiGtqjQBfDz0N4hTMzo45TN6dZBJj92HsIaS21uiE4ir8AlVaKZgDNmQMXA57CNzlYsoZWGD0Z'),
(256, 27, 2, 0, 'rn3uiXMIp26bTHpKlErNvLR4iEUyiFXJ31dmZ04o2bAVTZGeE729SUdbz8KRNIBRJPdIPh7RtHNmGtBkADttyHF7PpZD8AuRpIAfZH6tpTP5nqqX4UrCC7KrxJ5FjzxJ'),
(257, 27, 2, 0, 'C5MpvAkFnpRXPqZ7g2Y3mhdNIuEWNoYqtLPYlaEJzvHpWGwcIvg5NtTvYxrLVqbpb0nxb2gKyXauDGHmcXrZqkupSWaNmmcymA6yDmjbktFYamkmjMlK7Q9ZMkM9GZI3'),
(258, 11, 1, 1, 'j6WkIzi2hUSNTODT6xRGF809iQCCAhOTnKe5kw7Bq0ojP1dVz5BfdBows092hXWFIaL2GTE7T3rJ5FEEKgUYSiukjEnACjglt1oaU2hN5JxaobP8sJ7k2CFlg2WTlceP'),
(263, 5, 1, 1, 'UjvcfDKXiqugBi4uqENvA0ZDkqJmLfEGz9TPNDM64gmGzqbZ5YuFYujiU3FGikmSufHhTtoYKKEjbPjgNNWMif5djLTB5gtzwaRqEfoo02IbS1sFPpr7FxkYieznv3X2'),
(259, 12, 1, 0, 'DDwXagscyhA4fd9rBN77G4StA9MGC0ifEPdP6G1EXCIdPRFqFMymQqPrAB8cCrsghF6nl71jJKwzCbZiYyEPYthy5pLHRdY8S4vebxxVi3uUfudd2R21ljAqJl7Az5Is'),
(260, 0, 0, 0, 'aeGlMeh4iMZxhdLk4Omq7WQRiYrR4ajep0AceShwEh4WuQgzECZMzQDRO5JTg38F3IRiB9PfqTcUJttn6t9FjNx8Sh18k9OnSGGtPvJgoWa8pEwv8GartIAmZBvjLjHE'),
(261, 12, 0, 0, '0n8QTS6hOhqdWWI4CTw5C6sBIXVuhD9i1h8U9fcXwCbszTxbN3hpaK1THXoZAxhCOqxYFJVbm6EV0c7Ofpeq9fkQcIQNf7q4xX2cHXo343Z5f6Tvw7VFngvAYlodtOh1'),
(262, 0, 1, 0, 'MjethCwmGwsVDmq9tmORCksAGQOaE5bqppUH2r4IXwDBS4Kmqze3UGDAwrKbxWCXmwEoXJ7VfLw8PhugRIjLoXmVp66W3IUpfzOdiV8xHFGxXaOOT7zi5Wdu3jr62lvh'),
(269, 0, 0, 0, 'Jt6QbYSJilZEYju1sznUbKp4NLYSTmXCQ3t11lKkHJZG2uHv35pfQPjDAiwtEt6uxzwzVgUC0Tj2n0yr6YGWN0Ani6RWAXr8wXHseB4evohSoPkvN0rA02Yj9PfKMHSj'),
(264, 0, 0, 0, '3lwxF7IescNldQPIru4nUI0zUXvBARlEdRbSZU7s7UOkLD2d76A2PBCKy7l9ZGNdyZ5yTd007OlTsn6AuGDjhf4QnpZn6NAFMGdFTeG131Uvp16UIJd0YhQmHQJODktq'),
(265, 24, 2, 0, 'XdgPYho4W7b0v1p5d5W8pVeaLx4iBxXyKeoJvMOrTZrp1RueWqnmmBx89BqK8ojTCHD8trzmq1LsSgHPG4b3FIbPkCzt0SmDA0L3rlqSnckfs1595hcL0nAlZaO03bED'),
(266, 0, 0, 0, 'bqHCL8v8lPoORuXXMaJNxj8xuWyy7ccjCUWo2rxngWc8q95djO0R89oC6Wbd9nxMhtakUIHbEUj53oincjelsDYzA9MJwkvNNG7HoPT3Kc8NBraOKp9d27MCgzmNTSBH'),
(267, 0, 0, 0, 'DBaU9ipUaWQunOGdM9XjlpYBKyWqcuKP5UJfc99m50RtPxGCHDV32UENtAdF5YvaSeq5oAruAjXpRD1yhXBjSg7lQl0Vjv6bKwg87ICH1A7Sd9ru63OZjWkahk5AQcMA'),
(268, 0, 0, 0, 'J3JQMmyOWFGaP8FWctVvpfFHzLhqY30I7JyT67H2MocCwSyJlteLJUsjGKJFOJnVtVOA3wDQUPsrI1a3upPejix02gFR02MuYB417HS1xktflDjQ294mrCmuS2lT58o4'),
(270, 21, 2, 2, 'j75fLGmdG6U87Tm3t8uV5DRG6EWZdqGxyLNks9x8grholDrPMVKRyCyFgvFuVl1t7PNzYlHfMYD8C4Xp0IhzkPeBlU5gg7KnWxXVSFaFENOhSMGSuYsPOGr9BwqREafB'),
(271, 12, 1, 1, 'QOQkVSF0F01zHW87FuU2cFKscsXQKFaAt1VpUBpzBr8jnhq2Ml4Y0Pqdho413eCxgyWa9lJLNS4aavcWQhUR6l4oJ8pNn2kDAhNKCxvqqzAA4NwV4rMaMRywZYjn1E0B'),
(272, 0, 0, 0, 'VOlylQYLqzmvmSqqkdB74aE48YsaCsLyh77CY5ooEKU1DlrXz35EdJJmIbwkDiTUp0xn6VMKGHMj2dhChngu6ZQOan9OF3J43gs9cfUSXGc0UtCbQSGXRxM1UWQzZzE3'),
(273, 12, 0, 0, 'Q7d2n7VkO7kJBWVsPCqG9cI39yD98icYqp1OxW8l4t5Gq18fDzWMLEQVdu4mNgkdGl1diaznEE34FckjLg5xVWs9qwvdNPrtbtGtEgRiUUnA6HTSYZpTVS2moxAcn1Fy'),
(274, 0, 1, 0, 'um29CTrxOP8Ux2Mv1cpX4rjtZTFnVlVqIYzkS1SGQ0An2nT4Ai1EKk8KeO7992zR19cTa4z05ao7yhb8AdNkyW4MKbWTewLgFY9Q3JQ8TfgsxrB7Fosdkx04JWYYtKe8'),
(275, 0, 0, 0, 'JoYM7PU15btCD4KitcvOJvTtsSrVDF4m338bS3cYeGBSLlaeyG3ibWLEPcAsREOVHX6A0jzfZa7KviZ4Y3ma08OPkpic368L3em4yVkx5siBKiGIl3TmbIbw7tJbARWE'),
(276, 12, 1, 1, 'hLvKXD6LuEPbnLhJhbCmnthpQ9ijr5MJRiuPWAAqfqCDbTnt5ZPst7SjgaDIfpr6IVVEww5MXHp9BMCHMsafA2zQdczsC1zlXvZt24gZMG8osL5fdfvNi5EvidXUfxgc'),
(277, 0, 0, 0, '3fG5kW57Dev6ZBlcQRZ8WDDeRB969picEZiZWn6zBCFBd0N4RNcNqQ2isboCAHPfH7eDvlc6XRIaSveKiryJiA1KLqnm8cBPjPtOaFV7xDiq9wbsYJbgkd16EosMA3CT'),
(278, 12, 0, 0, 'S5I3LEbjhtJr0UTYE5fYig5WExJeAm8tsRxevIxNchedc8cRdrQvHVslscA3yIw0z3e5MMSZ46cgfo8sPYXwTqSlCsoabVbLZqQLdIKhPXy4lGxbEuIyVAUx3jIfeT0d'),
(279, 0, 1, 0, 'kRZxAKOqHnv232eIxWgsxaZAtIQHCRVWIUuiFjImGdpJgDrNzHf7RfIlXy2ApYw7T0qyj9U0njJDXbrxTGELWm6UU8uk61rZ2Syl1slpM53JgugaaUV7g12bawvhyXgA'),
(280, 0, 0, 0, 'DvZKQ8SyauGEJV8qA5IX8JtTcJSqFhXjMW4C4WbfrRUaN2Ao7jlf2O9fx1FdiDx5zBHEyTTZKN9xQKVX3hd65mmDo2RHFoMf0uTznNy8BIGrtCoxTCDYY0Cn2t4HRQWS'),
(281, 24, 2, 0, 'X79K1WC7TjxAKSJxKeEPsnvQtvNqATfy0oi2lV9eeHPZzyxkNb9fzF62aTsLNHjN6CQrxZGMGvMg4jBSuK83pf6A9ylWgFKmhAOPAuCh0oy5H9YcT7gjmmUwVfsbUdxb'),
(282, 0, 0, 0, '4chs5hbYlEeon6qgClu2fvdSBExQJ8kNlBgqTrpf6EEtK4KnqeqGKDyli5b1ewOA8501wqhC4V6P0Qdq5D7PhFazLmBZSpz1vA221kE6fKWfB9GGMNv3sGDd2edVENW9'),
(283, 0, 0, 0, '6sqgZs6pwbE6tiOJwCWque0B8zQZo2SuujLuLRUi2zpwRdgoPdOjsOUAnLAMNtgiM1MyTHRWggt7tJwiXkCp9xZwiAi63zoPBbovSfr8wVgZENiB7V0gs0NLA6SDFgth'),
(284, 0, 0, 0, 'TIZORhbYKjrF7DLE3Id0eh1RK7Dd2dzWWzLORWMBfdgmR21ULeV0vWRg4uu6I43EDOtvKf60snnkqofbDbb883pcyTjgXmVBao6VDcW6Ajr0IGclSot0rScZMwgJSck3'),
(285, 0, 0, 0, 'lfiKjZnj2k3pAkHSBiEwmVyEFWACWHuiWM3gLqzOKDelXVdzeS5AOEfuBP6yxBRtnUJ9kjX5WbrU7EulxAWlebQQ1Woyyf2V9M5u53A2f1XnGrId1FzgRp6SmurUJtQT'),
(286, 14, 1, 1, '0xXVFfVlzw885GqS8ocyw8PMTuNq4qF4YD0DTWZtt8BzO1rWqDuWMkIFPw6UXMYVpZzjWyMpHnYvpqsP4XLQiuw71D1Yp0UPZt8W2UlJikfHLHwPEiGXMd4NQ5Mg5G55'),
(287, 0, 0, 0, 'pBaBz9OXyty3Ns1UUti77sohRokkCFx2gHDQRrNqVmuJOvDIZVQ7oeogDIAfn8iEPVuHni7iFB1t6Fc5B2cZhAfVjQbHYtlOoPvL8C4Nd5hjKtplwBlOcAJvqUconydM'),
(288, 1, 1, 2, 'oIywkCjxHARs4gOBS9p4J9Aa4NzslMeJuNfPpzn7aezfvoQnxgshp2ruP1WbObUjYa8oJvvUJ59ft0C1g4iG7KaXL78Ai2Thd1FXwbRgg1vK18Lhd4YkO9hAgqazt3RG'),
(289, 0, 0, 0, 'CvWBV3i4ugUQPAIlLWd18tUSeZbr5qXIVUjRXBVrSQiHr12cYfe6J8YX79pdAmWwggneSjGK9YsA0uNYK14ta2ricQvNdsjuIHIA0olanNLoiym3zqxKtY2GPxu20OxI'),
(290, 12, 1, 1, 'vfjwEEH2ssqK0NOAelkIkmo9UScUGKDc0WJEBqH3S8OTVDtaYOSjagt59F0QqD3qAM4bcMf5V4YRHs1GgTZqaswj8wayadYK03WdPbiKghBXJDDZwCqG5W0dsaLDoJno'),
(291, 21, 2, 2, '03dTrp4o291tykXFkBcaEssXZs4eAaeAdrtFQy4TH5mgpkWKW8VABnyBPCPqM410vvGm3KfKQC0gXX0T5VtHj1i8E8zrcAsH5848TjTJWUZTRZMXVgEeiXnW5XohxQZD'),
(292, 0, 0, 0, 'HIexFCqfKrRh0e5px2BLg0d2eKUHlMJ2uYz9B0omsfDttIS1LuM1vZ4JJYq4Ka7f8HoKHN6a2JEwswxd1kfwkkg4iG83RgjZXHKFvRQyAu431Ch2XwzhRPlawudnLxnI'),
(293, 1, 1, 2, 'VKDFTazKLzsKZZXbl6r3pWksQQsAZz4VjIAdSaYEJqoJpmULtlPTiam91OJ1oOWHwxVpHT3qksaKP4wiqlcIwyRxnBzLqvtX3omKiqbCSlnIqT1QedzLMrj92SUtonqr'),
(294, 15, 1, 1, 'LlbXBC7EraiZty6NDNUQkF0vYUyaKDKvZVtByAg0LzZe751LTVBdBBJzwhKhVuMVqgxYQNYBmYQu4SgYNRcptVZ0dJh8d43DkABboANLyDfCvvAjnMIRIIRVr83Ed7ix'),
(295, 26, 2, 0, 'cN3e9kqhcuA96rqFB9tP1R1HC8JCbgno4qCdL2vYx68Exzj9IMZKE0rh8aTjrhHvIkJumesTkAySaR1SE0Ci14A9futGLbcuvVYS9rMu1kmbbo4PpH8qLIA0c4HYfTsK'),
(296, 17, 2, 1, 'OrCYSosUJP6UdaKCST3ECDFPHmNXggH5Hk3zJwttlzoyK8aC2dhFRWuziiwyzeDgzHQidkMyUa7Fihilvz0nvvWNNsmnH0DgHuzUPltKvApOSH9ohaLMFHAtaXQRXu7E'),
(297, 0, 0, 0, 'ZGzO23zxDYlwGvUXGFKmmlQxiGofbwUbdu0fxzNby8HeEBckgXHDixaAezQq5LBifBxNblYJtGX8haty7abpHm0WVQm0CXjSzRFKcEtGlqODAibHsn7aK76FYtGAqZsZ'),
(298, 0, 0, 0, 'Q8J3NdJ8DxMeQXWil3t5bAL93rKurduimel9r4i5C4js2gLnjetuPeETGon7CRpY5K8wOqBrvVTxbEVvTp0IDEBj3ZqFQQDWALtpc5QH0KfbobHiAH0elCxpCY4tPIpp'),
(299, 0, 0, 0, '4FLt0CjbxHywlcBg77K90MzNwtTN07d5NYyNASZ7zxEUKgaSnU1oHAbe3414ce90dINOANWalA45QfXeaYCRzN6DS7H5mR5AATobGkl1Vq6MF30Q2CICqOfjWXoiPtSp'),
(300, 0, 0, 0, 'mhB2BW4xmaj2ejThWBUmp9Fl74EWxxmUOXXqU1XhbgjqAdIwOCTeMyATDfQaMc5Aa2053YmfeGGPTolI1eWNNwGqLwByJH9UJ9ZN8m3m2JcW8xE9MAWA7D0T9CrTjAN3'),
(301, 0, 0, 0, 'KNRS9UfbEr8MZMVMnSmuvnoFZQzjqmnb9e4j8kuMMCzLpvxMnUhThFzhv8AWvY7FccYlwt8i6H4vdCiAwzuOe35KcFHHEOmQ1kcyNlRT3VpgyHR5glTvpYgCEXjjMGaN'),
(302, 0, 0, 0, '0mlOHcIK881HPSN6eHCDGSflPzECfOqgbL4TYNE7VFPLxDRLktp1mFmce1OuPeK00PUZCy7ydXjKAbwVFWW1BjeQk2kah4bhT5hwDo4RloBWz8Rf4OgF7uwsxQDOVP6P'),
(303, 0, 0, 0, 'AxIDTvAcv02hZKH5G7IuRxcDteqpyXT8vCMo8mBDnDUnoBt4JbyAILdcZDCxBwG68svgP6UcKPz8r2daeLKXxX9wBM4diKkqdQH2XCfHrPPSS226OM4lKeSm0WAiHUJU'),
(304, 0, 0, 0, 'LrXI3cpu1fmUhp06b5sWjkijhTCYNlTzNQhQ3Gl5VHZd70ki6Mfp7yJorlnfHgOu75kbLFgHngVvhfNn23N9Bwy2SVhzb54japuW5KEs1AXjPLGRPt1q0zsSuKsGPwZ0'),
(305, 0, 0, 0, 'VtX0eCtgcrz2dfU2JVsKvVDZG5GwBFxx9uyn71EjtdlHtfJcbcXG8AGOFmlh2SPbnnzupdNSr9AUpj7Aw4gFEXtkkOBmHry4O8ydmm6NvGIU0PuxTLcyJGT3vvqcWYgK'),
(306, 0, 0, 0, '4hRIkphra7E4pqqIyu09GCZ7pvGWV8L0qDIK30be8QjxhJfQdgZTSZ1huHeqQ0qgD91G9cUh3dPkX5aala3d94vEMJ4DJuUnEV3N7Y5bcUw9ZGjkQny0s3EeMJRweLTS'),
(307, 21, 2, 2, 'sBS3Xd9mn0W67Olnx0U1yAW4lBg2guvJ6oM3BVqYWn54brrIsmK0WG4iilkyQQiWe40Q0qPWOU00lrJOOtOLaT3sfo15ej1to2kot9kh4khqM1eBv2mFWp8bO9g2tiwR'),
(308, 28, 2, 0, 'kQfNZA44VmuInIjSLGyH5GSTQ9WkrsbLjryj2DnX0RFoAZhmFP3LwWFm5BHx4SinkRGmu4kvV0TwZaSFZWqvS6SYHzvMsOaNFRaaVuFRvynvIfaIbBd4H62pGyb9mmX1'),
(309, 1, 1, 2, 'x9I1Ba4RVg6wOO3A12bb2faJPkP4XHluQ3wsdAj9RqFGeIggLssNHDwxXlBU3WpUZVmcwGmo615lKmBvO3iwGP3DbFyeBY9BUvOqbaPicUDWhfr6iKCZzGDKlbZX98z4'),
(310, 0, 0, 0, 'RM0YoNYOlXAtmtWw77tjTwZLP6BgU3DMPELesK3NHDh47dAfk4yeAxZqEAHzEkluZ6IrQMfypwCxJdM4hliSThiySZ7wkt0jAJLrv0ZVxBthPfl7BEZuWi2OialCDmWe'),
(311, 7, 1, 0, 'TbRLtOUMI9V3XrfFWsMmse1CWUVQBiLvuDgXrbKalFdj6tY3WKqoYs1VnWLYfxtJbJHCUrMg70zeuxiqhIPgbRbyNXw3u0NFJviEW5U46tiA1A1ijRzuIL2wIyzdznTi'),
(312, 0, 0, 0, 'xME4rZNyZKl4vV4gdGwqpXrIOnzovuF2hk7IjUhjFCoaxsqL8XbxUDgJ1P7xjMzB6GjqBAKgc8qKBQwJOIhIlxsnmAUGnuhtbBUMcF3pOtapkG98oqRKYk8lU21hxjLJ'),
(313, 0, 0, 0, 'PZ8m7ZbjeIXcFTWUbVyJSXQwDoQvuGukFCGNCS6QB43gYZaaVITNFJkj8aPCQjXvWEjywpo8tsosrzCniwbYfvioF71wqY2nClV9LkheMGGegjByPMx5hPtXWvuntxK6'),
(314, 23, 2, 0, 'Fn43EhHfjS17FKuGYPAgCLafH22AILin9mqND82X044GOzmNpW42Iehpgk0Y6imfFN2jV5gW9kCYUYLjVPlD3C3kX3j3mFi1tlkpqAlAUXzPWk8Rauue7xy4BS7XyqY1'),
(315, 6, 2, 1, '2lRw9JCa4jhkZA7x50RE8MxwfMDf0Z63lYzvHbFMvW7uxe1CfThnFOUUByaBxgETeepWq4JV1Qpy5rbkksI0hCUSa5uIl8CAn1xN6gI878HczSxTlgTCTOu4TYNf7pPu'),
(316, 0, 0, 0, 'rnixE0GL8nYHgwBBMveFkJJdIxtQWjloGDWkDC6M04ugA5SmB72VQM9yjCpgVKECnAX0c3Nd7huHnm4Yu6TkT3TcFitB27epIbqVee8lvC3SZ7RteLO7OIku0O63VktE'),
(317, 5, 0, 0, 'vUzJ8I5Dl8wkgnOu9CCYkXslLyoHTSloMV8UDdxZm4jCs87BLJz6H2rsBQ9uIvTur1p5fX4B1oetwl4i5EoMGPehGoLpUFUlGjrVgvxhTLLq6PIcu6YaWdsDCe2xTWSA'),
(318, 0, 1, 0, 'fjvwP3NJPy9VoS8TZ63VkwyWKBtExmeNGKjvN7eCGoy5gGYgN2b7yK3jlwXTTbGzV05J8jlOIUUZBSfoVrvubyNx5LqZW7yS7DCfXY4GSYFtRVRMmngyW351Pw1MDzEK'),
(319, 0, 0, 0, 'ScPti63WlZByUH4dtSgiHMzpcGMc5MZYZOrhVveguQPpyUD2NTkuGTUSzG4Et3CsS4KNzZ43PUsnO5pBZJ6FD0xdHBSaFuDxznl8nqcckFz9LZLKJRpmSWAzysKeXoMw'),
(320, 0, 0, 0, '6U8B37A9AwtSVzle0KDnrY8XjNAKU5R00ZC37ddHJHzEhVThFxE7wM5PAFzuLrvLr7Oyk1g3IQIZMBhr8VzFIEuik4N6viRWpGvJHMNqDvqp7HQgDqVl5pEptswZKnW9'),
(321, 0, 0, 0, '3rTLeGcRcCgjk7AXxvjCVY2oqzoaWkk0MeM0UZS7B8rWg1UOwdrrctQC2eNZz70llMmgMfnnoOkEQesmsTOEnEgqT3qsbqOxdbNZrbnP0ItQWWdoQ13eGjFzn52zwR6K'),
(322, 0, 0, 0, '3UKu68j7QNXNKbcBcfPTzvsWBvw7nDSqxDUELeLC2JqMUCn7Rd0rItojZUrmxkM5XHJJWvmYeML9o9hgnhH6L5pK0R7xcTD9BnTySfw61igqrxHOPoUAuklvcs3omGyY'),
(323, 0, 0, 0, '3rwWG33Ilj9MQQBFfvgJQCe24hrrYZp2qWY7Z1QklZ6cPIS4e8O4L37QlyhjyHmYDk6CmWWHV3TLMLP0UE4FHcv3KNmiuJh73oKqkH7gL12xMSxHwCmeOShzFERan9ir'),
(324, 0, 0, 0, 'x2RSJY9v0b2M4zuBbRP0J7zpLqz9ARA8Ur0Eqa9qmbdqLH1WyRXiYwIKXiTxatF4UGIkQSKd3XDOFFLewIwveffcx8JHBpMw6vRWnCaqzNfet1t0JZvYfKaMTUuvkh1q'),
(325, 0, 0, 0, 'MTm9vxA4kQjORNOBMjA24LPXGkt0BvqnoNxTk8YEZitQ5hsSA3UFOJDu36uFBU3ZIBS2JRHJ9aAer27261IULlpPrUu3Py2x9VzTMhCWrcbTfiVljEg5ZFUrApupXxX7'),
(326, 0, 0, 0, 'sx0fOCcfOn84G4pZIF5IkZ9VpDknbiuDPuTD76TWt1096p9P4expeGkEkF1vXv9M03q79j4Dl4NrtWgybOXqvi5PY6lVCvIDy9KHsOlNT8fm5wVhkTHPbNF9T15wwN94'),
(327, 0, 0, 0, 'XUMpJ8dCgsZlZVCjOk9Z7O91Qeym2HrZCdommCZC5YY4TBnHVxH3mQ5c4Dy7lZ6Ydvkz7jcciagcLEUHbBKxsQJxuiEPhKOvg84nshAKrQXcvRTGtEeVvYtZg7PySD38'),
(328, 0, 0, 0, 'M8wep6ZQXW3sNX9gCoc7mF7CNWaFAeOmmkBMqADowHQkE0BhoOpLuwohtzW4NKqa52XvCAU9hKuWL5daUCWo9kFCTCGHn7RsaOYNpSWHDrEoxRzruvPDPugJ6Xqu5iWf'),
(329, 0, 0, 0, '7U2wMZepqSOXJooeTdSJI8sP6SjbbgqiasOXr3nRVbOFAdTtrMc9VFZ1yicJyC1J5QGwT4oOfduPqojRaw15c06KjitRVvB0lhxfmV4B8yrzWLr6hscttieMBIDxdfyz'),
(330, 0, 0, 0, 'x5OT1Sv9rWJnIau0DGu6YISAqw7ELFeiL3cMVHWnEFKmQfmtVRAUztu0ZCFLiT43WgPSXMfBs0YifkMbbn5LQAMPcrBulFyiVoaTaqvCrtVHNHSZ4YLVyxKKZmfl1ODX'),
(331, 0, 0, 0, 'cORnemZGPVnDCgCHeoCMWnxVJNgLBTJNHAbWWaDM50pIg2quq3hmrOibByWcsG0ahb7emK0sLpb2rBwSFNf6Cxid6eqzVrJcCRqZCqrnQDpifWaUKp1mXjA3y0CtrmG4'),
(332, 0, 0, 0, 'bPlzrbG8lbBg2v1u3SutxaSVx9NLZSjbHFK8RqhcBStEnu8rnCUVMMQkWD6Wvq7d6RmXiDaUvDyT8Gkwjer61irXVxUrY1E4T01bDc69QE3YknvDCWJDeaBaIwCGygKs'),
(333, 0, 0, 0, 'vPCEPJhgDuNuY9OeE06NHxu7D98NRnJndl135jjJN7eMh20W26JKEeRio05foOCBaEEgYYZL6dyogykjF43kjVCHWIXkxzVHeAXdzXZGax4q5pKLtO5MJIuFrr0Y1VGf'),
(334, 8, 1, 1, 'BDEU6fpcdSvCN1BkKYHyMZWDunaL5lNHZrB5G1iUTNwGP81A6I8SH5wctHXz3Kg2cR8SSrMMfjt4suEydNrVTY7mG5WJQcM24VVXmIKB1eGtIk2V8uR1tYoa3kTTxGWC'),
(335, 0, 0, 0, '1njj3jjFbjdU31H4s0iEP4rsqapXlHjm4CG7W0N7j11n3IrvJJ9yOA1eKqc67wtc99j5a7ct8eRcXiHG1QfQrh5cHhiPNL1XVl25tfzCuqOrIv8KmoBNFG0nXicL4dI0'),
(336, 0, 0, 0, 'jmoJ4r1QOAkCyisTj704qCq7Q5v2wOoPaMzfdB62cqFKJ7E2fE6FhxN8Cia97zZhlyxzaDCm4h7NpMQEqWkIu7Q7q1hxAgPWPnvZ18m5puTPgJtHGOqbVgimhAUSQKOG'),
(337, 0, 0, 0, '7kG8t2eTw7INRbux0UIWb1itBdlsYa85vOeYRtRoAzbrLGZLBHHNJ0gleCNcNWiiKwgCZ80AHc2tT1euJWisWzNacAnZxFihcyUbGUMo7OR0P6vz2N1ZmOaypxyWcQeo'),
(338, 0, 0, 0, 'p8A63nuacma2sGButCuQrEpRcXOpN2OcbpifMNqY9B0ChB7KeBBFg0wsXkRLnFYz4hPR5fQeQQQ7sXSGztmPtTire9dBPcbUt0MzfCO5tFdVC5CczZ13Sjv6tIIjVTdo'),
(339, 0, 0, 0, 'TZY9CMf5rs04yDg7CiavCFB5okpjeCI7CGheswjTYkYxYeEAwP59vHfT1EdfhVnTCF85bsZaNXHLcmmJbrSG97AbLNr2JPWmu5sGyrRlpy7BVtl7VdN4log6cI9Vx6i2'),
(340, 0, 0, 0, '71U9YPxWBHsh4d14iNvkl6ID1zFfYLr5MlfLbMHNu95zm7DFU9ZgfIThizwgkYm7kBSvoAjSJor6w5MqeLGtuAKMah2vfpCz0v5p5ohPNJWjOIK3trwX1hJcyMHObknc'),
(341, 0, 0, 0, 'YQbGIGoYhwdr4q0TfmGursKXaSodFVzELKkuqJsHgG8k69dmvURWmCTwuiJ9diNZ37ttQWb6CkqJtE5YyWUVzOr36bcku0jx7N1YJc5lww5ZaaYJ7SEHH6KOiX8NXsl5'),
(342, 0, 0, 0, 'u9LtR7C5ry29MKTJE8TUWzufVnK9zNH3XsxOAaU2IWbvH5eld8gaHLpC8aMHXuLUWjJxtDzczKHgPWC35SdMDCpLNbtKFfFCyoa11JeBtWRjTumYmzLZcaLZmfK2upF2');
INSERT INTO `info` (`id`, `player`, `team`, `state`, `cookie`) VALUES
(343, 0, 0, 0, 'pq0wUnv7QYqoEG3IpBIf7sm1FuC9r2wQtwnoUSvKQW8vCce2NXhVpDW47yezBKp4hMtbEZWvW40zhfB5cS0CwWGEuVd5FCaWoE82D4yz9z8qOKv1CvD8rkMWfZ2VBdS0'),
(344, 12, 1, 1, 'R03u5B4eadEZXa0zFEI7Zv4fu6a6j36b39G9LKnVY2VVcWvSAe0AJ4PdbZkv3rG6Bmfm7Di5Fd0S9wLKKLktP9H191wcsdj3zzpGdIMTVML5jwQ3ibw7ke8ufFHIS1Ms'),
(345, 0, 0, 0, 'Bc9OUVHQItV10M4iXBpiPyM5euO6vAy6MHVGCCwk6sm6froc2OuSnhYBLMIhmgo9YjPBWmW2Pi84JxgMlLFJ2DkOq26NjvWhOLTL8PNX8W2RtiEP4jy6XTVoV2bfx7xl'),
(346, 12, 0, 0, 'Tq61gUZoQ1gjkV9ofHvcArAwtML0TilNJsOZmOodPExazGyOn41YvCuYpfYiyk6hMUh9JFmzkUJUAhJYlKWRnqPMGN5e7bwU6N3QtqpNk8HVqqTMbPDzgsmWfrbmDHgK'),
(347, 0, 1, 0, 'vkAYLZL58t0yUUk5KXE0p1XEt816QiRlDrkor6uzzv7tprz9pe9Of6tIfvP5OGrr8LQzRk9qPhUeJto8HyXWFqFUWu0Karcic2S3m2uckpr3SPcAo9x3AcYwGYhRptaC'),
(348, 1, 1, 2, 'G7Dsgj0mCDn6Nqabod65L79d40chnTW40AwhTwEva1CYsMaRZhWLp6Yu6aLu4Hy4h4mbB0HM2jKu6Vl6ciRCoQ6v1RZ5zx9QCv2dwJZy3K2aFogSH8u5YBBZsA428dTK'),
(349, 24, 2, 0, 'bfOdhuuD7IdOwo3zgv2wxdidYIwiiW4ubSHsmc6tUkirIm1YR3vogNCfv8yO5Cigu0JRcPl79EyS0zQSCmhT9T8F2Gu7iNoNN7F0X187FGZGgQzTcQMmKV1MCwUUjjI7'),
(350, 16, 1, 1, 'XoVEBYyPf6vXxOvjBEvii6XF1uFEJ6hHucl5aUUq0qoxfTQRxm9Qs7vtCa8lhp2MCoRNiMdjdCRsvIk34uTwBp0dz9zRyCDa0vYjibDvOuYjcjngNgNoFOCfXb6wNKHO'),
(351, 5, 1, 1, 'P0irprt4bdmb3KWl7GvijGWjGAIGvOHlOZNergjCuGOxqLTxroQL5M4LnMsTB9fq92FAjYdNE2l4NeCeDsZIf4uDRWws5LSfOxP7w3Ub5ggSuS78l7RAcld3iKvovoDk'),
(352, 0, 0, 0, 'rWeuNnGViD4XGoo8oEoYS3rDe6JFzrc0oqvcOc76Pc4wAsEZ73X06oDlvn05Pd5dDBprNwxCIB9j4OicRgcYFPjbdkg2xmfbXECKbanUMwdRkw4cMgar6uCjOTllfBwc'),
(353, 0, 0, 0, 'wllxwIp984sqHBcmGKXQYfimR8zOW7Ett00ZIq9RuBiccuyTewJdL1zCa9q7h5AL5BKN1TFvvXIIrhBFNkTymsbxCBETGfFMQpARjfnPc5xDm9j9udIQGToiu3cbiRY8'),
(354, 0, 0, 0, 'f9Xrkll6RzYc52oRjzjq3WKRP6d5HKiXTgodBKksjjFom3gGDA6GwRymXMsFwKDq01DCMY45iKuENKkrkr7RjGdhsFWYqzorB23n18skSWYGHj71LfT4W6loMindRMFt'),
(355, 0, 0, 0, 'hy0BOoq0tXEQ7Y0BbIsRCQ97UmicdhlvPm6DKwEeui5Bg5csOEjqvtxpPQC37YyWkFA5cejGxoiOuvgiaAIG3f5S5IWcGv91aK6mZq3wPmljRCB1ckHfAN8Fw4ScA2dK'),
(356, 0, 0, 0, 'Mk7LKaizwDTogvpsP7HpVP5rUYDu0RfNbmzWxRv4vosLUSdJZV9VLfmGd0beRq13NAZlsvpYURJOKXxKTHFEW1k91wnSWoWKZV5rqupkm9867GQ0nwFjx0tzwQssfode'),
(357, 0, 0, 0, 'z6KNhKoM8HqIPUcEbtAqv0wOo8epxxo7D9UUTjH207KQ1Wvdp5DV6aKuiYUQwjX9tS4mbLpcS93U6y8wDMrKWcefb95Hs3QVWVi8GHkyQntXWBtAnVkk8zzjIE1aIS6E'),
(358, 0, 0, 0, 'NoMt572WvvUr7n1vimPrVoKD3LOLEUqridUokWlQsfhzCj4VFUnBi7elT36xXxYgKTF5Q0VigcSTwXPbRcNaj1vd5CL3aJjUDZZt0UMg7F9DDZPvbDFvEbIKOtNYd7TR'),
(359, 0, 0, 0, 'P1QjyljBUn8cq5KVkRhiQJiI1tOlbjl0lbjTxDvr0EEqJpm3gEm7nEPp8DKjW6jhiDbQgGigkWH4m38CHuK59zuhdfA9mUrExDvOkN5FKMJ6QRJyltDu38MgomqKgRpO'),
(360, 27, 2, 0, 'vVDPIIutvdzl5jTrMxWPGI644wPlnfaTaOITwcm2qVovfhX1PTRwBXAGtq1RFcKQ0tJxG5z61XCgfzi5saB48cKCCMtiYe8ZHSwnY6uZ47gjGyp9J0eRdYtPKW8JbhIT'),
(361, 13, 1, 1, '3UA5lJQulxcyrbL8CRapEUn4XunTGiCKddPyWF3hdgQErCN3tXt7SQbQkzJ1SmL5zBEwgIOtYE8pgVtJTWRLN3C8Cl9vHUAhwfNMXBgWgpmwlQgfM71AaDINZSjHNUYj'),
(362, 0, 0, 0, 'v5CGvXrEaKxbkY4J8Y6A0alecYYGPOPlUs1pqs4AdCMxBQhJPnkQyF4LE3ruShPMJQcajhKwUx4volfeJz4hf92Tcun5McSw24GmmqTgYXLmj1A3AEkPNnJ0R66EiYal'),
(363, 10, 1, 1, 'sLILQc9E4zoh5jzheGbEEOVCtHSRCHf4sXQi9ZXezlvEE5VTL6xqVt3oaVgNCvR5sIoCIlQhHmVlrRedYMDTfGipBzce44jxNH9v30NKmI6OAk1y7EsmlLMXkZbp4vWR'),
(364, 11, 1, 1, 'BhzfvPDuE0wPCqr7RJOyjGvKuLXfyGZaYypto3X24uRGViNM2CkmiQ6NB429L2jJAJcZMa1QETxAckmeWHBfxH28M5ix7BgIltH7EJYiDvSPQf4NWF2um5C9bVGjwX1R'),
(365, 1, 1, 1, 'lqjIfRLNpxCddKuh98iEHVKiO8rsZKWlbf3q6PewmQJAAeRKmao358mThNmgyjCJyFaFvobSeVtP9kzvvYzA7VuoJRFhah1JXcotAAlPwOEF9ebEcLfjGKHpBmHMEJvB'),
(366, 15, 1, 1, 'BX5z4v0AaVu6WTHfeANBEZhSUGAAspR3nWDrrE2CzwJwpqMD1zfFyxytd84FyVJVRmnj0pVAWF7l5TZ7seN1LlvZtzE1uoXmKkFLKBmGgt2mn1tQggR2Bm25WG7q44NP'),
(367, 4, 1, 1, 'vazxfW4l0ZSbRTbKQBkGxxTwc0e8mL7RVHpbEtwFtpRki258EpPcXIIaIWi5HqXD7mOMPlriKiD3lJc081c6KUgsRzyzZvd7S2UInl17EEa0nn0wocC87TBYsaysGLAy'),
(368, 24, 2, 0, '7SkDiBESoGJjrPx0oOC8ptdl0e7D0ua8nvMF6qyu6hOx7lywabEzESVF62j7xtfUY2A5s9Azro7yKF5URKuwCpbJsuR0X7VW9w2CFCb61iELYKGPubl7BxR41I4ZP0VY'),
(369, 0, 0, 0, 'wYAbAMiB4Xn3H4TcgejSLaWNT1MI1IHyGiKh42T9ZhcGm5TCkcu6nrThsG0uoH25ZMm4PgdOxqvTwovQB0XZrRhTxhoWYq1Ydo33EgRcHn5dMB4oB2o2TFWrWkoVLqTZ'),
(370, 0, 0, 0, 'PW2tdUFUiL84mdtYfR19xXAtiZo4pi3ee6Is0omiavnwIQvXIw7fuHJMH7R7pUlE1461ttkDYI9HzEEibLxFthsbojiOeEtfIAhb3CO2kYJTDobOaJtE0WPpf8euMIKu'),
(371, 24, 2, 0, 'i1GlDuoYt7S6w4VHOplOlbeBjt56bPAuRhQvMetfmmmSqhzeGV317iCqLIwXy7rqohVbvpqSLMKb3kpJgsLnLoOw6kuFsV5Rd02JqtBbfmmjHM3XfOk0d8xkt1ZWX5Na'),
(372, 0, 0, 0, '3EQPnj9E79RXdaTABAqS7SikXXSro2lsGbh3vrHCAzAOJtol4PdcIwxFtp7Sssk8ECc93UMEumsdQRyUGM7pjE5M3cEwFZEjBRtFMgjgDLttD2ojPvJ89OVd0AJFzoZb'),
(373, 0, 0, 0, 'AIQWfnD5Vckw2228AgKDD3gudP2iq5Y0OOW3cA87MsEPvHY5XJJBMZ60P9ifehf26c6jNeqzG5pcNnhL70nT0tUPCd4RukUBx0UkelUVqj7eHpZOpmIqPCfsPkkkFeVc'),
(374, 0, 0, 0, '4vRVAZcPIFTdeevtPEdOYII5cjngrWAwssr3rES9jMny0T1QxeEwXmB9FYq7V0Dot5rUJk436sB7lDXSRBoPYZZEYpLUqoiTuKOd4SgakShFvfynRWcPWbuVBfP1E7V8'),
(375, 0, 0, 0, 'RJmWBC6WvoC0Danu7Ak3LOZm4OoIWjRN2dKEQRAlfclTmJotjIx5xwsBlQkh9b5coPQeGrzWDVP0FeuZX25uzx6UnqbxBhJ06AeN1OJFKzGqNbpLdvfN2mHqMTXobHoh'),
(376, 0, 0, 0, 'MTUBis1XGWJO38qBZaDmTYr4lTFegbk24eEmGGjnC2cGbDhbNVxHTZLfTquaCOcG2R3Jxm7apjQBW8MK3ksXkdcdEHngvAXyr0iZnq9MJZoG8arbvT9P6l3L2r1y2Y7u'),
(377, 0, 0, 0, 'ZptmPC9zCxgKIHWdB53Ir7tuyv2Bua5tzyQpb0YOxeygWvuyAyg2FKwdgzPKJUeit5IE5GsDV1TSwnr7VH9BsFPJeEtYyIh1OZGTG9wBaquHOVOJDXl6DaPSOjQm17oP'),
(378, 27, 2, 1, 'YdhZALmDrk61yg4q83A5m9jBC5N4NvmMJDMjo8WQt3S1kWss02yncSYOXLTLhfx0Tjkish9Vl1XGXp8YsHlEAktx5mjnCQovaJND0WymXv2VVbUnTg2tAv1GSk3ubr0m'),
(379, 0, 0, 0, '5qliLE6QrvVn3g34LC4f2pw3NLLopLEuc0MYESO6oJur0xwLaB1c1xfPj1dINScZSZXxSLDgv8IwFehPQj2RQiH9jUS6M56F43cWPQclYVRD99t0svSjOzt7ulegqlVv'),
(380, 0, 0, 0, 'o8seYFAWArzKA2K3yCmmcQuGbIXC4T8s1AHZfhVPJvAkykn6XKt9AXQMGNpKGydH8UHocCeV8OfG8DN6nggYd6LUUbEAJRiSMZgZCuULiarrNfybvOaJVVDP6hpP9IIV'),
(381, 0, 0, 0, 'Km075RkSvjukABrjD5Ekad9oZ8R4ZMkK9lRedc6IwA27cuqPA59Kji8iqZnqMIbV42aifh0LS3S4yjT8o3SHl10M1ncO6oKaqUsGcts4xl95E3d366Kr8Le99rYfPIqg'),
(382, 24, 2, 0, 'LqnCECoEwgsCQqODXnCUuholURAqLn5xNtas5z6CPzfGZ4kWrWQWefh96SzSfFq28Aue9BQZa6F9a06BXXybcQliIVaXAAZJbuXl5OlfU0p50vGXsf9F5vXNq8L1JLKV'),
(383, 0, 0, 0, 'qDDbq142FAHxLVwWUlW6aKTBWjR2RDQhgusHvxJb8rITmfPhBMnLxhntAewrSnI9RbQnIAyR1hLowAF7n2TVkgpUvWmoj5yagoxZZ6Q0nBoUc31A6VvrbVlHRI5aNDl4'),
(384, 0, 0, 0, '2T31ZT2mvrgHuihBdN2pJo6A6cLUQ7YT02VZWXmroD9TWrv9fyzYWGz3SkYJrWCsZxrVvNnUqwNmXjwcR6bNMKRF5PoxM1ZMzqH4e4ZFBM2z6zMXFXLsIC7Nswkfxk16'),
(385, 0, 0, 0, 'ZAzohgsnBNLeovblZLkVxLizMAouGoBGZa4hrxE3lphJVt5VfpRNb9mXJLrq9269dbrFJ6I4v0NruTmJidwtnTr7ESxOVDX9PpOyvxC0xqs2jPLC3i6qbxxPp5DkIBty'),
(386, 0, 0, 0, 'O5g616YN5vAJsp96HLqOkomcGTmcLj9AppHqwFdBbOkDeuJWg9KBy6OeZaqLtAmS03jwJx7UmsxAXgwdqhPYnDdmOE8ieuaexuKg1SaolIYjZvwpMmo9ZCwOgE6v8hJG'),
(387, 0, 1, 2, 'sCnUhSyjeiIpwyumk80jVx4fCDsERODkq0fISO166JwDh1ZB9ZU5wZk9DNOuCrP3s4LkSMrZwXCNYBp8Bkd8jyhXm6rYxh1ZlMkezLe5JQSIsiQ4D3dWCuTYAlW8CY8Y'),
(388, 0, 0, 0, 'z0hdYjp9Pt6wEo2E20PZkMT4Pix48zVHzcVywlImOOStdV7fWWehJ8myqTDztyg2LcBhxjDm8wPlsXBpUQGEY3cpWQYpoes9q4rYo5kwCaS57tu1jbFheSGbIEA7T3hk'),
(389, 0, 0, 0, '0ROLOxxXPtaLx5h5X2GThL0SFGoM1JA2AoNpVlmLOxwlCOrzQ7t7St0xaokb7UdIi17emtZa0wvDkWca4FiW9itjHOuOIIw1JEf57ef8KLL4IYfMEyJNQc7x0CmJkTK3'),
(390, 0, 0, 0, '71jPd1SfuzPyKxI0i5BHAyFhkFYa7IAfKT4YUXepw3YgBGgTMSBnqgEKVCV3lvi5on4jkiIQlH7WnnQagrxGIbrEOmH9R0fgnjzICizXZGUn4Lykd51VgsA5OhfGiuWG'),
(391, 0, 0, 0, 'cHkoWTZmmiFLSkpUg1U4rrxkaJOnuDAHkV6hO5DbnjXgDmbUo5YPxw9IfY5JBFrWAxdpCRB0ayhOVtIkzH96djOshUcTADPbb3ANUbO4K6TGzB08iafwt4ZLYbEyPuJ0'),
(392, 5, 1, 1, 'IZEm2L7eBUXeRrHMvvb7RGhDX3qXRNPANuWPg44RZ15QtNDYjO6bunOsrepj1fTPKQF0UJSTLYKeMnd5bjgGH589jyslOmaydQy7zr1kpLzb8Mhk5y0ND9WXIpjwLu4Y'),
(393, 0, 0, 0, 'Zgdb4uDaxbU1RSe5Uux6NclUvR60NBcNSqYWUC7sO1tFTHLObjUZvgT17Z2UAfHtFGqAix26zwMtdyipScoothqAgsvRIdlnTLYci0jSw6lKED9xQxWjOmU5PpXxCiVw'),
(394, 0, 0, 0, 'Q6iS2QU9hIZS0wq6iuZaJPGOwVFs0wSQCaJF1EOjmObnkBuD6uNPjuEPpjhpQagsl08nEWG1KRp5tTIAnvqGZ4wpoOPeY5Hj6PHKLnMwebBI4kirPI8PNEebs4qr97Lf'),
(395, 0, 0, 0, '4y0TjVXpYIaSu5CzArUEDDuhhOxvmGIreIkyEhYD09vve85PzZtcDYtUM1p9I8AWRVvvdt9dCEJRMOGmOayr82lV4L4MTFJKAegOIp1l4KcQzTdn3MOcOa7TVbFPRoAs'),
(396, 12, 1, 1, 'DQglgiGk3TbCNo0QaO2ZY9SUlyJdWkGzaWVrfCLivXUimU9wJcwImpDIXnVUHBtSyojN055w20PoVZVEbsnxR0fPnbJ4McWkBg8Cld8odYM9XIO9abG2cWRz7AETNBeo'),
(397, 0, 0, 0, 'Rm0dA9BO7oX57LehWVk8RbIYLnRyZ6XQsX437GRf5OkczzuwuOFl0ojMLbkKhiBKgGNnmECstXE3x9z1XfnYDHKpT4abnMVDsJ0PoDhSBWV85va3Ky1ofLO8QZjdLfQe'),
(398, 12, 0, 0, 'ZR4ovmg7ibfnGqrrYsQddFm4EGhqV8EV0Jjw5zDnLTLsjcUhFKvSqSW4yeuun9pnSJTYixl3q7wJkq1ZawSAoPFX39rrjROcAIaTfwXFDtpYTqX4XQElFkjJuLaNCZZd'),
(399, 0, 1, 0, 'H97XF4Djx2hqsfup59LKu5uYQELtELHlUOjASWUpZbQsrlSwvEhZJLXAqJ34uKqoyKZqHTQG5H8w313zFkyp6wZxf2CKN39mN8Nu2Da7ljEplHY02wq93pGjsj3fmdB9'),
(400, 0, 0, 0, 'lpDo2Ovo8aNtRLuTiU3mjKFM3J2pWEyi3cH61cu9niDe378m1bIlVo8Z8ao5OXoRa5XbirlFKYTN52a7eSt9hB9pLxvAvTrFYoRgQcVBaPogRzn5sRfJso9eWEOryg7w'),
(413, 0, 0, 0, 'flqXjOxjm821FRpce6qinBzknw0G7UinfIlywSST0UVGMlS0riiPUSahpbYw5gUkZfTw7Lp8GlOsHHs90LYUE8b3j9ApquJpKCVSol04HPwoxZxxKwrpEDsYN3ndy7Di'),
(401, 0, 0, 0, 'zkiUjIDAwXdQ5qK8w8WWkTHmFexW5ksFELzXucy1aMRfcBnIKkE5emrTAZPFjikX4UVy6uzggqws2UbMeQRtcjmMibsBuNzyHu6OYG4e6BH9vSWKJNdV7AIpMb1gZBOG'),
(402, 26, 2, 0, '5Vu4BziIb0SGTOrCCFyJfg92sbirM78S3DWEcfnnff483wLFbjprAyt2KMtwUBoXelCrAZPQfUZjqLZC4o4EXyHHkbdfNCc2YOtzOjq3dpmEamhfKlUHTBpeNDtAfFCe'),
(408, 0, 0, 0, '4jLGE3fLEofXre1JWucuwfDwlkLYUIGY1rFFuUr9jH6KV8tRDGmaVZGhkrfe9WdbnSRSMi16Z8QVgkNU094W9KdtctImpVxMNpFAIGHIOxD5Sq0TA4PJP3d1wWnVRVIF'),
(403, 0, 0, 0, 'u6NipdmDDJhO5y3PUYxNAW1nzuXPaA4EGRX55jII30x8zBYtzwg9tix3NvTX5XCLPzQUTzDXza58L4BlASv4b27Yx0WCXynM8eH2NkZmv5vh97CK08ObaW9IW6lTFJGO'),
(404, 0, 0, 0, 'XnQKIQ7dVDu5K7QLfFWpB68yctrSc8GawwVem3riGVor2echT8HvfQ3skvkwD0H9wCnTFPcmKANNO05I9NdoDgQXMaupaczHOXBuMNRxnFlcFqVPe8dSp4PbfkBqxa7l'),
(405, 32, 2, 1, '8JQUwHsUnN72e2Rsb5kAaaMpvnQ2yYoGHfBeW39kRgm6jeyvkT5v4SVAgLCOJ1vrg7FdbOx25T8p8HUtB0YFSTf8FSXoTtP9AvmLkUNqOWQWEKqfLoVEibMX3KmXdc6N'),
(406, 0, 0, 0, 'LLHy1Fk4EL9c6TSL7glOGAkuesQf6IfRuWqwBKAgvJtCDmoLCKzikTMymCOtl3kP0LlBvWS1FlEjH24jNDC7xoGU1vnnzIcztybYu30aoEt5Hxpub1CJqjDrO0OnJ1Xc'),
(407, 0, 0, 0, 'A8b4bcfzQJFyg43s6FbwZOXOPMcyN9LnhWss9I2ZrHyIMBaShlohal508hyVqkjHhM9qubpWTYEFzPxRbV8lhdlpvUlVeFDvsMVXYlTRkxxUn4LyZUTh8fGDa1zpGcU9'),
(409, 6, 2, 1, 'eDeyWFO40gCnCCB5olzy56dZnZtMWnab0pJW4x05ODtqf4vDq5bvbpvyoYlllwwlVgi0Oj5CWy3bDyP3E1zPq4oP2JbofHJbY2bNlgphPstt1iwFk5vKaTAcDLATtk4s'),
(410, 6, 2, 1, 'c9XbHPA6aQ1ZoVqcYTlLLETs4n08Voa7x8jfXUl7Kn68jxliqG3blWEpkFyg3InAQGQOAbVly2tSzOa0vdcQaQgvvOLyx99nPZcqb7LK9fCJ3MJy0VpbMFHiusQ1C0pr'),
(411, 24, 2, 0, 'baRfPUU0W6cTAFBQNgHGRx45b7txgXWs8NHXICXEIayiP99DqRjioooAvS7MP4eYRVVAxTeg3NzSWIwnAQFYe4yKWGwMKKKCGFceyrvBe4ubN1znRfm6jVQfBn1l7LYO'),
(412, 20, 2, 1, 'BOjSWgIEhsHD6u4vbAnfLGe0HPI7onk0cES9UANc2vQ9ZUEbv1rhIFhpu0xSoSTBwLKqlyCo3tx3nbfTdGaVmskRsSKRKDsgodHKMk8PNGTbS845Pf1cHm3aeN2YqufP'),
(414, 1, 1, 2, 'cGWhbHydIADcOMpREIQkj974qU1AeKBqryIDfgQXQuaFhAwWjngCxoHXiIxwt9XUHGxWWoUNT5saFZ6YmnBULiR40pAuyyofeWcbk7ZdcsoSrvQOSsIDKAHLZifyREN6'),
(415, 0, 0, 0, 'Q8eAzG1JIjOmWAwpJpRzK2mXKLzRe9P5i3FRKGAsZpPVZmlJLdivfEt0q2REcHJuLplw5WZ5lO0lam4WAnrQ1VRsYJ7aqRFcg0JlXIqjxrEIOJEp66g817AZQHahzPtP'),
(416, 0, 0, 0, 'NlfRBwnk4Tr52vJlR9WidlsQ7XpczttmPJdqfBLkvdpyI9TAjPSwalnijMuSgXe6GsxW3igzwG7eQ1O9QHG133kmQOf7MudtWKp03GAznHOdJDmAk3Co7WLXK04wuiZr'),
(417, 0, 0, 0, '2pr662FtKuHt743s7FQeBCcmCgS7zSyBi0Hp2nSMSAfZEjrLZi0AUcXxtQE2JdE1dmqgKj3CUiByC3kBmkchx9O0Zt3IGHKU4baOveqpw1X95iLrCXJa7xb71eQHWAC0'),
(418, 32, 2, 1, 'MNOh1fGygEHmWsOzqxJx5VE69uN55q6RdU8e9PMqtuNqXBZn9JVeEzkO48Uay01LVa05ZMwthjTeVTC5Dxji7D6bL1mk1n5Xx52xSz0aTUoPN0UrydJFRQRDRdXTA3Q8'),
(419, 24, 2, 1, 'ndBegWxLmtkAMraM8WxtX65lrunLRZsfd4tt10fnuAYg183a5BE3HJo9eMU5Mnk0sOttOJRjjPAlYEv3f97XTw67i1c5px5RlzkaicuB14XZIs3YCaVvG2DZ4Q4tn9kJ'),
(420, 14, 1, 1, 'IFT1RnDTsASb2W9F75bO7ONbESF21ZLKFFLx3oqvYjH1fQHmWSa3GYflQUnSU9DAPo7SNyoMR6O7XvuTnFW3Dcpu6Nn1X0BMpJFch4Z9aNg7jK1GqYK3a9yhXViUVUHk'),
(421, 30, 1, 1, 'DmxVrw4CkkJD5LkvJ5zTf7ac3t6ZoOj1aRXCo1eJlYnrJHXsNwl2EweI0lHo90qkSnXgpb0LancT59mSGHUle93fvKDFL40DsXUR9VCjiOdoYzgFhb0vl4LROoxAtxeV'),
(422, 13, 1, 1, 'v9MF4oZndcLcL1R2dSyyWjpKIXlbuz70ITGMiF9vRUIDWzG9rfHoz79i4utz3AALugyMWHiOC0ryA8I2oqqXxzfC3Jc7kNSP4qB08UOKUgjvp1xNrXKZx0CBKOI4CATG'),
(423, 0, 0, 0, '9CS7Caqbxjked0gz4S5PKqqoNrf97Sjgvco8mOjU8E8mEoVJh1y2rYrfqGpxzIO4Ucch1wb9akvPJrz1s74T6v9xcy4MgTQa63s7ADhLYNBHeaJGiNAoiJWvh0hyU8J0'),
(424, 0, 0, 0, 'cb7MOoyNb9vqje6C1G1kqXQHX7fRgYRsaZfZoNMAWh0gv6SxNTSdQIUOQaG69xzjxOjVB5vxmwOSCGqpziDp0xeQIUXSswcZkvVVAqtXWhQzYgZxyCXzabpT5nLxTYxe'),
(425, 21, 2, 1, 'dea7ycEGb4H1V2m2VkkoNNh77bqsI3hWis3REHxPMfRIhdKdy5BmSTtZ5UrNXJJgbN7QuFGhUxZcKJqjO1FHV8G028O0Syh4moUR3A8Y78aSRBbGCQnyZ4z2do35Xk9j'),
(426, 0, 0, 0, 'Js7L2lx6hx5vICInGaOG3bSLbFKn1qtLTAwVW42eB7JkKrIqCw7FIZrTEchGCLsvmYri3txEBgZlIHMldT1VSsPxF6diSFOeEfxHJ4mkllF43spglqceT1Lz8YR0EFfi'),
(427, 0, 0, 0, '9VWBsyAcaQDel1k9VgOtmJQRTSyMJajS5guyP4KZVodgqxqlOfOaYF2SxAEhLY9ReDq4Ib3DzhUZOllCA9NzOPrmq5Dc3N4irum9FqNfHHfw2A8DJWcyMDVcIzpMmt5N'),
(428, 0, 0, 0, '007Wz7ZyfHKPnbtzzHQfm6vJbtIOI6LJ6SFF0FegmY6J9ziJh9YEgunrX6fGd1pjU4ZVJeb6chQmR969i4Nyzb0wifdvgCPaHP6r3hxfznCrwIBPNpomAoTTE6oUJe5q'),
(429, 1, 1, 0, '3bR6tpm3NZukH69vvyR6WLZARovBCB1GNTMgj9k68OrQUBlq9dw6ZvHQTcswOtcBnZSH8cNh1f7WQtm0HS6GoNxh0ZOOt1pQ0hx8tlqvAxrr0NrHFyn3lVlmUaanbAeb'),
(430, 0, 0, 0, 'RMkl7KQIihaj5B0LaoOwkaSel2BwDQIuC3QJOHs6ZCp4eqQoPFU9PNobQ0HtQqYstOciwEpwhPBwfrV56QfWDD7tEPWufUWJJ81gNqM5fnBvOwBVmRRZvZt9OpD4kzN4'),
(431, 0, 0, 0, 'ZAtqbFuPIVMGRVOptNIwHWvPjErRKTJKucaFSFvBBhitd6SGUAcCxHrQmSI7MrRgE2VxIq9kIrNVyFBsgO4NwwETon0aOSrtVm0DM9XvALq8q2BHQGvnc9gBwgMl9dO4'),
(432, 0, 0, 0, 'CZmm0DdIY7OSra797ndO42sIabRYjyNWx9jyMwhLE5E5gLfn9sbevDWFPOE9ms6TCproVIazOOF5AVsKoDYThVz7Jeg5GmZiLrHHaRhYGW3hSw1ga09sVJzFXQKDcJVY'),
(433, 0, 0, 0, 'HcQPxxkugsZvDXHcNfRBKv0Rg31MN0kvcalKIFfY7etLcaY0qPBbkB3BF4nt5IYiSk2AZiz7x3SJdQJEGkQ1WTCBY043I3lAnobnHLueOmX2dGHT0xVXqxypxCsfGOQ3'),
(434, 15, 1, 1, 'x9MXsxuXk6BttYM6Bja4ud322M5jfVgM42JxAeuUk6oN4aUGu4LYhO1kA7DP2TC7WmEwA9qVgPJk0D0uHMtZAvjaCX0FRCMNZrkzBLvRAfcASd5AZyAz4TKHQLmIo9vn'),
(435, 17, 2, 1, 'CAvri6WFpdv4p7hwZgl7iTYWrgrqimzVW5necjUBxpGXwYuweQExKCtbTVCbhc7ehustOn5lMMjjKNQZDuwn60zZVbbdnirFNU9BhfX41goM4eLHIi5PiFPeQ0sejUU7'),
(436, 28, 2, 1, 'm6KvWGehPWAhchVoFjV2y6YYfDlBFTn207xXNMeDIPVU6RjMbfPJlOHAr3c7WzaWHHTvu89cX474WrQ7GFQ2tyCVBP3xodu6VoBpwKCtPKxMboTS4JUxixtTmwrLKWRG'),
(437, 0, 0, 0, 'zqUaNoxYleOI1IU83boLv6s1CZS4kqTTQO3DcBCyPqgR9aZdmnYStqU6pMaKd4E3SHH5jkD8KT0U4Z7rn5jRwdYW08Hdclh53ZamjNv4HvYLv6cTcwKIJIFJRmX3Hf8K'),
(438, 0, 0, 0, 'E6qhDfg7tVccbDfsBw1YXnJdIRMGGx2lDtDhITobPAo0eDtQavO7SxlBo7h5EkqiN3zwWYIMz6NNKgDUMr2EZngouyt9SUsGY2dV0VHz2unML0HxrKcq7sOC0iMTdeAb'),
(439, 6, 2, 1, 'sC7RB703AOKnjN1tk6hj4ROlxF0Y3oAv0InBPnFqcpNwcO0xVhRZ9GlHllFpJgVKYimOG1eTq1pDQqbLI2KRI6y4reubupWtHihnkwgLyGoo6AaPCVGl1fpttTEYiBr0'),
(440, 0, 0, 0, 'CXCjXxGStEBNhOAbtoDIMGq0By7Vr4k42WnZt4SXItKZikbLJOtvuUv5sD0UHlYJhlJLpCI76s6oNh9w6D2AxyG0bHUT2SDkdn5DZOK5gRu49DAfgCQObwOmeIggBTBO'),
(441, 0, 0, 0, 'IKp4NTSwto2OFhfv7dQ6qi7BfLdFhCg0mF59zYF3mIR2Z7x6lodLHknW5BCndTozztI8robO73Q6aocwNqhuKFrQg4etXC3w6LFyaRmhUdo5CBBp1TUMymCOqQiotlVA'),
(442, 5, 1, 1, '3ZFQbuMOLtCTkUSboi4PVK64OkdHcNbfMR5YlRM7lp0FjTRIbVx6GEbuYobabnpYfvWAnJII9IosCfbObIVRn6llvxwHUWFasCLPmtyvcWXOb8CmRxdfEyA967R13wbv'),
(443, 1, 1, 2, 'CyYMSFha6ZBqM5YGG8DW2OYg7mmmvq17Z0URGc2McEdYKbFqkinm7lDfH0BcqDkqDfijsk6EZkDJwi9QBxdISRXARyNib8IPo09QlfvkA846qeW1LaKE1HfTg3csbUhA'),
(444, 0, 0, 0, 'y97lQ1ewMzb1CeVWzYEXB9HfVrZbQrIoBPJsRYZDxaEapA6YyLVaUDpQ4o1VQJjsz3Vq1U3z5IJujQsSBo2w1sn6Ro1H8laHo57q0bZ5UIzdy15aq8HrA4xrtz9BUjij'),
(445, 27, 2, 1, 'lCdkEeZStC1GO7PiX35XqvL2NPjC2QfottJ8IJ0bl2S99Ir6Lx4b2PdQExtHoI6RbP0Uy15U3Y3cGvjr2nC5dQWRopzM7GEjvFd4GjYJh2WXxfpAD2GQSCIh1h49YItt'),
(446, 0, 0, 0, 'pas1UkN8HERl5ZvNBTct1itESw53n4rMfTN9eAiVfahk9N8LGkeIDHnveszBw1oMUbV9Me42ommy9vjQPyytgVYuny5UzuGuFCDsRIuf4ROdm83cGCFXxDrVbxPL1wfH'),
(447, 16, 1, 1, '9S90ADgFu5SRdW3UyIR6mi1yQRjRnyyxqHy1lOGQUzH8vK24tUaPdbn32HUqfsYGawIvlplfY3nuNqyhkJ6xVuAXcuorXm87SQDegZte2RJQhi7B1e9WJJUVeimcFvky'),
(448, 0, 0, 0, 'N8U9qyPKrnjB8RcOBk1v5j4LJ35Q3Z6R710yzPi0dCBmtNa58cBdwFZfJ56M4cEcdEKNu3NHFo39ceekqQyWvyceDi1HvGUJkEwOHkvnJzwVNLgeBPb7nom0HoId4CWp'),
(449, 27, 2, 1, 'htdZNJmwjSs6EIlfxxnVVKVC8EPdhMCyfQx3zUASN2ZrKlHiS4dNO9qXOfa51MEhDckc6U5TX5kHq10i6e6VowScL2iNPW5s8pFfkL8hQtZgv0zBfFxDcpQYs9Lh5QKe'),
(450, 0, 0, 0, 'gquBbCS15SiBSRc8xKLJ9CHBLtTRkE6B4Acfd5hjXzUQr7YYRKI0nqC9Uv0ea7PeI2tV7Ke5k9WLgVK7Ft83TKcNgd2qlSF3U9Y2Ud8em40DZKKFdTJ7EVVV9XmuP1xK'),
(451, 0, 0, 0, 'f7Vdqo4M9W9r53rp6izvrU2ttRkGn8kDggRHEVuOSDgYHHnO0WjrQmVkdf0BolfFC7mg2Q5VumUb3h04ejw5GrpUGqw5LLKnS6EVXKRr6LDa3DehXKnEbMySc4YYQImJ'),
(452, 0, 0, 0, 'Db0E8zXICd47L2wqJd1Tkh9CC1TJj0BXbBCkaz2NM7UyaqZUE0OZhXBTYvDivefHQR10r4OecIMm9LgOM4N32pX1UAjqPz8Fr9GSeu6qcTNmF3ar8Xvamsch3vIS4Qxv'),
(453, 27, 0, 0, '0dofIvFUosh4wrwFp1QMu24xxMqCDY8EbwTT1zOq25vyx1eW34Ix6N5EzwgdupRGVLAXkponvTW2UaZXeIvlvBZ57giCFaiAVSygiWDNPzPKKOIYxej2Pj7XzqzeARPw'),
(454, 0, 2, 0, 'KnN2jrQ91FTLuCK1Q44FnbCWCcbc40JOowRIXHRYnLKSnuUdyZTVbwSNI30M4JBsgtadb2czNWrbrmpZliVwOOjxSjjW3VpjoAxzDJ9rGAC8X17ik3P9R8GJs0GvV6Pk'),
(455, 0, 0, 0, 'cMHaNenJb8x9nHy3apfkQPRY3qPDlI0xuHIiV527dzhBhPFsfUN5JE3M5SqqBrY68Go4MqbZ0sBiihKxbyCVcGIiz9IaAGhInGM97Y97rLqJ2bgeJT9WASe91XkBEBk1'),
(456, 24, 2, 0, 'a2oiXxGbMoD7gyDU0KcBOUSl6yK46WyhZXzWuf8gDMoTl2OmM0XBVQW1oG5vDEMCBmz5BHmfuK9PNXbzY8aTY7VnN0TrEG3g2ClEkHUOs4Ef2PO0XZUW7PjUQdlvTpLW'),
(457, 0, 0, 0, 'iyyZf9xp2F2AFZl7RJqNCcDs0axF1sEk0djgnRFqxI0cHlky5LmHXZaX9HDbaivbvPrTG6jdPkqwGK5LvrssrDqAk3LumhFS67LNe503prz5bEQH6jaxWA8hETL0brSh'),
(458, 0, 0, 0, 'zE4NJ5Q9wqeI55pbpAIlaQDPKpPVRIdqnhd6n4gUuuCzA2LZCtlNkYC5ns1ebfEywSFUWVOrqr00uL07flUAkxGIZHWaWBJtuonrjcSJDSJ7EJeU59upGa7GS4ROGAia'),
(459, 0, 0, 0, '1VeRLbO8En5jAEgVu9KT1XWdEnvPW3xXZLPKXETB2YVCCcx6mi0nfWBTk6Jgage924TZIMBKLxnoKVv6dvuts5mMc63mmhvompo4c0PXxcmh8RolmTOPYbBahFxDW22j'),
(460, 32, 2, 1, 'sqnEqcCYpYgxPFTcyH1wSDH9ieNfhPyJgWnG80FyYV6NAZ08G2FzFnJYBwdTlMCBI0iR0XpZTvNtvNCcPhLuEusg0GamsNYaNh1OfrN8XABsoeEdvpIaUbrVRBikohuc'),
(461, 24, 2, 1, 'Q9xcEOaMQQCCbezXEh2hCQh20nFt7gCYp9b4YmQPctrnH1llioDUfVXgiCKqSmoiwAmuWdj8GLwoMSK5gn0wiXMBzx1sTqKq07UWle510BqMtaSKyShQP4rpBtRvTCVU'),
(462, 11, 1, 1, 'vLQGNJR3XUgJhwcnAE7IH4VFTPkf63dBP4iDNaHL4XumuGK4lRM2WHHPw24D5ifVnxybHfWMdr8H8SMtKywGgdvNgArlTGhgdPsV4oHiQQZYILrskX9BbEprfQN8w4pK'),
(463, 0, 0, 0, 'zZxoFcvV3dpIzkw0Wepy9kNRYlibo3SY2qnHCSDF62oFmUFj84RioF9n0rypuroxRLfuES9KUxqhs5ABasTy72W8uvyZWWwOILinEs8y0yQsEr4OTXn10javOIuLF1zn'),
(464, 0, 0, 0, 'NahQwBYiyE3UtXMWVuvCoPzWOK4IEu1rEiibTgtrVxmpu8lqDQ22GCYum3c0xdscvKnp1RRWodlTmGk0xn2dZ1Il4UmB8POEAc3B3Uxs8TluAGv83xm3y4pDYLf7A3Lb'),
(465, 0, 0, 0, 'JEYnux2Q15QbrjxaWxmVeJE8AkgSlTq5ypt2WvTXBJ823Gc0dzWsiABSURKgLbljAOmxkfvWZEY2kb3yKZ03ABVvtGLeR7xsWUZhaud99cctnf18f2bPE7l7N6mFeU7b'),
(466, 0, 0, 0, '3d0SUD7YVckXlkaRpUK38t4m8w5s83BbhC4bfb9bou8JOiBdcmgkQlHYSNq0Q2c7EhjUst5RXdBLwdZIzg3pBLntyOupQHwvYQqrjvigJU2f71YGh26TNtnmiRL9ziEx'),
(467, 0, 0, 0, 'ZRa6RDZhvrR5SWdXY8lWop8i6J5JYBgYtr4k54CAvuGoqTlo1Hkp7tIdcNWbodaREecJjOkPi0dJTz7VgslnW3B9QyleLv6qKj938uSqu69oGhjWKEkHHVRytcNfITFs'),
(468, 0, 2, 1, 'dPwljpMOwVccdw8YatGSpxrTKe8s8OUlErGYRsMnoZzCvIBGbhzBP0uzeD1nsWI6op5fSSChRbUnTw45ODGDEbdTOeggbZnzosOhkqzcCtAwZECOiirWtEPiT6z45WDu'),
(469, 0, 0, 0, 'jMOXY20PKgpChaAQRTgdLbvNjrxKCGdWs2Tr5TgPaGsrR2iIWyWIKsv4T3OwK2tc5mDagU0qBsSsvabrJ79tAFxtJm0tptFuPjF6dGwO9ohEzs6izgM9VjDFGD856OAW'),
(470, 11, 1, 1, '7g2lWza6XrKwTRPs7BC3VgIBTQG0FhXMxZ8uziAxJl4CcT5juImqY51SVISBZPnxPw1oOBVxWZa9TftoXPOVUQNQyGrywP6ll7KaJGHGGRPz7iY48M03COUbumK0cQmy'),
(471, 8, 1, 1, 'Y7IIOqouie4px2uGPuKsjEEN1oOdfbLdjtV7UkBcyGB6J5MyAx1TcFHd3wrjHdw0Gs7BMJNlqor9ueH4LIYXoFbsbCLTPhTwK17wLUSbjjkNy2SkLQi9wtBI6nBWFvtp'),
(472, 24, 2, 0, 'wAWivOtP8ODGRw1CnjMTNoBTLdPqIiPeTLxpA0fIPSpGoqjLK5FxuhqfugFczvrthYSRZ8AP00vpqPbbVQIp79ECqkPZPgt7fmZfuz4uzAU0p5bkVUJ34oGuIvuyMXG1'),
(473, 0, 0, 0, 'jFgOekjOUdPki1EeVoiZNYuwuY5gVLhfqy3FSmtNzj7SkM6fbpfYoJvSHA8DlqTMYXrQjVETeMMyzTOKi3JGNezvPH8a82W6ZoXjjBdyoZ6XSUHbYrSLGrgv8pGhrDnr'),
(474, 0, 0, 0, '1kKlWXTkWZhPUZ0SqSE7jVCskiJMV7dWrXioVbJSa1H50HXrACyUxbnSt6EpeSlGQE4LPND0Ol5P33hDFPyc0V4u2JTgBfWrT1dIPQIDbNteQKSwAqIAlM4nvYE7dAy6'),
(475, 4, 1, 1, 'V6Qzmiy0IBZiWLWzOSV76c5DwZ3Xhm5ctVMPdkQWWPfTBbsq4oxbBDO7CR4Tea6H6Sxjdng9dw3PHvfMUNXvqLC3DGXRQ4zWX6gatxkG4nvMTLyNyviZhV3UB0Ls5kp2'),
(476, 10, 1, 1, '8cNmrwMqrsEy4o5ZWgweXGxRuqdYLifUv3hXz3n1w2zBqEAmV6ASN8KhyXfkgvfLywJ8A6968JIyoiVkpwcdEXvdVKybgNXOjGWTN60WQIuf1qzrWMEBK9OFUnRaaOZu'),
(477, 15, 1, 1, 'RL54cF0pvxZPSEQNYpezaKpNcf7QT4BKQHO2mPsRmrGe5w24WgD712Vdi24b7GWXnLZJArAXThcZOe3KvGRwJMK2POeWvaTSVTCwldteuGdiUg3pXVWHHGJxvYt08nT4'),
(478, 0, 0, 0, 'ORET5EKWI1quT4xUh4vuOwn9toYfWyNLprEv6orOpRjiWQcdUIIJe6SHuRXrpKcPcQkieL7EDrXziaNcSvW7BOP6GMx6xKVJAg2P2auFBreTC26ux2B9RqgydOEKyAu8'),
(479, 23, 2, 0, 'QxYSHsyjTNdvPk0mmCwe3MNgAr181vhS2fKKIj3C6h8VB8iYKOcNB04br5ktBClDS6nAprcvIkqjsJhdxu18u5kWbFqMhLq9SOJifWNXgehJXzXv3YDy4YufDU2VGs4z'),
(480, 0, 0, 0, 'HdEA8kLuizRrJw1s3mNHdwtaF7VFKXZsbD2jXOOgnGH7cIzg5nXiUrtAypfjmeLxSORQCG6ZmN6zwGPC3MVYdpyMON5b1RIUFAKigQiCEocb51N9OI727FOWsU7uMQos'),
(481, 0, 0, 0, 'oPtTr9TjG3QCaAQh6QR5NGCSJCkQx8hWYLQpVKJBNAdYa4fhV6mIMZBwBWn95E53pWskGbWuLasWfHeaOATBAv8brvkw9qAzn2U3eRx01ZXgHbrvMk7mPfxhKSNUjntG'),
(482, 0, 0, 0, 'sjTCK1eBDiBTWqA8qITYCSI2LdIrIJsb3mNOn2p1l1VhrvpSdiQPbzSWNBowkRHodvcBxBDSCya43zXhSN73nZ0bBoHWfoktUx4r9HkMfuRj4OBWCIZ0IZbjoSfEhA7b'),
(483, 2, 1, 1, '72D97evTdyPYcXSo64qj8Ut5AMa1RR4ZUH91WEV9dK7pHZNO4e7c8BhIosKfkOefwnhs2cBfXJFFIstNGBZPchxBKhQ565kCtB4wOGMLprr8TUVAvVpIdWjYea3kfoXJ'),
(484, 0, 1, 1, 'Ry6jt9NL90dCWHrN4goetYupx3y9HgKzORTh0G29HfLEXcr1tQgXPKmnOVwwbh5Z8Yg9Fjimy40whsxKjNI8y4wm02TbkYbsXrBDKUZjZ0Pgsn1MbJUJOr6OtZ0NYbgW'),
(485, 1, 1, 2, 'DSznMzHMAx23V4P6NKPBbWqEVqsUBIQfAqCn0k9AScDNgsU3cJFnG62Cwvw8dmnON0cNlmnez12PtWTGGz4mF7YcCulQRJFEKSs5ePkNQmDkix1Y65kLcjYPNjFF2kjM'),
(486, 0, 0, 0, '9Vg4FlSdnv1WsqMsWxGKP2ox62LxF02OVjTBFMO2hPYJfLcciSX7UlE0oqx3qARmULXzxMBOCAySlK4ED2LxoqyMQ6PhHHECsCb0oNO0onTJ7YnK09iozRbqY0HGImib'),
(487, 0, 1, 2, 'Ytbmh0nFngpveMgfWzEvrPWpQD5zZnKYRWk8XIOlZdQe07tWH8s8XoyN2Dn2170T4l213Qm33dh4lL02TtaQRIEUm2Xo9XiejkgnbDqfRIjctjenMpeE8SzvUwU4ucjO'),
(488, 24, 2, 0, 'bO0sYwGAWY7MBJdyQgKpTdM1LwNNW5q8TrASYhtVfAHRjUp9b9z5nl79SUWO0nWUOxMNOgI3QpUakjkvtTBRfI07DWVDkSx9qkWeAEir4dBoxWU1PvS4dSbRP7v902jq'),
(489, 0, 0, 0, 'nfFYTXpXb1mIXgJMMBR0u3RkamubpNBN2hLWfbUqch8axSXkuOkYRcj2zNdYBPLE6xBlIvMVMU6kM3FhSZgKbzMKn0JYQvDX2eiLK5HwZNRMRw3JwkuIThtghcf7IT4L'),
(490, 23, 2, 0, '7nwRseos1gfTMjCjD71xouOFH3NpXSa4gHWJVlcXBrQoLtHpAIWYcKEUOsjLkuQBbNk68w4JYU7JoO8Yx4XKPCED4Xoorf0D2kKaQOUPJ1z7QH6nM37CFLfJJE8bT8OV'),
(491, 24, 2, 1, 'h4LchHMwjE5mp8lVQLRtPd8j1QL9fAuwEfIVXvsgaxCzGYuxKm0zz8TBZFKeffLUvuQsZiI9QlJxje44B4EadxMdcxrsMdmhHdJHvsRmNAT7PXbq2PBgnntAUV2H9pYQ'),
(492, 24, 2, 1, 'DIx8apvYZo6Pmifp8QFve96849PdyO4bwCkH1QG1fNQB560eWFKaOQjTZ97yXbKuN5bOVSPaFGMLMMZJsJUhzebzni7ktSPhX06TTV4yCQjoDj8522nCgybERjZlbOC9'),
(493, 24, 2, 0, 'FD5XEWpox8TfMcbVKYlIfKHNNyjJ2QDItIF8F5wcdpsZBDVlBg4R0LENkYxmOa4iTJqzOWM2me2YRXkteoke9Z2tYzQMKU4EDvesr0vOexM6v7zJvUYFU19SBZEmTJ1x'),
(494, 0, 0, 0, 'ef0Gfvvt2iAyp9hV4gBYhKQTJvfDfgauvbbLGGfJYPhoZzj3QU18FS1poh2Exd83ojO503OZS6nRGHVwCXEhQGGeXJSvW1zlloqlsfkkmHc2p8z15ejVU0aSJ3oG4X2p'),
(495, 0, 0, 0, 'ifxvVlPLgCh8BPOK2Omapa0h5rf0SV7baFG61wSh8aqKZeu22Qds1dJ7EY7xUfI5VpbWV4e3eEOeSigV9unaH6hm5pTZEC5A1hwWlK0zpONh74cgyAqgHICM7wMM8Rma'),
(496, 0, 0, 0, 'EWlf2jZiekfjS5Sp8DR51vSlK0QAC73h4pw6IwoXQDgJJ98RN0XPvPbfQ1Pt8TKcjhj2NHZDlgn5qwWdwU22KdhAf73n1OAk5TmSBlwXCU22qZfXTiZDwheLpi9q6JLc'),
(497, 1, 1, 2, 'D75ftCc5we8XdoU7HTLea00zi90pTLBwTGLniYtPcBMqZGyGAkULkUkC4l1X6Du0kgnDfQsssfSrWr8wL2h5XCI2XKZ4nu4ILsl0jOsL3lcZMlvynNDlpmnm6nruSwcD'),
(498, 0, 0, 0, 'Do36RGXYgv7hMUqHCdVZx1oqSyu7rLt5axb1e8ZuE7Mq1c7Eq2DX32oWAT42Ey7O5jPjrPO6WBwXOEBeGfcKhBHSuLU8j2WplMJNByTx9quX46cLmowDZdvtZqCjsyJN'),
(499, 24, 2, 0, 'Cfqoq9RJvTfxeUWsyODxDaWNPWKIp1u2gVqG5iqAcG8qB4SaTwHwHEjxA4f05K3mGu3LMtmYaupLziVsPDYxhi4SmkSs5WOLqRxdlUcvpBhYUcrJQqg7Il05FTyKPmwf'),
(500, 0, 0, 0, 'XSnDGUO1YWufx78tw1vcrDTwv3B3g53eXqSElGGjDazbiIEOJ90bNUHiYilfootlPmZa3FuGQ3R8LwXvGYGtToMRG764wAqmWqwZ51GW5y5Q42mK13eUr0L78ScFsD1p'),
(501, 0, 0, 0, '5CIseEDQF9tj0c6LvjHtGIaxwZ7DMPeRrXkFBYwh70A7dGSI0AcGimdPmlt8aH0CFkhgiOxqO8x1OqJO1WvjiJ8F4BNfjORY99esXMSLVqNJRxySt3bMMkrRVf6e4Ydd'),
(502, 0, 0, 0, 'dyVfSPlE05E03URWkQL7Pn8aT5ZBmErzcmO5caKcfodji4fDV1KKoTViYUTkzkUMHIRTSB68ZjrioHVjIF47yZpxUiSuDMgkv8dnJkwJDX12EWmnBruaqUHlcAPPm5aR'),
(503, 0, 0, 0, 'pm7RLvBM0FAUYWRpXS15pLomUxdy6Z5wmco7IZTIFtCEqu3nm4tLQR8Lolkvlp2HBqOjqH26bFKC9NZvStgIlouJKOf5dhMOIB89iafuPZ6ZN6uGzLpUaTEVHU0UcNJU'),
(504, 6, 2, 2, 'UNBqobeYnrY9JoAD7sN0K5Eod4eswcxqZ9Qnk5mIwkSgJtUQVHRFNv31Ait6v0wvanSvsfeYz6eiA99vQ0aEweF6x8d29Kxj7qPzF3yeaNxKWGfNHqrdE7kbfxeohLIo'),
(505, 0, 0, 0, 'byYQBx5LkDwhkL41cweQDz2S6gho20NdyM4ajaWDNsU7eZ8qvnh8Wk03BirDieRR0V1k5XXSqS0ER84mwlvsFwvgOXU7cLZdH1xMYuFpnF3fO8Cku7MaDirsflAs7zFO'),
(506, 0, 0, 0, 'HUNzkBpMJ3NmXK2sY0yF4N3cSZ8Qtlhag4JBG8npcbL9WOCUOaASXD5PDdG6zXgP20qJ9O9l0VuXJ6Rxgspe5v4JIKQiI68L7yugnDBoy5lhccPtFfHLKLutwkLfrT0y'),
(507, 0, 0, 0, 'HlJ0qDaMNeYPz7x4NgxRS6CchQUD7h5PDOQ3s0QffO4OVCTJSqBLxdYP4Stcay1NnRQPSG47v9VrLObEfMqN0oD4g6gqEid194R2LW9g55IQTTv9FVXGjAKzG10ljdnt'),
(508, 12, 1, 1, 'hev2aEjfJ26DVCNBxKhRl1q23rnmEKPWYkZ9ZjpJlvng8aRFV8whaXjdoHz3rpZqKZzKiZtDvQTD1LjXUQe4NyicfSgGhg72fHMxGgab74P8Q86KYkPMS7Z8ZfOhvWkK'),
(509, 0, 0, 0, 'D7iknswuxlDntJ8r4XeX5d54sUmXQGIuN0PbtlG1Hjoa3xC8uQ5z3aEw50uVHcqvdgGGBmHiG6tJE6S8WXI08mwdn095dAAqQh7rDPKkWe4AkWIhTqh1NOfbOog1YRsO'),
(510, 12, 0, 0, '8zgMo16kfaUA6DR0491SXh3MFjNDafsjPI5dKbyZltAs6rsbBu3yL6krq84BoxUdgZr0aZ0wtAZA2sLDWPcIWw9mFeX3LSg1RI22I2zbCyLE0xiXnuGj1QFG4DJQw0Sn'),
(511, 0, 1, 0, 'JUqrX0CzyoezWwxj0eC14iI9Wr0ssTQbOhDLhfkQEyqB5XU5cx7gQPpMhpfJi6V6nySFOcvtLV4QTZW5w3mnSL9abpTuvPBTotycG4Gr0KiTJeZghlDa6NkideMJ3oCs'),
(512, 0, 0, 0, 'RbEygkZg5h9Pv85NuJXBxiTKwGtA562XiHvy2uO8MXXi635BM3ckl64SMysSEvPWdkvgPjoBhlUop0Zb3bwpiAi59KXNgMKt6gKVz8xQtreSre4vqBVIbdNlYK9exTID'),
(513, 24, 2, 0, 'WqeoOrUMHKpSXRt5pwRQEhAzObn02dTZD8nsAieh3Ea0wE6VaXMOfmo4xM5AZZAD7Y6HglZkZalwOrrYpeNFAbJ8YPJYOjCVhIDy4DT4OeACG2B5gpKRBu0zkJx8394k'),
(514, 24, 2, 1, 'JKCKxdScQZk0Ncfii7BJmwhYNH0C4kwO59yDmqQdpaddntwFB7pYEHWrpX4tiAhnJQ16gRjG1xUp1q4DyuBcbyEBvI4Njmb2cc9t3sa505u2vzF33hgfPUQlCV9VhkYu'),
(515, 0, 0, 0, 'w8XAB8FBdaDJJjMMA32qXSLANUw5fvzMDxmeF2QTcuCVNpIosKOqDA0ruwwK26wFDTTjVKc8eO41eMpHxe7bO7CjE83HezmSsgbo0nwecBgqnG7VUf6JnI22R5J6F5Y8'),
(516, 0, 0, 0, 'm9xnx4BJFSa3ziYty5dVOfXFlGM1MK98UGvrL7bqZmtzFs2dxg8mv52QMORyy1GsIcUtj5TjsnS7PVknbtJHzLylzqT8rABaNwD7Bxq4VjbKfw8rZS8yDGTd6NmyoYIb'),
(517, 0, 0, 0, 'N7KZsCqxn0JO4BdawJx7zq6Ol1OHGZSt6DtyfU6CUPrZrE9XoH5X7bMscBaTA2nGFQfVKlxFbYFCDOA1vFZDRL64ngXXjkEYbUUVgsBrqg445E5Bk4ebQkgdBdbUxPTJ'),
(518, 0, 0, 0, '0hVcnVk6T38acJNuCww14S0n6zev0yl1Pgecbyj5CrfPb3kNzQPDJQ0PqflqNGsDWGQ8fadRCtHNw1B6RrJBhKqH0M8OsArpgixvsKn4e4SK5tQXUAyblZTlM19eBBDR'),
(519, 5, 1, 1, 'G2nwo4RdDI5Hx8TJ78GXBiXzGcr3mpm3rJzQOr4s999Hi2rqb8nMrkl7xNbTcxWEhvv5Xzx7JGO1JgsUpPGQa2XHP9B1HxGY3b40LB7viWx1dZVCOBsYDqGtAhvhPbfT'),
(520, 0, 0, 0, 'nkU9V2EdZbecaaPZLiYpIETjWoAMAQFXaA76CLjCXyP7IE6uW5UFJNYGczsMp8KAIRGlDZXAyMIhrOMnUG3Du2kHBMu0UeBD6hYJhVkPI279RTxLABp5DJMewhfrvQ4C'),
(521, 0, 0, 0, 'PNrqLlsD28flgw8S3jfUeZxCV3XnZsPPghf2CHFFQU16r9ZusfoGfVjaYgyYJnNZF21hKHXABYH27GxAWVhbQAlPRTOAhBAXEBfojcYUbFXjmuTipbugMP6EJVf1wPZb'),
(522, 0, 0, 0, 'reAKryFCeCVB7PUw1oNNeUsYPH0mwZxYe7JFGohV1dx83rF4QsS5nk3c13yy36xhegWUEeQGsnOvPtAFWsKjNOwOS5nVbUdpaakPpbvRzknoNY4KqP3dDz2wEqrQkFgv'),
(523, 0, 0, 0, 'PBleNR6mbtKZrPJSEN6in9O2zgSTV9pKKKZxB5UNzEM1uwT9j0rG9gIIwBCsK1cvMb3ohXbQCYR6vLfOLHvVXeEuPgWAi955l9tC6FsIEkP954YRMtNJIreyIa81ke6F'),
(524, 0, 0, 0, '8UuYhM9PbaODz589BJBGm2o3tjbiL48TYDSgp15BcUfL0nVB6xhsAFv3ZHmKLuEK7w0xy69K1ow1LrCSZUlzARCAyYkktZ5Bv594ciOdHkesMRlLLGkmxXW6Wgqqgv1M'),
(525, 4, 1, 0, 'rr1PhKQcZH2seLLjx1XqBGWzm2Tw7DBz4ColmeymWAObmAuUCskd8hMujG1rkC0pepKBEjYATNLgngaZIvcQMZl6Gmx0ZypeYaQCuOcnCYEZeOYXjbO6b9cRwKSvjiKh'),
(526, 24, 2, 0, 'tATXo5l14Z0jOZg8b4emeqeKb7fuqZLTAFRZLc0Pc0800p8bumyINNtZUItkIfejU5iFiivujEvj4Duy03hOQKNLth5cwkvrqN7I5DdohIIlmdUngbb6VZRogXBNi6fI'),
(527, 0, 0, 0, '0WCF7sn9lNQCGBixcECBD79wYtz22IF3FhJNK7W6UMIAo07BFKdiRnPQQpTT7yXNQGABNxHHjqiIrpk6axp2UeSLDMELkCybi9M6GuO0V6Jmw3sGBRIv6BhJnVvIy4UQ'),
(528, 0, 0, 0, 'J4zvML6xCWsev0DvEHeJgkcO6W2xr5qbaZGWLMuoJWCfWgKAXZkdjx2qt5YVbo6loMi9zMxjIayEqjfniABC7E2BJ0wUpDgNpyXZlvi3FRI5aYttz55GJ8it9PoysEmR'),
(529, 11, 1, 1, 'dkRyP9Bv1kAbi4ER9KyTSQm1GLA8pW0CgRa60MB17cdpgShqCQkuHHwns6vR3vukmFqns1pzeDZvvhV87gCOX9cpfHhidMDAr3YT5ntj1sPxJLFR1hGYrSnGAFZNrCoS'),
(530, 0, 0, 0, 'wWVkBnfsXY4dqmmTQM8qhD3RUYBIJAegw9A8xQAuOFHe238SQgi8UmZOlBw5bKlHUWQrMrWA6DP9HX1yekG8HFW3gt8seta8p0AcrxNyaCHSAJqP46XMMUP3oYvCsGLR'),
(531, 0, 0, 0, 'Gl48SRH3uoV48mTdsRZeMPhaNNMftx79TbiM3ZQxoLCx7vKAnJO9z6kmT6BmEIwxUOkXOaucW6J3CtE0dt9Mzu9tALQftmMob7l0hQcdXWhAqVAEoKrYeArPli4PFRdR'),
(532, 0, 0, 0, 'dJEnkWgTY6YfZf5W324ODKQkOxGZyQ9LAO9UKpNJwMZv14r46vTKgK44hK3PBdBc1L6MaUwHGvcIzEMGaGqqrvuIgyySMa4OVaB657NLC0tcEgSOXjfoPJ76iGY4Q2SM'),
(533, 1, 1, 2, '4Kfsuc09Gt5ad1UbbztqfNt6bO079V2dGhFauGka9plnrfyDP235Pxc1mc8v7bJOsoYW4j7eIsBaIaNxcRD2oP4L1ch9o0XQoWNtfUIYnk85uVDHNgKb5OX71egpedfD'),
(536, 0, 0, 0, 'yHfi4f7jZ11MrqgYvbgMFwOJ6CXHptOYb3gfjozjqB5S1mQxx7jcE7WKKTs9ng8ykpOENnXeY360pWxW4Q8IX5tIYVSlc0UxpJbd69r5cx5BuCxzsGhqML9KH16U21rs'),
(534, 0, 0, 0, 'mYvZg0mgdxr25wjuRyMSU8lhEWAINjB9i78y7vOl3go9MHEEgqwazRseN3XAmyJEGSdNo19rixB4efIvGeFf68tTbquyZecF6qtvsCWK9xOoNxTtMzJSIdMUEhsDvFjC'),
(535, 0, 0, 0, '5M7xo4hyB6XpERSqrBj9O64sow6TcpvhcDPBH7aie7HSZAjqcDA1KEu8bA1n0xFcavNRCXaR5SJ4t3vFG6HqLbzXLAkM80YjvMb8Jm0PfJUINqotw5Uigtf24AOdAMw6'),
(537, 12, 1, 1, 'KDFQM7WZF1AaE8J6P1xBMGmuItoKuPcetS5g01fF3QQHYzOOAlpn2MRKffvK5HYzA4PB55h9V7QTGEIh07F2UwNaMiUSZTrAXhb3mtchA3bhITyI1dLVKy6xQ0pQURqR'),
(538, 0, 0, 0, '8CVu67MGbXXTRwCSKnOuVV2LVrCPi3HrFCWMKIsVGqPxWrqHOfbKaev6F8WYbDqRfmD055WLwLjscK91ZlLazhgfpceAPEr50466a2RGNb80Vi1UEM5e3ltsxI2nmttn'),
(539, 12, 0, 0, 'yAtICloqwxqrPrmudrIhNcJlUMJhgdFON9wpuUP1rgthHPLVhud4GWqBI9TZmyN9IjzcepeFFHWnwIjOcwTStjuctnbPWYZEhzRvY5bEM81jQl83R1WklqwOOHEKGEpY'),
(540, 0, 1, 0, 'dgtcmFQ9NStEdBI4DEpZ4WOTEtDk73ilkMxGrnQffjUtVCyzgXylTnexQSRXVaifWPWndNDt7xW2auCqraMlx0ToSLlOVE4Ru0fHOTaVq7YBBA13LOojOiHH33wZIAQc'),
(541, 0, 0, 0, 'B6UpZ5kqcj1OT3RERfYGxFoBJUArurD6xyvxEQXQ9ZE23vHULFBjlZU4UvvpW9vuH12lRZc1ZR42nLX8rysNymRsSnRPwnjeolAflNhlEln17kayTCmrZeTRBLG880nx'),
(542, 0, 0, 0, 'o9aEedIXF80wkVow8bZRqpR2I8joQZpf8AUnNClsKmZ4inBryBiY1a1Jil89kxot7iRUVcnFymKRJmiiXBhYLiI3EQcYnBsvTjpOvNu49fVTBdbyOsxALfEq5QotsQYm'),
(543, 0, 0, 0, '9obFbFKlUFewTq4ITBiFRW5WNuqgloCvNNaZtUkoAzUu0ZdTBwystEph8Pxtd9Z1X90r4lQFVL9VKmOlTnOm2dDa2aEgkDhiNiJSEAxzlHu54jrXHgjJtXUv7zLrd3K1'),
(544, 0, 0, 0, 'RHgfkMG3gtbB0TJDO14Ls0ib8AOzN0zFHPU2CB6S4iu5cdI0fNMHN4SWFHwsI58pV3sxEyqJQUP28y3nlQ49UX5zFC2nIbNDffbUOCEFwtIF2M2oC7xx5D7Lf98XlWBA'),
(545, 0, 0, 0, 'cNv0p9FWDnBG9E4MMCjRgqCwALuVI6wUT2UibzePXQv7uATgcc8tCLZcxt8fzF9sH3LSDZHBQdIkNBB0OJtqusD2WMhwrqZ8uK18KJJAWsVK4wKSfdjKGXMCJ49au8iZ'),
(546, 24, 2, 0, 'pot3xxR0cVaG89TYwUxoXxaEaLPvCuw1TZ4qwWrJSBp0LiYidwGb3QPeCFKf9gg3fluMhVvawVaie9ArFhDJ7tXK8IZiYgleBP1TKx3hseAGna83rLNzeLkntjFrz0Fb'),
(547, 24, 2, 0, 'PG4Ad8RGmsnKCvN4hAEwlZTPiygSzW3pD8ZRgRxCjVmWqa1ILGe7F8WYHcQg8UFM2EDjwbVQ6iMwsOfduuk9Cg7jtYzCTfoWT1fqdagjt3QVR59lzuvcLDvfC5Rvkgre'),
(548, 0, 0, 0, 'iHEvSVOlYEhPKrbjVHvHl1WX6Ntq4VEmCjRueFPck624ydotUTbgV7d1VGsZC6lepcIESyQcFSgd6EH1yShtZuvVbXUO4g2utL8ljYyZROcXtTY2LgwLL2GWZBK3RNyk'),
(549, 0, 0, 0, 'yGGSFeSw34uxYtAKJ6wu9dr8OccGZK1yrHr6VjDZo7wnB67kdEPmRgvFsHlssn1U4t00NDZcLvzmCHHPlwbcNGSgoeJRBKLGeMG1qFebbNyNvgCRMO3AvWQUbzMMkxsy'),
(550, 26, 2, 0, 'JCB9HuNLaDMIR11BdhYDkcitvav2kNQ4pre7V1T6FFPwHQ7V86zsiRVN1rPmeGqE7EL3FEakkZR2PZYY5xqnpmarN0N2HdGOSsSx72Ss1JuRItPO1gbqDmSqnFt4TaTL'),
(551, 0, 0, 0, '5qmeh3rZSCNfyEq7Bdd1FeeGRAXzunYzNlO4pf4iSSxqwYx8bKaRZoxQYuqsRp2FKRK96PrYHZpdXWm9Hw0HUxxT2YmUnpz8gkhn9JmQJL4GIqPqXQ7SnFMpD8j1yT9P'),
(552, 0, 0, 0, 'hkAaS4y1PWh5KYAN1Z7oVfvbjeKpp0MGlmQdqpeglwm5uXTvX0USfq4zFPY4PKKa6Box0DOl9brE8la5l4XBv2aaR9eGTZR0AgyBTmX3xoHGKSL6XJHsLSCC1QjVQbVr'),
(553, 0, 0, 0, 'OAfS0cDF8b63qQOjhyLceBuYuLT2AZtoAIhAVUg45n7vdWPuuBHJccIHXCJyBcXbVeMQ83Ueq2JDYz8taPcn1U4ZwOx80vkWJ7MRaH6AJPeIpnbAcnXei2eOQMXRhhN0'),
(554, 7, 2, 0, 'qIugLBn6xWAduI3W5zrLf48GhsA8fFOGniX8UkfshPFLyIIEiaqyfyew1OEhutXRLU0Gfg9x6OjFx1kQcKorjDYksDBW6zOSuOzJ5IhbwAQ4CaUOVjgeWfzoSalZK9Re'),
(555, 21, 2, 1, 'YrY39feGP5KrgFgbZxqVMZkFaGEVPw9OX7R7m6NcbyEseUEdr59d4tSfaxa04kO1rF8OMW1YuFqIz5V1a4efy7uIFFIJ0xKscThYPiWkXn2xsYyC2MRBUmkz23i2A3uN'),
(556, 0, 0, 0, '7juy4uFwhNClA1AKv58gK1hnsmKc7XEfh9NmEtSVguhQwSB1XKiHLz4eWPq3M5i4e6qSzjOPN5GkXilU2ECNdG19wsdjxwnLCOEb7s1VxIfv0Bq2f2QtJSDflQzSmXEZ'),
(557, 0, 0, 0, 'aCpvoSedRb2CbQ5i8bfo8D9BO7xD75liHKN6D2judl7pcdIkoXJxBS9q0H38MpquaeANgUiugqTsECN3AwAbpJBqrFyd5ZIfdi3udmZuMTWrvJu5g4gGOS6fyFtDEbSS'),
(558, 0, 0, 0, 'uWmIilc4e8vKS0P946QTYW9xCDagO38jZv1hRdm6mSQfSFpXLfRKc1hOEs5tweMwJOOB2bIp3yFWe5U0kMKxN2lsvrV2FIypxm1zxJZBhEywJsw4fhB2kXuQoqS48rtG'),
(559, 6, 2, 1, 'RGp4YoMkmSyeKxe3O1iZRsoyDIhTTpcL6BP40BonuXCeuRhjSAjK3HiGqAzj0L56nVbnxAL1xnf2exm77FSanbQNLq7LbdRy83WFDHGb5VektArAgjLDuCrg2z1eMTNU'),
(560, 0, 0, 0, 'WJAArgMxc0RFBigRC1u7EWoGvpViiIdfsNQT3CqfCiVdBb4ddzlRvJy19ukscxHEkxyoaZEMhz0SL56YEsQacpclTwN63vKo3jMdiqZAZ0tL5AKK2AVf07AUEo0ITK6X'),
(561, 0, 0, 0, '4SanjaYiar4g1O04pWjp3UkHikpc5wa9pkxIuv1FW5WYTW2iTmIWh2EAn4MsAWCZh9IMFJrBOoAHlD0eZJagMPQ9TDCuAfuRpcE4W6GKugsPTt3Tcd9Y308XELre1W6q'),
(562, 6, 0, 0, '9Kv5QbQkrialLdeYrnXuo6r2RThTQnjZ8O5Y0VjretM0H0Y8oVCN14PTX6MOu6OCUUBVPVn4pa46a3ezYRm0VcTTjFINLwpGq0CgWZll9prksGUrxgrttknM05zMCYt2'),
(563, 0, 2, 0, 'Z5jV4Egd4IywosYWIppcKNYKTywvx0yw5SsawJnBsV7Qo6M7vcjf0i0UQxpnxYUDRmNo6bZy77pvdbCIoVYpdYj3vJr3IlGzItXOEWnL3MghYSZnOYM2W55sOwvwSb6A'),
(564, 0, 0, 0, 'E3pj0M44zllxelU2jG4gMaIBHd8zpea3iznjmroVMKs15n3p48FQjos0CAA1PK58kssHTQCGA5HGsL6wUMndaQeMrONgzSpUlRBeIeVjjDZLp6ikSGx2xMOYACfavE5Q'),
(565, 6, 2, 1, 'bOhCv5HBRB02zBdIwai5YZF0PoQGT975XpHsup4l14oAFCibNBhLAWMplC6eLejID1b7qftskS20ukbhVt3wpPWKs2ZegjXUk81LovdIngIRAU9wnc2N2Yyu1xJiQGcb'),
(566, 24, 2, 0, 'r6KOiYc8tOoTgHdhKtUVOD4CGD9KLI0dOK17Jdgd2E6imkz7Nu2C77eOKnzw6zJVkL33Yjg0YnjkHTsvnu7vBmkmKUSQuCMOnQSm99m8wGtdzVIXqPt1cOoWIgMcTz1g'),
(567, 0, 0, 0, 'ronlpQi51cJdPSrjU1rpuAoVsmdp9XHBl5WLWfQYszbisCBmE3L9D946wivGfdhAielfucdWMoee1QAGTlPxvUE1c9HrnY2GcnVGz8DmxRAyIbfCx592ZO3bYLDlKF2W'),
(568, 28, 0, 0, '2YDC6hZE9AdRLsujxElxspJqamMU1OR4MvHTMGxVgLN2dhlLWHio61OgoBbqp2ucyc5kTDgao4cCmyoifGGlIvC76NxwQ1IoeOJ7rZhP3tsp2QIhxpCgUen12UySWgga'),
(569, 28, 2, 0, '4ZiwZzl23Ns5EambzYrudOwfJ47FloQqn8WmHhpL5SQK3cVDbm7pbEEUIMA4aquyyqUgIk1OcRyf4uSgR0F2EkXn6xsgXWPwnKM64OUhFtwKXp0OqFR5ZOt6lVnjScPf'),
(570, 0, 0, 0, '3OcPqZpvZ9UTeIkZJ3jDuQQf2yaFfs1ige8HdycdH76WPrWyufbZ52e7AoNQRP983iPgQ2ty9AuZ1qxwGJvMLKUm9Hc0wm9AEZRu1k2bVxaXXIuDrZqdKkzT1MUy939N'),
(571, 0, 0, 0, '20i4lkggSqeP8ItAITNsdnmfahOjkX6nXosiJIzB9NrhwUReOFH124hcl5vG3C300wjKeSmnGNFcIxqwc8yecPqxVWdYyhZzNik2bGqRt53bDuIPCg3P6um2rA10R0zF'),
(572, 0, 0, 0, 'I4Cb0CyBLxO88gvPK0SG7wdGSSFzoXX62zh3bPEWnt5vJBltBdaJKopCh4bG18M3I46TULQheWNYy9samCT71iJjmVZo4MsMQzGKkx2ztPx1ZZclC5tEndYK9X9dKB0A'),
(573, 17, 2, 1, 'R097LgDI5hKMAUKl0iP8jLnQokU8pcwgdFoYW1G1jqNTlyfmQ5u9QS0ecUnB6TSkygiviZwCqkvLSL8JQDSHvSWHNjjUcbeLsxgKwNmW7SI0ERJuuCcZv8His0cEbrqD'),
(574, 0, 0, 0, 'cVGWU0FJGqeZYyfZemucnJQCZ46sq1tCW9yRaeAQEPQCn5CCr7PORGrQKxiazMMvVln6zYXdNNQbStNkAD9rjAi48BeHn1djnAqXznama1x3ulo5Zyxj8QnhrCZPDd91'),
(575, 24, 2, 0, 'M6lZntOq3LpBBhOslTBYltVVyVlOt0Qg7bfuE4VIPkjrC8TY2uWnYRixNElhFbyNnOi2SdKIy49ac39ey5BxXU4Kzp2fBA2Zol1hyLZ7Q9i2drhLwTitOmenMgDoRFng'),
(576, 5, 1, 1, 'vuZmleOWiNxcCQ6fPrXEIxQeYrV66cuCHtZ3IOZ0BxdenjucKsRtZHIY9D4fQzSx3RBLFALh7YvvhZI2rzwrgeppSuFI3xg6pRR5rDmzBS4TSMWkmtLDHb2AGIiJgyQF'),
(577, 16, 1, 1, 'pIKRl7qX0vQSiNdEgYiYakyQ3RAjprYP9JHuR7rRDiKW6XBnWTm7eVYhMyAcZz19jJDaR52unNqtK1QHVcO97MqUl16lA8uTR74Id7dAUE4EGVlB7aKfWbahcgCNp7Hg'),
(578, 0, 0, 0, 'hi7ADzuMSUzlHR8LsdKiREXaKrrzMc24u9E8J9UB4uWMm5yOji6bX3lHvNhhZjlut0CcaxNe2K0oQyd9RjkPnGwStN9t7vXAwAMG7AUalVybuLll5FbsmHlQvvjC0hdx'),
(579, 0, 0, 0, 'RZdZA89W3H7xttTy941vMnmiSFVTW8qO8DNJLWFPDNn7ghFplHV84hrWXmQUvgIEUvnFs3v6QSd79TxvAtEEL5BIsrDYIlCCR0ij3NpUGC1Qvzl620LN6mvzO8xxua9l'),
(580, 0, 0, 0, 'bsFeg49WHaNdK9jM94zfr5PgemNIxX4IpJWFO6CvhpJ1y2NI7mYzsNPG9DoGAtoZdlF1rixIHgJgjxYqUX0mKP2UtrB3U037mI9O1GwIXgZgOYHIVH4Gx6A0yb4sc7Ay'),
(581, 0, 0, 0, 'QKmRrTAoazFYymGt4L9BSKCqWGT8NtGEe3vFW636GI5e5MI9xSLpCoQz4JHScoxqr36o99vPSA4YmM8UETkhiaQmTxf6WMxnPDMYNhOGRSEeEM9jGtAYEqlxYAEUmbic'),
(582, 24, 2, 0, 'mU0ZSS7LsYS5HphOqm5ZNWiyFCSpaSOwNOwFHEq9CiekIv88Se8FaqdQ26fdZ4JMTfrATSJwbYQTuZ2mea2oBgfEmvRmzA8sQz2KsMhDK7wf6zBlKEJlUZZhuRD4sLxj'),
(583, 0, 0, 0, 'b8mixY0FDCKIKcVApOchFi4Q9Hxvm0uy9QQGPRmst7bdj6NJU01Aj5rtNYY9ZtI9jzQ8rcBVkM9DSXnNXonhuOKhNJrMcaWwJMFaYg6i2fWVckI9I5rdUbuHVWu76qEQ'),
(584, 12, 1, 1, 'cj1bz7uCmqxyLfItl9GflbWg7roeR343m5fWdJzza67VmQoHZ5XlhUCol1Cc4HgqNvn0fWzp2HkpxJ7xP4S6Yuvjv8wzPM0CinDxkcXmUiMr2TYRXRYWmtgSCMssys5R'),
(585, 0, 0, 0, 'QIpaUmxOEkgGdfyb6x7t0nlDaO5JgaA7SZiNmQC0aSHo8fzfMHIN54qfSwZ9GzhzzAnVqZWBSDZ1SzgFgZsl3TBWqA56anGKX3Fo3BZVeZW7ydMOcfag9MczmiGxFnhD'),
(586, 12, 0, 0, 'qW1ty0pNZmVxAImMXw37jfHFynddKuRbrSFZS5NSsIq2qNPokSwD7diFBwTm0KxrDdrwifoKXPMoCBMWtizBwSh7obtpV1Rzej5wythwj3UVFHS9ZrKwk2DJd7898ZIm'),
(587, 0, 1, 0, 'iNSQh9nAdhwTYo2YQNuaP8U2f2cn2UJkHCbZMyz0Q6TOuVNlJhwypqBFsN2uIMPqo1pbAYbq44fz02UJkqiKRUpjHrOpeEPCGfOgdZHi4WS5ZNPjd8342toKVda9R0My'),
(588, 0, 0, 0, 'fAOtAwMFtELsrAMFJQKLj9vemFoeFaMVLBol7a0AOL3gmPV5FGRYPmdc2BrIMdDxP2SXcTy1FBh2qd86UZ5KmiWoUn7GBLdrN6oZ0W1FyjIZwQ5rPabbt7AovH57tiyg'),
(589, 0, 0, 0, 'pWgpTh5rBNq7EwztHKFaSgzoXEvrX3Hm0XMUfSmQGNYkjxO1iubaKLyIp49m8RJ8Ow34opV5cUpwsexKIJVtuubUylhGc0P1xS6Vi10uVq0oEy8nh4QMz2G7oXOAYEBv'),
(590, 0, 0, 0, 'SHdrYrqZ8695F9X9fLUZ5HkrGShcB4muMAVK2mJasTg73egjZbi5SDwyvNL7S8BEIwoKS8Vl1bs5pJopUGuNk1lPP7WHfylY5KIYSEjUPL0fuoFp5acpbyf0FcHVK3TP'),
(591, 1, 1, 2, 'LKOiqqO1a0Ytl045U7n7gas2VcR0HebtZ0MpqArABp4Xq82lgqsxAVzv7rvPGHjFH558GwJhWNenWgIdHbKh6kMeMi3s0m8IsdQ8JAqGoF3lVLyDWjU2DHgqZkT0H1Ia'),
(592, 0, 0, 0, 'eyiY9JEyoHTktsXpLRspyJPy4IyMJhWYPfWZYAxmirGLTEbEvE44oUDtDcfntbljqhioSQLahsWa68PBNTGbNjFrvUOY59hwrAVjqGuH8rSezHQnAwzoQePl8EkeNBKf'),
(593, 0, 0, 0, 'cFyCl3kuucI3Tzru60TWeJhmnBAbdkqp0Z2l3mQxzzBs82Xe2QagAsDY3e9hyAHzAJVD6LaFkM8tO5HQWS7xkKvoYFFxfn6Q62ucNFS7r0Af6i62aezvY5UXKzv0WCQ3'),
(594, 0, 0, 0, 'UXQenCkvDPjgHFCnRJMagewBZcPiRxMLuC0SfknS9H9QmMeev1pMgWof8dyZLkLgXL8c6w5fdf6A1lPxmejCaISiWqiHK3YIP6UVD0bQfhqhCfOZu8BFRtXNUgvEktn9'),
(595, 0, 0, 0, 'kJdw20V74MHFjbTNf8mJhDis1UyWUZ2fJgLLgHTltA0NMUA12XLkB3MCYkySkB73RTP8AIt4juR5os7rqSL1WxEURcNcOUfGO5OoNis7MkcaNjBdcne9US3M5RYTMezA'),
(596, 15, 1, 1, 'joY7GretMrEzLgMXD06yTakY1jSNxsoRQmZxOe1AGF9rVWpzWw7QHrOJLHwj9Ua0hay5ozF5ePwaLWJIsRy9jnS44pnekyeCIMI7mncBdJLYFvH8mghFEaKIA7XVGcxo'),
(597, 0, 0, 0, 'RhZqmNwOvJ2GXcJSD21qXHik9kvHmU5dc4EySamnUp4RCOKgQLGNtY8CiDkFypSKuxjmIGKD5PuIEfYu0EhtDq6W3qBBQumk2FHKmsoriS9W78q8MIBq8Inc9ZNZtajw'),
(600, 0, 0, 0, 'w5NLLzBSf63oQzHHt1XlmrJlcO6Vy5f5b2RXCtPSAShqsY7V05hmx1HJQOFpTUu5Xm2APSsqLJQdIY9I3r5BsNkiBZIvUdARzDrpvTPgDFulED3H48jxVDQxDy2xLDol'),
(598, 0, 0, 0, 'Q1gctEELxOIFW8NJRp9Z8xbhwZh09Aw0CMc5rQRZFzFBItkzTuz11KjyKAyUb4UNR7TjYLjDkYe3szCl4cn5WGEGgcAshvf8C8rATKdeJsib1Uw57Tb3APKR2kjjPyss'),
(599, 0, 0, 0, 'HT2BEgPnI7zK25P9Z1dzRXqUiKd8iFAZzCBdSqBByalBgbLgcYP4WgYe0cmjSXjrzUFslh4UspvIBgYNfOSb5Qq63NpVKJnkD3NYkRSMhovSFuGVjy7opxuslUn6DLqh'),
(601, 0, 0, 0, 'gPKMJz2mfxHTaLBfUUMQyDnbbqIX47ilX37GCa3SHLLSwn7rhUhPxF1J5KH9R0uP3CwGMAyulkmSHtjZnBPVgQEmBlwtl0ipDO5poETKYgDGJXF7yu3OlIbW4HpqHHPl'),
(602, 26, 2, 0, 'bFE2B1nlIHOUZqaItmo0QfnKlwGut6yFLdHme5IXMxRLY2tsoRse7QYtnFXQLvwxIdUXiDU4aMQ9OkBdc4rjUqMh6K8RfEpYSjVaWPf7B5gqpRDBV4VQvI7BsgtIVSGN'),
(603, 24, 2, 0, 'bBX8qdg2iwsIo5kkagaGYihryK9tDPgPqeXRrdTKKms8rNsB3Ch2VzttkCWXrdNRrLJTZCDJY6SqUk2XXkZSTsme5jcwwZoYK7SJKvtJCl9xGbvDwvwpXSE3bQzIQXHA'),
(604, 0, 0, 0, '8zwU9oGMxOLLEpLgrTFs59PLCozGS4R1DnVNLCzjqk54KQlbK1EPauBMSatLfkMSHIFtkeNLzSPjIbvtc9inETaw4DhkX4cFMS966WSGOI0xTv06FjujdEQih7CfbPUX'),
(605, 27, 2, 1, 'H44O0WuPEumy0nFGH9ZVNPe4XRk9Gf7ojbdj8I9NdwmdT1TBaTxXJL2HDnQjCXIV9VfiDo5QUs4OtYqERXCBJFim28GE6oAfkPyXdEO86SXAQneIlQj4vCrxL7cRvM7Q'),
(606, 0, 0, 0, 'BFOPkCYqvV0mje5F5pJB1a8MilDO7LEJqsyL5xbAtcXMr2rwrb7tmgfEBTsIE7s5z0QFy2g1edNFgfcIqkbNAqrckUVY1n4BoUgWWwXbKLR003IrnTfYkGbEB6DCuHeS'),
(607, 27, 0, 0, 'CuPz1NKLyBMzFv13og2JXdnyk1bOIpHkUwTVjDHSfurUZtYoJ07HdvfxxqmfQ3zKAtGT7oMnSeiSHggrgo8uUn1rOoGErgp1K5VRtHemVweDNu43ScxNAzepYV3pbtrW'),
(608, 0, 2, 0, 'ynN252o1zCEm7Iq0VYNwx1VvWZV8sn41KS3QVsRu4vRbehbafZGN1CjXCe65Cb7m4adZD4tHzkTOB5YR4FE5iX3Vca1Ol8bpjopWsSE2dxQPCPGHvlNOiQJu0KimSuMc'),
(625, 30, 1, 1, 'NAjEHhvTkwYtzeoHTGdbVtnSsxtaMxVA7eePvJIQfGkPUIwOoKZkemcGUFQHcLhk0vaveSmuzGjtpQiOBh8PElwz1mge8xz82JEhB0LaH5E7WWVxe4nTpTsqfIFofewi'),
(609, 0, 0, 0, 'b8moYluCbopUrG4qfXCshTttOK9Ni3rubOS99mMkLcfdSkD7hgAza32ZObM7eeBq2tAcQmxCyNQr7typK8YUc1T1cG9rUKSXesa5PHIouyPC1o1Lx0GJ1zLefUFaEx8T'),
(610, 0, 0, 0, '0iYP0Hduf36hr83Y8JIajtozn4J2CSWCaVsaCGFRJM8bUc93VRdelBOIGyLiqHVBCnLf4r6NdfZ8r8bn0pCm1q4HYQ0oxVZajLpncwbqMazdjLAkadGcDLTBBTZ9PZk8'),
(611, 21, 2, 1, 'Ua3mM9ZBOGBlG8nxVDrcUc0Cx2Gg8Va26doTnoub56wLeUjayKntXn5upLKxHVAN9YGwnbIshfew9xGIi4bfrgKR1vpIqZwzYc5loNOF22bcASUSW68omSgonG7OGDnE'),
(612, 0, 0, 0, 'gqRomdol9gCeyPzC4YXkAHRTzN2CJhlZIco5pMqz23NBSmeXlciVT9PtXR5G8rFQD4W3RmCUqqviMJg7Vy3PHSiEKolSP0Jt5FxW29QtAlLm52u1AyRiraXbyi3ojNRo'),
(613, 0, 0, 0, 'tpkvybY9xKvCN0EnyvG0FDbeVfCf2uDwTY2s91BGM7jz7XXGtDG8hSnc7Zsau5Gn3IPdKrUwye5Gb3nFG4OXWba3aCeEIU2MDSZnjTTS7Zzj2XZJ1NGYYR19ugOcaQYO'),
(614, 0, 0, 0, '7qA5wKXeVT2QaUN4NZTRtYGy7GgyMRqTi1ZOLW2GP5w0Zj5NjYFMXlk42BDPs3JL4IzQFCwvH2vHmBvFzaswwNBzoeoRi7CnQcdvOJ1wMxe98JPIUher4Q0t5oknwWLn'),
(615, 0, 0, 0, '9YTYIUuvrJEAtuinLxOQnOjsdEQKBB7KA0IjUdOmWsWpWeNILCz9rTBFxsp84wTFxBYsOMOLeLbbZYULBuU2nwHVY643DXIayGCnsr8HckTcjOXUiRWGnDCmKGqoD8zc'),
(616, 0, 0, 0, 'PcAhDJZQ3T2mHZgZRdGfRiBCZ10DaAPZMqhp9ggcaiyRhPR82xnUQZwP1xsb7ibTIsjRJz4TRCL9sCivaGp0GWQHtjTAB5ukyNcingcfTXolzHRKngL3dBLGUFhwKLRi'),
(617, 13, 1, 1, 'z3AWkMcdJAzjiq3GHPKUqvBlaSSVEKdeONb8AnlkYVDglHW3wGXXczjnrci6WvkKjvSUSeeQ9R7vz3y6Kw4X5okxACDw8Yhru9lnoAeysl31pC8a8d7eBrLb3pIbnZDS'),
(618, 21, 2, 1, 'kYVcKOxoIk9fCr4LXsdm0SSDr3Ic4mEokAB5o8u7tDm54rQ2U4pVWhyolhApDeOYPp4dxyl0cI6h9Wk40JZX1ylmPWLtbzs0Yxew5zxihDArAUvBDvyE3U1SQMm1mO2l'),
(619, 24, 2, 0, 'mgSsPpK63kxDe3fSyOxBIyuzlQBIFD31TVtJleQozn2NrhGZ5eAOM5n8VZQBDUDwP7gbl6zUuBIVSpUYDvMqAaywap7NjLk9SAkeGT8avR5ogZnUu9k5kSBvhJiBuCKm'),
(620, 0, 0, 0, 'd5ATZJ4uBaTS9gMEq6KKZlgh4ySybDVoIwiHgmbRw4JGlwlLD5wCqMTvkM3vpZU7vcOLy0D45nLqT6bwbH9Cu37OPbkfaemGqbrZb54gsPHmWST7A3K46RTW3ebdtyTU'),
(621, 0, 0, 0, 'JlTUrYbTNTgJM9RmcCrjtlfwArK3ZEXIZRDqPPkDIAmuKeRWQjfkEvReWBiVgfEg6hHW71zPCWkmabj1uzm94do0PGW5WAm2S3Y04yPHua4EmnGQW201fo155Yb1yx4r'),
(622, 0, 0, 0, 'A3rFBhm5sqKOOqFKtFLJ4NO9M0bkxgM7jeNVwa0YBLMpcraF7WobKdlwdxRKNDS7SF2oP2nrOaQ0B0FJX4VHhhdvO4fCI8JAOLZEOm5CwVC8WiRTmNAE4O9SSpuAxdbl'),
(623, 0, 0, 0, 'ZaZNx5p401cXk4QGRrkWguO8TjJqxVMx6MkERJISLVP6ZGMR87NoBCxuWhVucH1itlWl5FdRA3XAJKrSRfgtSNXP4SjhAlA4HwpNcDEMGCmpmOhe4yHXmFMqy6I8sid9'),
(624, 6, 2, 1, 'PCW1fBNWealBZDP3cx1ydNZLUHUmZ7wOKsQ04EWiOiUNWJR8hSHuGGgAnaXnitc2W230HZjvidjeXbnf44JKK0l8ajwtMIwJLzKsz4YRhi5ftsvyxejheFqpYWSLFpur'),
(626, 14, 1, 1, 'XbzyclJUqo1nlXUz1htrbVSrExPULmcIxMhK71EypGVKDQkE8O6jKYKovAigWvZuhhepiTXIzTsdKNSTBYdlWXKry3IvyHZQZefh8dZH7sUSgMLSKYeHWY8u1RZAzZry'),
(627, 0, 0, 0, 'rBdxK0RPy8iz6NCUfKQiUR4Ggh8OzT20vgyggp5PxopEc2zrMqJHiOoy6wnFqqGVHebYEhNcFdQSfqj1Q3J9S7HYD5E3wlZdAaberZq7chZrHjtymcHekpdYvS21d1eN'),
(628, 0, 0, 0, 'cq1EprMCIL4q5xZrKHG47T3CM5EZ6SMijNXJfJlYvppAXp2I6INeCQQoVuo2nalHYiqe1McwcB7a19S7SFmvvcUrHit5tONr7dF80SFcuMnvWfDOUZkqceRUxkZ09Msg'),
(629, 0, 0, 0, '07o104euQBZNQCBKBVaNa1HHmHHvu9LvhawheKM5lLScouX0q7OB9wiwd01IaNesXKKcvwiRia4GF1H69vHj1ZPf0QXaEcCBXmOsT6kbhoSWpz3z4KS5KHlKyjUcvxOs'),
(630, 0, 0, 0, 'uSuKF4NJEKTz39VWAX9ExnObBOEIhxOMqiw5njO13IB7Sx3tvc72AWdcLSU3pIPP1lUoEJqIr1PkyTN36V5HRjTCbNGAwvqxRkWv3mevn4PWXD04y5LppF2BtIcZeCx5'),
(631, 21, 2, 1, 'ho97qzLPDV9Vn0obOesUi7p6jNO4RQh8fqgF02vEXFzlGYwudZpw7OCqCqvtgMCvcSbdUHRSmre2pKxCKW8SLKiobNSszuXMn9ZiRRbdipgIaOkUKtMwe5UpTMSthPfE'),
(632, 0, 0, 0, 'uHMI8gKIrxw4Bplk5o7nwJiUFkYyUUYpBL7J1RstoYy0oUktjrRPb9KQtIpoCnNe9UYbMrEaqdbO7virX9g8i1ZMJoamMXBVSz6E1LPrY0g6wyxtIOC1PCNz1XWNVxJO'),
(633, 0, 0, 0, 'ICAtelwhx9cJyBorHc2mRGXNQxqF37BLJbfXxLf5UrPt2dUJpW6gC33tBu9EBKqkWFitqxylZnO1AIL0FSgiVjMxOVbpGBKCg26HAE3z1SBCBnChfTzbcmI0hUqYwaAN'),
(634, 0, 0, 0, 'bPOWUo0xLQLY7PA27t9xqxVxMzFYMeEY4tUZRUwCKhAS7bVeE4M5BICohim3x12CuWBlQ8XBqytxJoMotyu5g6typQCXREzmAaHrjF3JexgXW3mpBQvSXZrmQ3jHHT4i'),
(635, 0, 0, 0, '7YPWv1BEUYLuKmg0YQbHYQN8ppY3Ybn59c2EeEj8D4DnrUnpKz7IpVQPkPSj0gpatsOH68QJdt7Enu483cRt7IjrycLysaIVCxCJGssTWAyk4Ct8OkCW3WnB899BjSxW'),
(636, 28, 2, 1, 'IcsSTkdV7UUtn5ZhIVwnOsSX9WumxgaftC8nXli5gdzEjyV2uspiUif3eJqL0A0td9RauafLnOqHmlJQN98IroMF8cr9NsD0Bub6EqS2fiJBEsssBBa30XJ89aiWDVXe'),
(637, 15, 1, 1, 'mE7rJEVlK25hpRePeouNn9cbTus8R7ieLqFv4BQPDW63NlT2JoQ6x2iqwLzoSRCDii9mTZcxWiBKDuMnSCupFMQcxqAqhd4AvdWpd9W9rxU52GtUjXkZJbbhBMITZMtv'),
(638, 21, 1, 1, 'QUSVptOKkChHEywNlKKHS5GYihdyaMs1GlW6PKQ9n7R1GoO29zJ1FqZXHdwSZZTGkQNaBEjYMb0tzOvJofK4FK2nYygXy9ET0s3B6nzSyzl8oRRN6CSMmUaktqi1zXVz'),
(639, 0, 0, 0, 'YmOQ7nLCsTEipJGYnk7bAEF9yl9evXQukEks164u0IMqssoQNw1naGwI1GXxEN1YsmqusvYseLSGehw1NypYeWHgCFNgsPfUbFoEbn6q8Z6nhDo4cN3qJKHmpvDSkSNv'),
(640, 0, 0, 0, 'oXtZVJIoss2nzQ5TdWdNbU8ahbMWBgP0ejZa2HyvaBSKrYEFUSs6MBg3N30pjPpy8oJb6iGhUz1lxG0sytyk4PoSSohceHLm5vxcOetINv3lb3NJxl4Cbsu3RMf5t1sz'),
(641, 2, 1, 0, '8djoXYZG7COd1zjMeoXoJlrW0lK5Rcu0qNonMn4T0S71rqOGPM4y7wu8RfdIsHITv7hhulbvdiwFJllz7p7fWCnNSBwkjfeOmv5RQgm4zTKje5Smv0BrDZfvBLQU04Jm'),
(642, 0, 0, 0, 'M6t1ltUsMs6TGV49wMYKdBB9AP7WZEeMKHO5aIyXbFQSAV26H0RVBs4cic8iQm4B3THeBfbNU2FvXHBFItAjWFvfRDyI0Dj3w0i7guVawAFuih90LJjHpPXgtvYt8ixE'),
(643, 0, 0, 0, 'dptQtjropJ0yXsEG6Zxe4gpEUlgkVIx880ZBkq0Ja1h7tWNAVlOZCdDwzURvCoELpDnJ4nsepKmTGatCviC7wgE5avBNUfyjTV3XjwcIgyBXJ5AeoclUs00CvBpqQYJK'),
(644, 1, 1, 2, 'TNHdjUWAsyxbE8q2kMWNMWqiyQIpPs9IfRWyLS8erGq5PQ7aC3Yp0oHyfpY4S7N7YJGJCPX3wn9legvRktgkSXT7nScfZZnYJ3ImSGqp4zKiPg9aJpvCnpJLhW0hVofF'),
(645, 0, 0, 0, 'F2g3661T0qywiPYY0CbPKO2pBPsWfIqULHYRN0LNqkkI9iHaVTZGI25jSxf7gG22n1Ub1GZs0jbaCSkxMkdumjNeR3m7Jpa6q4hsKhULA5VcYfKKzYfWh2a86xgPWqWm'),
(646, 24, 2, 1, 'uePfvJ05PViNb2yL0NHiQSqXpGMl6JIBXxQthRz6MRUXUtIVhqd8iE5HlS2sBL3ziU2ALBHytCvo5ejnFxvXbAEwsHY4t2DLWGmIi3gLFM9L1t8G0DDbeiIH0GMtJpfF'),
(647, 24, 2, 0, '5BnoFE9kqj5rMe7NSLY63HO3oAx70NM6oau3OEofXuGKINxAzwHCewGC7eJ71weqGIuvnSKlnr55fDGOaoqoU701lK9ngoNX6htt9dOxFUCUyjIIH97Cg8ECSOZ9cM6j'),
(648, 0, 0, 0, '4zNeNCLswon5H5OpfV2w4G8Wv86HVc0ZMOdAqZ3Xnq25wQuLMxhQeqNJyTru6ruSgItGHwD4WF9twEejcvaqWY9vRAZY2uRickYTQCYNi8gONv8Z1ipXgzs89s6cWXv9'),
(650, 0, 0, 0, 'xzOgw53xpihvCqPTnX8896JaMNyrbuuI3iZzo37NloiXP8Rd5Zle65pSSXj4rONv7M4wPbjbAC9pL0CQ0Y464tYXri1T7OoeBtKqF4BfHLFsLiiMhnSlRRijakch9BwK'),
(649, 0, 0, 0, 'lUh9VwSb0WPt88n4zaZjWedTX2ZAAc0W6i51PYdPU2j3bG7LR64NlhGjkGTVSURZcX01WeRRhbUsR1eI8iwuAcNVTHQLBILOGMQC0HthSoKKqYtyhZ3SbRN5zERanCZ4'),
(651, 0, 0, 0, 'Z8qKSfmb1b0YOhuPMpss9rsUvXtdHByGKYrCdNOfYOeN6IDT85lixNd2KGfshN81MAEZntfmhtaocNhlTCDqpQtaxJCOxLQjlvjJYy6g2gEe4WzYydoY4S8BBLq8whsS'),
(652, 0, 0, 0, 'ynVnEAA556CJTogRrKCtwrzawqhLQQZpdVNSvnYAtAjmYAdqlQURht2OUjzL9yantXgZlezOOTbNuodPf8GwCIkw2ThcssAVqRUM5uAUoLHSaVHp4oWG7gcaaumCXXyo'),
(653, 0, 0, 0, 'OtaUYLOmxweHsW7wl4csloCvTZ8RXHgLaqG8cuvJ0KrsGyY1DbuYA7tt7Cl4jBQu2wDe18X2SovzXuBAF5yfc2JkE4oYFfsIM5WNeTP6hkFfPgPumoJzqsT5xi3dxwVj'),
(654, 0, 0, 0, 'R5RiBmq4sEumXm2E8utK55O3vshyECkvIbNjyeo0TTnQfpuoUX8Z3X2ypk63WqyFCmYaBnbuhykwXPVRN3RQ1ToqevuaW3QypPJ0cUutsP0qEVisZ9i03HrhdVs9YiHn'),
(655, 0, 0, 0, '7qoklTOOIOenKwPKG8KKQc137uc6NTuUkSfFM3tuRISCfImVR7GHjHKrcWxZQ2UbU9RGckb434GiN3eEbUluC6WP3uOTwI5rSW84hj9koQDbTSQ5NcApiwel03fxMkYE'),
(659, 0, 0, 0, 't5h49ulo8FDEApWRSZaiuiqdSECMP5hjbyok3JJconQZNMRFL2Ygkptd45ZTbgcmPAHSjq4INVIAHzgtBfJWEdaJj9CuqOQgpx8IXdrL89mQJDklS3hxgsgzCS32HTj6'),
(656, 21, 2, 1, 'q5BmrLu73mNbO3c9BlDHS9UTKp96P3Mf8nCA86HctunhyAr9W5RPeLIYaR50VRf3eRDnYlzrQXJoyaxvfokua3skUxkQpAUEsy1qTBSJzB88MFD24Ywe1ZzWxUMWuGAX'),
(657, 32, 2, 1, 'QQD02UbmjIVB4JN0XVKoeBHSJlDKsDLjuojwjvTCdOeix1ivW3TbFA4oVI9olUHPj0mCwffK3t3Bvm6sp0D5AItwqCUMxBBRCXt9dJTgdXSIjZbI0PNAxh7YU1KrDmig'),
(658, 1, 1, 2, 'kMpxwjOJgGsAGDiGs6h0ooYiqIK442koPKVl4J5lqxV7beOEl5EJuC2VkMZpPkOE4J08t5uUDp2ODQtYW7IrKKm4wmulGi0L20Uv6oqJNsyrj1qf88HSS4XoqrK7KLSM'),
(660, 16, 1, 1, '8ILpeLaEaqoKngwRttLW1nWZwCS0Xsa6aVwpGG3R6rCuH8laC77Du3D1Gw1EYcK97gyOXCG33jxLsTW403Iv7mwOSysRKc0StyHqaoteH1Z9VWeVZXq7jXVcwn3hA393'),
(661, 11, 1, 1, 'CRuNfY1WZ16UXkQXhh5Be1NLpQ2ZUc3w3xkjwlfvnmqlGgiYynzNpnyOdAO8NRERpZaVlqrIMS3s9mrHK0u9n2XBDLJrDoi3nsZISqrEiu7sRy9BzDLXGIykuiL8H3b4'),
(662, 0, 0, 0, 'vaNoBe2UJ9mBIvch9XeQGNaa5VjMZuRvEETgTVaD5weN1q4boi145bfb7zX73PCItvYnr80wFekGFoS4HT9N5pYdYWk1MXKgtIDURErwTLdya5DSYMF3bEh9BBbnyVD1'),
(663, 4, 1, 0, 'DhWvVn1O9fnjk0cjMRnXwE77givPd8RRpNmlbo9lEwFYwRijIFhfjonAGSpU1gLr48MfxVAbsfaZ7siQ7z5rXs1EkqymHkNLsz00vBbYRlXYNfOVPUmNmorHO03vlRhO'),
(668, 8, 1, 1, 'ufiKtF0LOWiPKKseFwAuoTnKnFej0CkuRCflhg66cpWX9obPULjjFH32mhlnTFSLi77AoeGBDDyN1KCWwWfbEie0Aznufgfynn8MBPofsW2uHFqdCFpgYDgzdE3tUi1i'),
(664, 0, 0, 0, 'rhOWTZVLlSJ98y4XsqKPOcwDdA9yrqmSIaPBaKnwD6FLFJI89tYYFvCS5LqxcNqUYgw91TFE0kqG38OdCNbhiOaozBVLomFnCcwD5bi6vIMyRBMtoYLGMV4lx07VmNiY'),
(665, 4, 0, 0, 'ZOC50UbvCX4tzQXXOIEBEIWbI475Rq3QfFWfz7Kc5PGEFDCumg50Z2cI6jNXJQOZwKe6SZiYOYDuCfYYw4Zv7bddv0bfQ0enLttDsMBgKeKnuJm0OlvVxI93JliAlwX6'),
(666, 0, 1, 0, 'ZqKscmIXAtl5dH523AXAj7D2sWCOtzVt0FVd2EaC8vHlcNogolQHtuKWrnLUXGnXmjaoXl15RJr4xPkVbbCFGnB7Km1H3pFqIQPGbRL2Ad683q3eBGUh3vpOSqvWQbny'),
(667, 0, 0, 0, '1cec30fEelMhMQwowqFAW5oPvULm58U7l9jpay3pUQGGGd4dDKNAPbpl6bHbkCiFMC4Xb8m5Y3MFgRSTBFtrRTNX4u9o7s3U58Rggemfh9Vx0OrCuV4lORjTmthtWlo1'),
(669, 2, 1, 1, 'Ga5h0twtqzX7fokR4J73noCA3F4XY5gEglWgOtKe2Imi6G9aqheOFQoIvtGtyX8Pi467xQmAyISFp2QQj4EZU3IpwoT5l1UE50MDR8epR64g8U6sYLrTOaikycpUdkzj'),
(670, 14, 1, 1, 'klXbtbBkhGBqBITAtlthvLC4X2YbmyuHTrTnCuIUajlM1emuzPM4Bo8yq7KMFfuzHnXkRFe2ZAO0OavoZitAGC97JUTp9nZQLWaCBpFBZuBOF7dEpGf6ipd2j7stvrjg'),
(671, 0, 0, 0, 'ouT0TyBT3dHIkUnKBCRT24WmboPHQ9XeDQewpPps37ao1x8DaZxd4tzgSpXIyUXbLcHb27D5eOtgmCTxCqLGUkWMKTviOttzFbKHjoNydhOATI8v9Tc4e8QY2mgQQKqv'),
(672, 15, 1, 1, 'Wbdfz1NNiCnbkwHupTyE2pC4MTVCEl7AwlQ6mDTFghQBOy5dsERu3uzPovr2RzCoVsui6oXnGOYum4IOIAiM4SCsn4ueE7CzA7RHwP4cD3HZ7pNQ06D4Zfxnj2CXafxK'),
(673, 0, 0, 0, 'e35XATOlzpZYToKGOoG4Hd1Krdgz5NKkRQisK6NkwMiqb270qO4716Rtj82pVNJND1fo83IEQ0513c2u06B1ctvwByVxlFlZHBnPE5uu6zw9LyDLFfNRJjolRkTdZecG'),
(674, 2, 1, 0, 'wuyBlHVc5gmwYEc19Qhmqm5XQWAsSzso300oIWBNcYkbCwcLnt8NPdKFak82UArXBsmjoY7AWrMyYYklss8iFTXQe6S8Hk6iMtCarJLoaxW8whuYJCgpwefLk8U1s0ke'),
(675, 13, 1, 1, 'w7fqw19pUxkDDkURAf4fBPcqbd2iPbhmjxNPyWftuz68U0Zug3JSTWi59knZwElPc8FK5VdAvkIplITBLDtFzMKJ67JDM4tYd9Jj4WUzhCZClSe7wHM6txQAEzdrEHqS'),
(676, 10, 1, 1, '60IXm0fbbxBJW8QrmipKZ9mQuUlJbjthkbfGbuRn2t6YCXpZfPJeY65t0rdcKGu5SJL4eDrg6yeJvEIKtsZsz5VAw8MhPgmH07LeKcvRKKAgoi0SL0kk5fUBoGSdXfVX'),
(677, 0, 0, 0, '4yJ1pLaJ7OC4Txv3slOHgD7KY07fHJmMh5OGRYqYM32FAyJ2UyKabRV9R2ozLKl3PaKG8bFVeIBPhkScTCm4tidlkCV6nhacrUTA5zvki69zr1MkD9p7rDtLfoSCF2P6'),
(678, 0, 0, 0, 'AS1Xaw15E0bBDFFV1K2V23DpLPhpz2SaVU85qaa4amFO1lK26MX8QAxCqP10STaNNjTet4iDqYrrkbtqYrzP27rsWstPmDCaWwoqAH30Gvs0HVqFm0vo7WR3pkSMYvWV'),
(679, 23, 2, 0, '2lmC2pDIV5JC1ainaNMhKEk9ZdVYJSULdgnfG1YB6Ie7Swv2kik4WFdWS9UB1Ome4KuKMtlSbA046w6rOqvL5JHYTBAUqX9uHDeu6AmibnmiTtJIUft0YaYSMyMcwVHe'),
(680, 0, 0, 0, 'Igp7ZmGK0W6pqXTW0NZQZFPIjDISbu9TLz0KWHvXECm4zg1z30p3GeLZStR3Y1WKBXuxF0ujDRoc8qLbrbe7q07iuZms1jcChHaWIFglxFyF6kRxv6FW6NfAMB3NVgqc'),
(681, 0, 0, 0, 'BOQhMIfdoq6il9IMSOmL3UaB0o45gRZSGP9syoFWPLfaVXXOLjzOdKqe9ujpljh18ruHQaEFVTQRQNFC7fql0Qz9lTyHcQJlhd37nHNjADbrrQ3y6uT6ltfHmOozF8VX'),
(682, 0, 0, 0, 'D3oHgR5fCGif0UfuYfzI4U712EdkSpZwtndJeiYRZg70bmvaB5TGZ0H1FUlykl4NIixXBwOANWBYi69Ub2Aa3hbJcxhxSmkBESyfonQbjraBxjwJm6Tpo59BDq8vNt7r'),
(683, 0, 0, 0, 'gGUMfDycKymxJJv5DAlrDZpGdabTmJzDqtqF7YRSxdpgXVlBvH29GrPUB0NYKmBaQ1PY0GQxUfNRa9sGQuPxWFryGfwqC8Ataqra7hH1xvTHFmnwRd3NSvlyKRZn0AQa');
INSERT INTO `info` (`id`, `player`, `team`, `state`, `cookie`) VALUES
(684, 0, 0, 0, 'pXb9xtc6fnOFzFfFBgfJ3ARxdtehwIEWFQ5djhjzE7eeMuUnK97NKYkXrzfYiUVXK0a4itEXBSbnn6L7fSVZRgXjPdi87d6RegWxKAumtFJQLvX1oS1g8ZAYcS6j6cbl'),
(685, 5, 1, 1, 'fcI84RtVjDqLzqiS3d6YnAQiUXKVimixy0GDS9zcNZXmpgfsulrRWhaRfUMxg55P6LsYV1aI085qpkSTGkKCBUuQPho5mtVtfnrapCTqLZQajJ304NDFI7wyoUELozfD'),
(686, 0, 0, 0, 'OzEpaGP2JdLJ0e4JCjnUuzNYCzPB90YXACnKjcN2qyMqNQaqaykE78CJHslQtkO3WbOgoCiOb4fYVpo5XJJ5RmPyObphvelspaION1CY5RW1hl7f4QkVdau1lUjR9Fjz'),
(687, 0, 0, 0, 'juMUYV7TG309DDku7j2jWgeexg3pB2bUwYPuTXoz0pJE348anaukrIyYZCoAEAvbykFsh42itLXwP5GdgbyIU6HTJ5uoG0zekfHCjJVNuSjjY0xfb5X5cEZVKtkqtTFO'),
(688, 0, 0, 0, '8mrs6nfAgyUezstLxrRJ5QFQkZgOTWD1j4tprJ0HhVWRnpCUQuEWkkMFk3td06fkbJKDsKlKFhB3HeXyICu3WhJhlculjKFvtp8WatGQLiTswR1ftwjqN2H8fcuzX94q'),
(689, 26, 2, 1, '7JcL6Bmu4Y0YoNckRkXRs2oBpWEkFSvNBHzIjVcnTcmh0yBRTyJlB8X04BkJtQx5x6NR10eUdBcd9N53mPoXXlX1XhLr8iwFokwqlLkynxLxkRAHGZEDkCFiTrJ2JgH8'),
(690, 24, 2, 0, 'NUsFpuvg5DvAp4TaktqQ1fARf7WU5cZT7ryxV4O1IjC7nwhH0Iy1Y9TdgQ7m37fazOHvSvwAO9IcF0UFIsHGCAUSq2ft9vDIjldbQKMFTuRzuLedeWTQwOJXQYqZt4IN'),
(691, 0, 0, 0, 'pWYgGLVAfN9JyoXMkRDQFmNwlewPjeCIaBZRmUrBHBlgZj3kaHaP3YlpdSew6Rfhse8P9zrRaN7a6bugSF6WEslRkAoqrEIUSQJ2qaTBX1L3cgk5Vq1ASnscYQDpulkn'),
(692, 28, 2, 0, 'c4pCeieckZgwgABc0DMT0e5Y5JoA5JXhNnT2G8e08uxo48A5MmYMB4LGNagSTeaGB4IhcXikrPIwXiCKFAwgFiWtsdmmrw22ALkMIC6arPHp7j9NUG3zY03rdpNFWQHw'),
(693, 7, 2, 0, 'YaFRz6nnjnTvKV0S1UFENG92yaqtXxzVIeMhkaFEyy9it9bv3Q9RxjT5tjzqR8mzm8QGjwkR5t9yDl3GcdxKwqQZKppBxLaTU1AdyU5Doeb1AfINsgxZHnYrMo3k9ed4'),
(694, 0, 2, 1, 'gOiOJnr7CC9cSSZl8xlQUjhHIk1SzfWP3fDMC4UeH4rAWrV5YhVTAdAjyBb7Q8WUnzHZEBelGGVD7RI68EZJRz2qbex2muWJ4EIIgW3WCZzKRhQZWQJNpMdB0LDmfA5k'),
(695, 24, 2, 0, 'AikP7jyDKokuQSFnX8Fvalq5YBPkdeoNwJCD2bgNABiquXNr6tWgOnmMYb7bpwZWfCAiNQ5nsnOWlBor5lITI4GGgORGkRCztcRg3XEwkssG4R8acQ3UVKAbysSTjutM'),
(696, 0, 0, 0, 'IvUTX1lQFyH0Ioz7G4S9Te73Zocp9OQSjKLgM76sFOsnc2uS7m20Ba4AygZI4QAoBmEotLQ9AjwNm0GtnIuYSyzqPz9TpJi06XoAJfJjyf6VgMpEvTDnscOhLXbaHtbN'),
(697, 21, 2, 1, 'qAo9Q7tpmAkDmJhRCUf574mS1x3J1fxrQVBG245pFp219kTLe9QlddefLiYMxvenqP4tU9SzzVBIfvuuElQSy47jn65VCjj39nw4wpD6kfOzKi3pDUhcYpvmvBh7VAa4'),
(698, 0, 0, 0, 'XH8u6MAq1p0MH4clYtxXT3joEBwzbGE9oMDuzeVBDVol0AGZ3dWWgglVRRu2y9cWWPqv4m7Hiv3i5Jh8Xe5dur9miEpRNBNJrefvBmdTRgbW0t5XHbbcCkyVYYMMzAv0'),
(699, 0, 0, 0, 'PKwq6JjY0vU0YZXGa8TNtsIrqudZ5J0UuwlBgEzhath9tfQEoJrRcajCFxCKgDFKa0mqFVIPp0ZTfPxDzZuLaNoPk0zBEfmOfIfUEXK3XJWczuQ8ulTE9htui35WisLx'),
(700, 0, 0, 0, 'AmFc0uymXccOHRR4BodQCZIiQLrnjVvUhb6hFEECRQrzIjDjHR9jQSCHE45XZARgLYyqDc3u2u3KOH4wzdQq6s7KwcHwNzMyxlZbx2FAxJllrpR0CHrJaytHLbdzK07i'),
(701, 26, 2, 0, 'OQTVCWfhIJNe5qERUQM1Im2yDIK4mJrazk5bgktY4gd9GS1BINCqaEYNnJSJskT1EYdVjGUoX7yE0zfImR8xw7lUReEjyyldwz8Qg2edaMSbm7TJZ2gwaCr1Q5koDGBa'),
(702, 17, 2, 1, 'mIVOeElviFMGHhTXDNWnll4UJAkEUAQhiL6xpr3I7QpO8jML6I8r3dmNNHrIhhZA257sxbbE1At9TfVZY3r2gNP3ugLMyLmAQu3oFe3GOwQHMLHKP8N5WC9rTVerGA2x'),
(703, 0, 0, 0, 'fcVNnKpoyL7UNVC62pq24qUwJoJnbUQq6MduwDT5p1ZcWCiY2J179WDTkmgvh6WoTaTpNMucOuoL7HJaqLhAHUt1hJxzQuYKER9rDEDs92dhJWraIIKpDdrVXZvOtty7'),
(704, 0, 0, 0, 'kIyXncqxfDOYAf9iYTHB79x582TBvsIPbhNzud6JRVIraRJ9KrLRAiXJlQkRj3Gvlu4PIayz6g1h7KqScbKNuHwPyRGRVnmgSr5BCEbIUcZ2XpVaBFX6muVVlCMg09wT'),
(705, 0, 0, 0, 'BCudgGVbSVdQl80WOY2asY6NBT4C2AvEc0RtGNEzIRp30q0Oo3ZQ25EDYIg1iLFvMxZskD23vs6vS6khak7cqLQot6qMS6iEEh7YV91qB8WufgLpBTC1Esq8yQVrXe6B'),
(706, 0, 0, 0, 'RlxWg2hTtIogxuaBUmnhpSPxkfKJRY2IkAFADWt6FSncmxOhTcyj4oQoDB8uAadULSuoPYuuQRHdpvujH3CMrtb45jzFuNzfG4Ev280T0H7qdBJVEmH6PSaUcKzHx9Xd'),
(707, 0, 0, 0, 'dBJgKKaLrhbFSVAxhiE7aO1nzB56L3kZF4fqOpbgGnVziw7zOLGZAIm9ksg5wB4bGkBuJNKqaG0sc710TIZuqmEKPVPlxUxde8HXVso59oylwAmqimUJJztyujU1dres'),
(708, 21, 2, 1, 'Fd9gU0ZzNd8jvyCIkTn2YibdfE7hMZPscYI7YIHMWP5soHbIAyLzRWN7AVonUdP6cxdagUWdJ2G7JRQkqBUhxIp8DNvx1kDdSQo9Llnvn3D7Utrl5mDC42LHPheRBR4u'),
(709, 0, 0, 0, '8SWQO9mEiCjiy8Uc8Qsb6kL0esX0Bu6Jm3zacWPuy8M7hHjqxMBE6mFlPDmq7satwKEIGtdfC0nUHGkftWTziyV7biyjLINhsrZ9VdoydMtVtOaWK4w2DraOJJ8urVLT'),
(710, 0, 0, 0, 'WXZjanR8xDCLaGxFJknikslRpqb0EEBACATNXLVvoxgzeOeY8Bgt4Bkt1wtGa4hMEbzCWu8k2pUhd9fmLwPP7ai9GMQRQ7Evid8eIgzLFt2TCignO5dWgv6XhWO84sEn'),
(711, 0, 0, 0, 'GMCo3baJFcCivSGjYTffomcGi1OntsKafmyiyJ1dWEvrxbKv40LtmX9FZY2srMCG9bZHV1URFqicC3IH3tbqrl5qj7TLUws3IrLDsGu76NkJQ2qUvBkXWpogxh1rOtvw'),
(712, 11, 1, 1, 'LQBK5WmgmM6tGiK5aJtoCytiDE7TckfXbRIgN5xaREDxWoD786vKFZ2jDacQusOFjwW7Btis8W04kDcsJHdpGgIkrUbVnZBHvyO727Aa3AfodrRX94mQl5bM0mInlk4R'),
(713, 27, 2, 1, 'kKUtldhSwMeyMnGsUxi8s3HIitad6SyrCsVXGdPdZ4LMrrfmZxvrBcaUGl7MdGeP89MPnC2mGN98foueWZGxcRrSczFpfUeo41drDgNk4XtjlXyhXfPa6h3iQIH6DWuH'),
(714, 24, 2, 1, '7pzwTtkRG3x0bbzeOeEkETLzM1hY4k7cJHIDa2uR52Rhdrw2Fbmj48TQ9aPduWpeD8RObmFhoxzCY5EEg1Xl9Rci11wvYWKB4BqfX6wmE5YCbDhsEeNO5Z670DDYznAD'),
(715, 21, 2, 1, 'Y1TW8qiMvhoGUF8zUWn0Vu7W7LVH8wl7ye3GFmsaDRRyx08sWvsSZAP7lLPuiaBQpFw42ZfFQ7en7mQ4RiWRTMZfxOJPZlFp1cu3bJJ2RXqYkg2cyZ4sL3IiSs8SNOiP'),
(716, 0, 0, 0, 'm2M1EM48MBec6eOcht4dtkOLVBafICo5Fb6jXarJMGWTUK5ce9pHuetpQEFzg3EWeLgcVHWInSBiDGuRQUzk82JZGpyXscUHXaUTSQCgIdymU3dLXN56QP6xeEuHRopP'),
(717, 0, 0, 0, 'zjIr9lHSyfetiseggkn6atDp777YwwN5QwxZReSqu7UNz84PtrWDUz21H90eGOkwlRwd5oDAvxn5GrV9SRNNrPP8ZPmFEGb0xHdD5RdBpBH62CgVu3IVTx3Snqx26I2E'),
(718, 0, 0, 0, 'xNSarn9Y7A5IDoEEDiw8TMK9YOfol7SSUK3l8dkgOqZrOE6sXCBQol0mafLvnDohorDxFXOtnOVcs1FqEgg2CgpMwahTOGbd7OLNMAh9ocmRe2hSjyVVOkHlvZekFpxN'),
(719, 0, 0, 0, 'APWjxiBb3jp7wRx4oOIE7jlGS1YY908JQ53noEzrYZzvR6zfUiT2CeIugHspIB8yGcW4RvwPu5llcUA7cu9OJSiZALoimxR3JN8BiFrNKM8XGJ4TdeHW70VHMkZ8RQcB'),
(720, 0, 0, 0, 'DkcWZDJKqSI7BM0P1IL8IHPu1PDTGPukaHgal0ULSCStpSirB4zjMpOOesHVicfsTvDevx0naSRAL91meBG01vOgXwbgIqJCWmRsTRQ4KHFvRHS5iz5k4UA2rMi9d1M9'),
(721, 0, 0, 0, 'BB5bAxmYrgcik6C80dGDpVDhPixCXa0zL6KlD7k5nxnHDZQEdxhCsVUidrVbBWKn2vIFC3L0A8Ie8zSm6aYy5TRjlMuXIfkLL3qo6cpHl7VtGOPNYOl4Ido4ZT1I9ltU'),
(722, 0, 0, 0, 'pUjv6IdrP8VwXLjWAF0iSomSioArJ3l9YFF4nSwd1rJYc3UMJV5BkstCQ43A8pJ64obshHFi9phltc8c7dOsFi5wn96vyPCDeN6vvMOEc50Fh8SplHS1ZXxm6ESFuujI'),
(723, 24, 2, 1, '104xYxXtwT2FETEwTj9l5Ieu9SOZSISUIWsHupa0icGX6ku0DDlIlAdus2ukKmesjG9O5kOoxvmDPQDsuYbPypk1rPlbbAEvhNjn88LFD8isYWVsV6iuwDvXsR8ErM9J'),
(724, 6, 2, 1, 'SgjMw8Z2v9bAU7Qk1XSFluqwvR98qCoiTH5qQ5sleEW9MMuNKnt5RTCnLLwboVuhDzItEaPTOL2AywojTRoLL19wNFIbActeMbHqlxkaimKRT9aN1zyMAHjnn1zYd2cZ'),
(725, 0, 0, 0, 'dUqysKJL7uC1DNOFmmrX4LlsMUr0WD09yrI0crMjWokzb9eywGvArR3eLueH8eRHFAHS2tbYSwy4FMDbt9MV0Q9LkntsCl9iVRaXlmVeTtizgVLK4yF5oOQIckbPFl7A'),
(726, 0, 0, 0, 'diyzFtOyX77e2TY7rDdPs3yFoKu36BEkUcTzGH8DOfSR9QZAucpXgYCFJ6IPIn9Dz3cfLkTAAMrJDrj8EJ5VIIArOjgxGqaftnvfHpPhbh1PIlXn42iNLSeAcv7SVi7p'),
(727, 0, 0, 0, 'FDEn3tFeKG4t11Q649TP27peCx6yPeXvSBSV4xaPeeiff8mjif9knyy06EyWTwrL7jGcRQ155klktHELXN5kmDlsiTocpQXx9EJ1uL6z5sUy9yj6mprJ3MblGAy6qvDA'),
(728, 6, 0, 0, '9nCE9Ieea9NkI7r4wSOzF0VlAts1Z6C8teNDX2S8bFsUNUZjMNTsNONoigqhm2qQhdtfglns1QmOKl7x90ZWPNl73LopOOg62Jlj5IL6z8Uju2QD2PASCVZGHo5wclCf'),
(729, 0, 2, 0, '5YyaHkggsazWdqzfga8S57yNvEjI0WX5UwgCQwSiHsfUSPa9Zi25qBSWfcEg9Cm48CGZ9yiQ1xLTnV3me5rFGkBWwfcGSyK1bq0kYjbZRWTeSXA722MImnETDQzvpkxA'),
(730, 24, 2, 0, 'FYWiaFm3weg36cG1P7Wmcz6TqemTASngQjy1ZV4v9lygyeholeKyORrf6N8GFvXwOwxNrCjBYRRx59VroFZcxrrDfzkV4hrTOYHfB0RzRI6XS1pgHpsfQUS6td1yutri'),
(731, 0, 0, 0, 's8y39pD18JY0LnhtMJIDDBJ7OLFje6CGfbKpAnqI7oJSM0mzK5coGWvvIbOWirDxCnXcLnVSMFLyG78qdlPThkpZveWNFzlhXiuIGqBs5m1Lu9cIu1BMm1LSfIGUi2bg'),
(732, 0, 0, 0, 'lGY16AtcXvYsEaa9cMVzNHr2q7WIa8YvPXwVx07vv6Xag7ktTg2GXuJoCF6MO5hD2NzAOG6jN3u4aOx44AL24uqG9xsYCKBFxagmRmGEqaIBZgF3Qq6UUxA4432HNEnl'),
(733, 0, 0, 0, 'cCnSAXPN3oOSkMKfX3lQyma3RPEMolVBXitxgjlkHac2XXiV1DLz0WDRLhEaCALATe79xtufDHhAEzvFdheddR5Z9J9LjUmc9umHXRWByeccNIR0Z6edXjc63mSngezq'),
(734, 0, 0, 0, 'JW7GN3hlhtx5bp6bvkosEBzHXs5eHEEqBM6oQoK8Shd4GkgcFEFjge1dH6soL6OmTVLJkvRdN5hupxG4clotAqGhx9GiguF9qrSLXJYKPgeeOVj1gHuQ8b8FkOYAjEJK'),
(735, 0, 0, 0, 'MM9QjJWNkq5T3Kjg5eyqGxIQJ43g0qaNdkDx3Ako0qi4aCkfQTGwqpnaurquRBi5VVCZwXoxnGBxjWN9PtGgT4rnvRSmsbro64nD1LapsLWLIKUxeBO7Ffvb7oyAz0YG'),
(736, 1, 1, 2, '4lj66uvzfskYcfvqQkxwA2HHrfh0ggGkB0qIuWhKoBIAQe0Hyxe8AWQ1c82soIMZIdIc9ZWxBE7sS8arFoAgkqixykZW2MWLZEY9EUHgzPIsXSTDhtTCUb9sw8pzVlkV'),
(737, 5, 1, 1, 'RhJ9yQXzcabwshqcigzY2zNj1vVYeus6Lcfk2dUfn5LQmc2EtCDwcrPdWKcbfFh1RxlUKf98lVYI81mCD08QrX3oIgAYVRZMplHaBRiWMhEVi1xW2FMtDQSm6sk2kkPJ'),
(738, 12, 1, 1, 'rhEafXWO2YzxN74wHhDQysopiHyRGQM77qhmoebqcKXZR2wzk9pTCNjUvRMcHzkP0BboQnP38N3ZQzzaIY3lMmgie3uWCOLCqX0gkQjsDmstW1EF0H0N4h5jkzfWo1yO'),
(739, 0, 0, 0, 'Yz5jppM3MexIgbngTo3XF9hZIwW7xvVw51PvqBycQ5V6gin9Hr7mAomjViqtNmZSnPnOrW1i1WoifMsWdAiNZE6UXwnKSnDgd14FX5XZ2lih7Kekkw8jbee8LCTE0xUd'),
(740, 12, 0, 0, 'yZSw5Pw7bOpjyDETaMdl1suN4nr4Umitmb0r1wzclYwTCaNMX07ZsBMxZeCUAVoX6oo7VXkgWRay1XkZYsYr4KY3YBYzwmxCKVKGT5WQW6oY4JX3bVugGtjF4hfBEMdp'),
(741, 0, 1, 0, 'IY5B42r09QZdzWgLSL1yeldjDsUhf8GX7MybO0cYQbcq8tc0edytyMMceHttPaqWXZ8M0kKQwWhEptEEGc7fYTsdBWHq78n48vQ8QBZnxg1XJFBqSIGRC85d5NEcV2g3'),
(742, 0, 0, 0, 'y7coIbLfrNcbtOClwjd9sjmx61J23Z5B7i0PtL5Uzi626IoD1BMtV901aK3dK9PRrPHUBMPa4WcbEAOGcBa8Ka9VVd8FnYwONdJo0zy5vLgam5QzG1HrcRm74vMrtjgg'),
(743, 16, 1, 1, 'Wib7hpQ00Pk61IyBhuDl5NY7eTRHigTfy4nPudQu3aB5TaGbEkwJ8vRmoI4HZXWy2jnwxe1BpCGiMntqI0aQv2dULhBKeyjgSHNpVO0lqHDd57EO8OFERSzCaanoJGFB'),
(744, 0, 0, 0, 'ns1jh1EHJiUPqyDznidebMRlXfKGWqijSjDalhR5AMU0lyzJQNY1APnx57e1xxkqQYAbfshQebQAJqjAdhCO6Zmb6AdE8x4YvFaL7rBlDsWnTfX6wAVDzhPGS2k0zpZ5'),
(745, 14, 2, 1, '49RbBtxeVtCOIzVe9QSJ7Hp0JK0j9Zod9gpLJW0EqCt8conmff5mXvmGfnZpnnDwD2inZi1qUuy6TWt8cyv94SPjfPJCdn9RqrepJfPEKoLDleMyNhIRaybpnU2AibrI'),
(746, 0, 0, 0, 'AgX6dCBrZ6OZrXZmFi4NGhcSzHMiJmnkCkqQX2iX86WA4WWJe0wUhJNQqA8aWwuzRVqPXIM5OJGSFCCTD9OUSCLjcUt9rYJiT98QSUWHECAjfcdSl1NeEyyQt20V0JdT'),
(747, 24, 2, 0, 'PX7c3qSsM0m1RYpIz064SYzrTb4EEXdtVlFZLxsyyOzpMZ8mZeqSd0j6boLQmYjhkZg5wID4wdujdCFcR6446obiNW89VrrfqHkXqY2Xbwgo8WB02G485gqScy270tmr'),
(748, 0, 0, 0, 'FBRuE6tWXS9pNiILvDZ0G89ehJCaDLVimMN1SgXQ86gVpYGUCFViO4x5N9grVbKiYxjRNgHWnXRMWyHyeCR3Go9uyqVtCFLAc4r0l8WI6Ou2nbBBNsFuROYpeTTQyFqL'),
(749, 0, 0, 0, 'MSNq3cmOx2N1RjfVcifVhGZXe7o590PWSCnWPJLmLzoDSDy4WN0euZbI7zOgzDdsgAp5jas5JQIBuhGr4GFyGRhNr540Jit0SS6c2zhMqZnVg4mlK2UrTcfkijl1BO2u'),
(750, 0, 0, 0, 'H9GKJYw9XU4eYqAJtuamGqHYK20lR3QydwiWuO5sIaHHBhq4MBqt17sLat71wYAKuSGZHMsqW97xryBea2Hca9YlD6m94WUzPAzxm1Xjb5QCEsQOvy0FIZ0l5nv9kpJa'),
(751, 21, 2, 1, 'bwLgRTtmxmJEmohRxSSL3qEu2Mn16abhGXyxQ1UooD3L2kCzdvlgVZLYL8ZSibaY9IwZKqo94rU6MxGZ31gZ11XMaXFs8PrhxXhinGrs8myUUeUXgaWhcU4mRJO0ygi6'),
(752, 24, 2, 0, 'VxWtY9JGewunx5SmSClK5aegWoiDgFkbcgFbqpSEWn2usVRlxc6CnlTkJcX0Ric4ySfYi8DfvGJYBAj8NpLbKFvuRtvJLHNjz3iSbW7HDQFfrYnfo9q9PVEHo9qaRdtr'),
(753, 0, 0, 0, 'GhvG58u42rxGOHT9V8NoRiJ7axCXgYhXfMDkV7pXzWEnEyxzGkYyCHGNfiKvg1swO6QJdgHNdmbRUIrB3paF7Qtm9dRqfkW3qNNE3vrhRD8MmznpZx56nysxMkX1ET54'),
(754, 0, 0, 0, 'GTIKoa1gOa2aKpAJXFQleiS0DP1hJ7lp04aofcF4nHf77PR5vHqJ0jJD8LURSghSlshAFWF2EU9LJ1QeIhYIAHmJtgAlxSeSlvt0s8262cSMdJ1W0ZEBH0kahVwOOKH9'),
(755, 0, 0, 0, 'fa9HibOlnG7Bp8xq7c1PdmZuhwj5g0fwaodtA2OYIWz847ycjA1wX11exkkNlzjvYxZyAOwiK6rOd01wB23y44NCp7qKHKfGifeS3LbOSCC5DECeHFMLKzo9HOTpy95Q'),
(756, 0, 0, 0, '66WaHX4gnmUiwT8tFPKdomuYrX2R71he8eoPbt6yP0RmUZPzOzNdWhbnfdenfwBoKZeWskvilmEfmuPb4Co0UAnaOCx389sS8GOB1jUmGzC23rd83C8Ycv808G4gPw9Y'),
(757, 0, 0, 0, 'dYAfivBZ4d18EfgISoH4UP42w9jlFtjTsU8KpKJtXLBC1SlTg2XbS2eobyJR13LtYUenEYRCJseKkAEBCCMuE1TQzCIBGu5Eoj23hTF1lUMGuqi635BI6uzG7hhOMmsa'),
(758, 21, 2, 1, 'GueYnTZJOMqidJpgO0YVvxBDPTrBgUMWo0VMUUwIHX0UGpauq8qWG1zvV06bUS8jT36NYCvFAwAgWKLmTbjzdS49TbkO4t8XweLvRgbrNLIJwt6pFpZTi42bfn0kQ8in'),
(759, 0, 0, 0, 'fglkzaiDs6bjZ78J5KdCwGinesO1nKaD0wXAHgd9mptlwB5CljeSZwgeZ4gmOqZOXXpEeCOA2hWyT2belp7lWnzVrQighi5eguTu7H59Z2IS4T7qjeLgClc4cvktNpI4'),
(760, 0, 0, 0, 'UBz1jFajHSbMMjc5xYlakxew2yZQYIVSkuTD94WRX8DJrPOZOa98InELWECVmxNG2HkcLg3JpHsQwhQksZsan7WjLye852O7J9kvqnfP4HGBYwWrvpBSwxci5rqbufje'),
(761, 17, 2, 1, 'xDxkkF7KXjUkx7Vb8F5vlyFnQTpra7THKq1569Q3tKo0Rkc0ZhwlPcIF577ff0WZrY5x7VBAF0BxkNyj54EUgnAmvHBKIyK9wPHEKifqiQYDDwWIBBDSZeeuVPfEoZNU'),
(762, 0, 0, 0, 'KwuaP8cDDUCgcUBPnipT0wgDBdNkyljjSNuHVHlzBXPNSqCfJ19Kyqn9DbucxNvpA07wHs5jpU7ilJy4LIPk8cuLoYXVMtlntsTbUYvkTCDembj8T8s1lXNKWLGIe16I'),
(763, 1, 1, 2, 'uZUoYpJS1m7oyqwrzZtVWhFS2lBhnHZRHUgFkZymmFKU6gmGfPBb6h49DFq0mqS4l8JF7i1uXLo42KKhAmtHDyQgdhhAH9E2hoIpHJTFuiJw3uODQikuQbL3s2Eacjdu'),
(764, 1, 1, 2, 'HVToEN396NG9huM8M7DCjoGMrkWEDa8l52KKQOTWCz5U4S3Q0Gtj595xu2b8ckuime2c3W8FwezA7Cq7jUro3xWyz7GLra4Oo60s297yoH9vkACDu42xBY5a5MWxW0ll'),
(765, 0, 0, 0, 'QiqHNlkouJ2lt2noMOe0R8fQUs1o6uwWMXEziYXMI08c3wAPkPQcX52Ry4gEyMBkJgT2fRPXSX9VuKKOzB1xH3pf7FUGsw0cMUe1M3ZE18zvTkksVl0CppSx4NdxjeJ6'),
(766, 0, 0, 0, '8Y8V17z3g9y9tTCpeC1E1Ub6HpD1Dn7MlfHnmhqDqZMTSoi70kM2fY8WnMY0a5NvkvTHMkkcj76cvpkwK7yZ5GWstUtDZg9kL32ynnKHuRUZgfw0m4ZrLVUeQnRPE1aq'),
(767, 27, 2, 1, 'YH8sEZawnbZqiqQ5iMgV9XhO7v22zxryeA0SzapWmonEPdJ70039XkY4P06pxyXM9YFI94Fvt2aigUqhUurROpWEq34YB1KLZpu9t9EXcPgtKGKEbbwZAsE1vIZ7KJSK'),
(768, 26, 2, 0, '4TPJDTm3tWKVZXT7fiQaUsB97XpNEaLJ4AsHuOLYKvTKsMRI5ISZau8hry56IQPMrhuV6fTRLNBeAtWFbPEmjNEKlJR4AGQ1YkX5ARWlEyze1vUdlyzEldpHXgLxWCzV'),
(769, 0, 0, 0, 'IdN7jsT1FxuAplCY9zTMfw38Ou9kkFW2SJabb3dRAIr034YdESZTo32cxbxRRtUJd4Up88gJQIJTMH7rz6lY9naHzIyqct9px4PFd5p3O8XBQ42qbnolLz2khBKu4UUB'),
(770, 17, 2, 1, 'uPAoV2YMrENgnxjwtTnmQfzTnd7bULYpAzOwBMj2r6iOECl7wItmX3flgmwb8uBJ3pfEcyHDEZsiCNq9wUvtXLPe8lpgP0ZTqfxCOfftfHMRvc016wv4hkiqFIGvJGo9'),
(771, 24, 2, 0, 'ZpWpMiQuVAJddmNZrEbWZFJC6R6isuPsUMRG4IbZiUdwg0vIFHFEmphshnLJSBbNn3trLEr4zEAQF6zkNeZ9EgCVEoFxZRkmUOOFtfK2UkTzrsTeHSol90gOoVlnMGKH'),
(772, 0, 0, 0, 'r5oFIvs1iNmjHWFClW0VfqcRBI1gvOuXTTDCo5DGTZZAWEdhAdcQDpIe7JvDy0BrTe3hkHYdGYOCC1Udf64TwM8EwDh4DTwx8APshOGYMuBowvCLCGE8tNMZq434XAC6'),
(773, 0, 0, 0, 'arysffq2K1qgw328KHhdu4cV8gZ6QCc14Ltk1TmLUN2rQ4AAMRNgV0b4gbb7Nn8S9CcavyWqlYRb2sMOjA5fAhkRsvZgT883KldgTaGe8yqa0dZkN4AomVgOqf5knen8'),
(774, 0, 0, 0, 'zBotL5HTE84Fl4089AxvvNkW3phqEEzegYH13pVIxZnS4n1dYzIum2qpsHQ6mqkCo2EsrzaYzxRDVTRTsznPCOf5w5bSwwvUy9mZJwYj4PXZJOTbng004g5BlhtROZMn'),
(775, 24, 2, 0, '98mTFlcKb9JUXC5lT6mYmrzIJ3Ax2mUcvh5bChVNqEHohNKaU68hxI0gLAOOXI0tZ5ECnzqOd8cvVWFQ2O7Aw8RiIF6Go79odN0AmroAzB5uyLlBAtc7B3pkJw07DawQ'),
(776, 6, 2, 1, 'zVbsx7sBgdV5pkkRPdkW6R4GYIrPi99R4kkCsMeI0aNqv8hklChstl8s4zimIreNLyqelEWlPKLkS3FdFWG8iOBmnTJ6lXT7wklRZidO2Z9U2O8HLOQ3Csq0m97H60OC'),
(777, 0, 0, 0, 'lauksH8uGhpI6xqSmhVZJl05v7MB8BetMINeqWJ6e8PlGgd2x81hu1m099ChLQKxzyL0uv6IDW3kdhmKqo2VqoVzxxQjoAQY9CYD75mK2q5fHr07Q22grYPZvFiUg8Sp'),
(778, 6, 0, 0, 'KR3RWpCZQHex9fFZhIfJG5IcK07180rTRuKOUnNK52hehXezFtimy1zj1GlaGM3xgOmab9UhccvuaK4PdncMoL6prrz7eCFuq1FCbAToMpSW9WMnkZaILh8cJHkXkZsL'),
(779, 0, 2, 0, '17odHiBuHtrRqefKeqtZHBbqjwoDwQpxXOLF6maOPBFgQV14lu325ftpLR3hHsPFgAlnWvbM7R3XM417y5aEkE36v7odzeTQOedLJpyRgBO2FQaeWlTgZXnv4LIEZBuO'),
(780, 0, 0, 0, 'QIAA88roKfrq6CE2XxjWvGrzradrMIfCrPczYDXITp8Z1N2ZllVQ2npuyCVkkaWM09lYMjGFIPFKCHJX3FN53cABPvWaGSWG1hFOBmukb94NROKVty1wKB8A74KNXGuZ'),
(781, 0, 0, 0, 'PxJiUHVr9URxuqNFxR6xuQk8zJyPInsyVbQPSMh1G8zbznQ6eXDJNYSnIqdqNFZIRQyJCQLjYluyIlEXihH6gzuY0HpNnowee5XQVJ9U4EsN06KiospE1TD1B2PYqmcE'),
(782, 0, 0, 0, 'savnTFiYjLLjSwCgY2V0Wz2xBSw2eJHGTc4NRnMb8xv048h3ad47M6FoZbqeU7UOjZCbmomuVSu00M3bZ7iLeXad9Ar4ImT1mvdITAdPsIPsuTDu1WfgTqt30V7Ii1KE'),
(783, 8, 1, 1, 'EBSFp5Qf0csA5HM8p62Lfgyk45sbKzhoba4BgVQg7iRd0DmqKobZFKkJPNVzncYym29CX0T5jKjjoFJ84V8JFstugp4DB3cY5mB3mv9Ggs0E7KNbFVVlooQENVipYuo4'),
(784, 13, 1, 1, 'Q07dvhULJUqRFd3l8YGxnwcbsuBqZZuQ0C3vTYgDTHuyUyT2wAAU7M5zhGZgGt6G6acZ8tC2a7A4Fu7c4H7bucKLTJ1Ad8hjitjrWWt743bJxiWC03NugxgagiLuq2OJ'),
(785, 24, 2, 0, 'w7as3Ez7ILRg4OS4SFz8cPjt84Xy7LhDTs6W6G4OrW4vKWACC9LOZ4h79fGg1YTUr0RxGWm7SrDCoef0o0Pn56vfmcvoapiBpa966weZXRBl6RmuSbSYiodFAI3K8mmy'),
(787, 21, 2, 1, 'B2BoHMY30Al3CJ7jJQX2k5xstlhLm3UX5wmNikRiUcmwVtQFkNHETe6mAn7Xr2VwzhkRBbawnw3jZTYjGGYAU4Wvs4sT7nqGFKxgWHNkeQDeJCyqiw0dBXJ31bX8znOe'),
(786, 32, 2, 1, 'wwED2SCZKelQ5IkYTcWcA9RbSUW0hiyNOcqR53QPhcFnUZlOch0NqSYiNUi4dRS24iT9mKYDWD0QDlFQDFD3yCllxEpKwhMAAGKXqJAmnBd0XSRAyuD77ZsEESoaabLL'),
(788, 0, 0, 0, 'TZ665hO3KiCEXZz3uPtMBCtk7B9lvNdoNjvSBjWmCz0zzzD4o6Q0IkkQVtbqgpP3JkWkETGgsGQ2gu6FAWFjgZactmCKLsOuNKPrEwI7cz9t3f8EbOYsO8Ehuh2gJQKw'),
(789, 0, 0, 0, 'SFr4BWi1devQxTrCoJPVkMLT2ZLXzQXsvpx6lP7z3DpAwQdVA2RVPCOSCAQcqNEWdb2y1a74NxFkoSfZV6UKJJCljsyKgcGtoJ2pUatIH9261i5XpZH8Iku2M2M3fswD'),
(790, 0, 1, 0, 'I5RhUaWG06JuvnccfyXRA2RHaf6QUuIDAzVvKRbKXUethqFxYCozEggOvnFqRn3sXZXHQ8rO3Ghk7WS5yhFdxW23jHub5xD2wAKnIcbLSs60pY5YfLbNHdR1Ulc0TQ3p'),
(791, 2, 1, 2, 'qON90YVTr2TR0ZPgL04sdVu8gH9axczX1n71l2VN4PE5OtmAuq3HlxQCeZMLcmJdKQf5TbTY0y4P1qpvQsdc04Pe4C0gZKuJBKPuVJtVhxLiYaOPD22D6SSauTruDWee'),
(792, 0, 2, 1, 'G3JCMdx4LjnJtbz7eBKktDvYwXs9TGoAK8cxlKB63ZPxapEp0pJu2fszcVJ6C7GnfSUADwHGvxdGWR5WgPrj5TShOBnrJ4OZXJAAghgLOusKlyHCo8Wt2OLRq8iad6aa'),
(793, 24, 2, 1, '4SeZYo6zsCscS7AC35bp2xe8QCH0UvdZorYnP5XiHpuzw4cAao0cWelMR3NLy0LXsKliPiAxH57e9jPkHPxD4SqVVdHuetsGdNY25zzNEH2O0R8IHGmLyMHu0pYeSrU5'),
(794, 0, 0, 0, 'kuFAjZGq9cGWKFPcA9w66KE8NPYrVmffRUPaTvB3Ih0sXQEyZbE6VieJ8da3Apirk8BeDdimujOs9t09FFfBYuk6HvaiVsJfAluezMB35qweUwozbDaa8vgQ1q8WTScu'),
(795, 23, 2, 0, 'dGJMtkQzLmOFTce5PpfYVwOWXXSQP5l3M4QfpGOa3CQXO53EujDqPrmMofDekYh637lsOaDSNuPCzSg4bUu1lQNK6qZqpgxsoTVc3z5Q3UsCNJGZDb0Z2OK8fJyF057p'),
(796, 24, 2, 0, 'CBECvJ4zu1sJohUIIiSQOH9OxO4hYlyBXddsXi2skvcIN7qvpildZv2xk7PitnTqB7TyqW1KrdsekTKKb5YbB1JV8ydCV72wfW5FS6qkkSyELipXon8ZpRUxq8algcSv'),
(797, 0, 0, 0, '9Yb15BlpuU3gdtdBQmBfevNEEXZUaSqkRBlWdHlHCpXPSbrIx2YMyMqdKq7Uixea9A6mir3VQ1KIdcrLfqxOcX1Wn9RGG6QPHWc0ogVfhGYvSpg8QNW2LYZ97RPOYGEF'),
(798, 27, 2, 1, 'DQF16AhogfT9EaiuYfxJdxSlpI9noN21EI3Kjk8Az2Jec2JahhUvONQdv0BUOEVsmZdGkmgUo08B2SMk9GPYuFcZFNTurPWOP9u9vL3ULcvO4h8dYXbsCosibmMCcJr1'),
(799, 0, 0, 0, 'FIM7qPMbwjBpRG44VDyvHXyh1pgZmuF2dsaDiWPOfqd77hb2VJyCH6TIvaISEnURP4v71lVhM9oTrzWmjuY0BSI62qZHOUzDZ5L0rHidQG7hg3EzyDz9vigyJfgx9Qb9'),
(800, 0, 0, 0, 'WX9nErBv8JNpMrZl4zuARK9BZq89gkidhsAWUcr3VesIGr3L0xmShwthWCqdXIqeb1a5dC88RBQx2Tj3rFWIbqZ83qm09MfkNpq12y9T90qcUKglpc4BD4KGu6GDSVYG'),
(801, 0, 0, 0, 'loHnWRh6RHjMsz8RMctpgd5KjMocImS4KAsHrJOjr76TGeLsreSHsYsLKRXtdQxYqZGSJucaBj3hxPKY3CGvB8hl0eOe5mcvmTo5nBfYUjgr81qcE6IffZAfdpujMGP8'),
(802, 30, 1, 1, 'jxR5KKQOAbi9Ig9Zirh5Av0nOrfGuIbOg2T0NKOnV7wDnGDF7UKHqL5fckVH37vjapjXa8k5fRJDxmiEh3mHOrW1MSIPZe99Ds6NBrTQjCuQZNvgQSYFkVG6NoVMC4Wg'),
(803, 0, 0, 0, 'x349vXZOAuFAhbQ83PNnKutyTpkwuhM2kQbQObEpFjZWvQ5yFSVqmpYfPjMjAymVpxLdIqCoKBlfsqN7iJxF9wVYPHipgElFb6TUxwih8DxA4lHn4f2eLYcAGu0W8lCk'),
(804, 0, 0, 0, 'swe02xiabPKfasCfIFtuEF5ka6hisTDUpSVspdCB2nQdQtsy8W3MB87Leo4GiIBIAxaZKMANar00Usz3oCQ0LXM0lRHEzjm9Qw9AjKntbou6R39gGZgsW3siUaWutiEk'),
(805, 10, 1, 1, 'eeXhAUfGEXp8OVmdCTpf7nLidnmaTlU7ASpaMFRqCgzrcWEOP44WsQfFeCQ7YLfzDFKqlBRXSqp4m4Tc8Y9AOog307bYTqxw6hXrTOpLeOPBSJN1HXBwlSzm0KlTbTqi'),
(806, 6, 2, 1, 'DJGNq6WzYpoR6wArGVunEwGdYNv6RQXuzDh0JdzIDYAKuabb5GzKdfXc2siUigoSTGSCUslxqVhV5t6baFVnVSzYlSSE8hw1XpESR0qhVId1cjdmZ8JV1jTnbM1k3yl1'),
(807, 21, 2, 1, 'QH75FW0bc2W71OF9MKKhBGkhaoLaEg0vX8BD5BPiELpFA4PnOAEpgYHqnsB1JCxHK8kQK98oVx4vCTSrtxRKvybT1NVKpsraBL0lV8KQGPmjJfKdMBXia8bbV6Wlzova'),
(808, 24, 2, 1, 'aww5EgWl6iEPyp2k0ZDa8Om4VjpuHVFRrbW5sSryb6nJvp3vpHGxv3Brm0V3WBUnMRteKUMV09EvzI1YpIvVL7m78ib4T5rFXUUHPGCPQhlqZnop5UkQ2HYa09fTfGzc'),
(809, 0, 0, 0, 'BtTqavg1NCrMZQc4LxVOeTYe2d8hUIuvcnWmTcoGOQtOHFTtdOhrIfGKtO2nwwTIUP5N2uuRkYF2DyvRnMi52ZQwOTUlpN4jCa7FECwZAc1eKx58koemn4TbXNwnABHd'),
(810, 0, 0, 0, '7BymSayqYVG5DGzIwk0smYvi34r15PedrMzkX8KV4q1H7BpEVq6hoBzsG1tMQHZiuzCrHnnLOptV0SzVjGdIiNaYODLFlLYQkBi2YFNM4hH4ah0tYebg1lfQZ1vkMua6'),
(811, 0, 0, 0, '5s838WPdexioPjRNx24ynkpmlVH7pSeulnxuknHyU0WKjNxQQCpeWPBiKiq9bFEx2c1nzJVuJSe3FMUwokKl9lDTE43QJHnMTo9t84XRWcUCYP9n9TIifmcUqfKaX7WR'),
(812, 0, 0, 0, 'w5kE9iv6uqJtgSQpMzI1VUVm9Gw7NsYkxiYHBuO6VxzbpqBbZjdVd9hnPNuDfsXNLVumqitlQ2xft8rtrEoFNF3DtxgI0ewMa09AjCW9Ftp9BQC3v0JjGMW9kdSlso7C'),
(813, 0, 0, 0, 'pgdJT9TzDiIf9kjEl2Y1OVb883tBsBdRSrBLBukeM2uWnNBIPzJDuUMDYfeqRriJTUuuoPIbSc7fZIXPiHtMBfpAvD1m5k5YeAsCqbOioVxoEvdWcGJOW8prLqNRKTQZ'),
(814, 0, 0, 0, 'uiBUuqcSmKh0guXsbGh7OGzA7nsRgiRKBtF5TSYfCffSKdlVTD3IjCjrZLjg3a1FDGKwyJLbY14IepE83HRnjaOjW7z0hAFVgqrP9d08e4RtuvCxctUwEIPBQpB8Zh3g'),
(815, 0, 0, 0, 'Iu5RI50WaRqEm2bzw65bPVMFkoNkFRAnmGf4Mf0W6rAsuM20S7bH3XnolaI11ipnZEsLUtH0Uito5vpXDAFHy25UdNVf6lD5Z5QUyyUtRoSWUhTySzfqCklP7h5eCJjC'),
(816, 0, 0, 0, '8BPOFeS7QTU7OOiFARW6AibvlvDcgMmoocc4q5bgZ5oNTGsuypA8HME3hifx4CWtO8xeeIvdOT1IAuc8TNhBzVFRdUpiwlMlujzI24WQYYyysLHmyZX8VD09xpr4Leqg'),
(817, 0, 0, 0, '60UUWULOendU8mGu2yuvccRB6g2T9aWfaQa7LVVZj9UrwAVy9p3mBVXIbZBlayBkpLsaGo90x3r3EnCOMFaoB86M8I8igJDFv5PctZc13E5I1HwNnHcYPjLX1TghDTX8'),
(818, 24, 2, 0, '8HZ48SHO4YV0adbdY6EAes7uqLgR7ssfarkjk17p02qbgBpfH3QVvXqWJHNQaf5kHqE1rMrsPRE5s4ka7b6D8xzRenIoCNJjenlG9M8YEN46RphZAnCIUcA9zixc6gvk'),
(819, 15, 1, 1, 'ER0NE9MiWRpOgGNR4pAZCb8cuFoAWUVAMWoq6bI328RjOEbT4LSGW1TqHh1DbXdXUCo0N73PfU93ykXC6Pj2RctyuvbGspEm12nP9qFokOsT9pwffPi62LFwhQcKgQ6i'),
(820, 1, 1, 2, 'vT8JAVIYhMut3OIfzr5p8UctbaQQkEPPyXz9Ti7a5BE8pnoZOtpWoBqAMgq6UfWsdwB6OIgTkU2KhqK6U93jLtTxJjEEzB7M7JSWr9QM3SxljhsdqvwcYpKIJpmj0u57'),
(821, 11, 1, 1, 'd24LstlPeB4fAhJL3XCm6WyYhtfdPjQ3lUPOnaDCMHSnYC81zLnFHWEZpTcfc2jyX8mljZX6GQuFsCH1n5H51l4rfhHrk00h9mCtmAz2q3ISGpT4uB9wWeXbvEDPED7O'),
(822, 5, 1, 1, 'EOJaDa8PgcBC4wQ3LA3KrM5ev1Uqr236RMguXokdAWQFsGJdhMYIz3X44RvwUyCLlSgjhAwSwmxZ3hdl4b3Df1HkSdQNMsz8lPrCqXvXk3Wok9JolN1AOJUHXLuJd3Rz'),
(823, 0, 0, 0, 'LzyS5dpZ9koQN876uvQMih9y51nwpECbdb3jpsjyNIoBRwHl1y7kQgSVifrHU4S8gWrFpLedtDOk9wFa5NvV4nQmDi3ynWGES8jiTxvnajHkQnvVa0QenHB10EzoBg2u'),
(824, 4, 1, 0, 'omMiThF4BmosKTnUTe9hWKiWpSl18ovwKhOEzuIaQ7CB10vUeFcaqv7QntRwRm3BESfdmXnd50O60k1f0dpqJxh708DRvHs9zHmWFK9LKXRLiS0i6qJPY0XY8BQEijNR'),
(825, 0, 0, 0, '1aOGUXrFVjrdcrwjSf8Qf6PoHF2ZYQR00FGVD8Bys2MEujXmy6dOd2cUIfTH5LH6qo23xDCZFpE9ICwhJJ5WMiQuyKcDvUKViMZQqCQ52ufK7L2Qv8NiqDMYoZCTTnPc'),
(826, 0, 0, 0, '9P2zrSFtnUeuGhlcp9uQMhObgr4aOUmYJoxbhdFE8U9Obv1AEvqrNfC4HHevBAtlZ1wgecVm65bhAdSeJjFwzhAgZOLApfVpgsGvFBSLG43hhWv1fbxPs85sWQ2m6YMn'),
(827, 4, 0, 0, 'rsT64LSLQV28Sx97IHWbP2DMTG8ZEUm6nfcr14cS0f0SMa0vRXHGZlsS1BSGwfNTvZlw4yp5NpXAzX5rVN7U8ANacFRIVECqEXXJvmOiLMSlJYNFMVAVvn6H3XqZC2ph'),
(828, 0, 1, 0, 'Zm0vIPNuBGQlFD0ryAm4YsM2qd22frkfNlLway1LfR7Uv7l4II9HaVKB9MEoeYE1jpyuYzgern8Wvu1edaVo6GZftDDHCiJWIhqGRHVi43fAygOLqJ9wq8LTMpAoIjkq'),
(831, 24, 2, 0, '4eZJNdLNDX3LzUIPOSpuhl4QYvAvkAOoOO8C1TqFRtqqn8fc1FHj0L9YgKuBkjZ978L81bNSFej3nygpeXIeJSd0CHBX0B67JSgL43EKiXNFw44K1NZKFcKiTlfTXm1G'),
(829, 0, 0, 0, 'trbL7ZtOFYzdsKJwALHl9etfaJU3T0omsz7zzAoeyYs1IbyiXgD6u6lFQgIJh66JGdifOGunEWpm7YF5ejbJqxogO605d6OTk798NDwszVPHTvM8OYRewfvkmvqzCesW'),
(830, 0, 0, 0, 'lB59fBCOwsvqXhyLfp0LFv611wADL3A7FFhUhTINleeivM4Lc4xRADTCatgVxQ2cwj7NdPBy3PRzCVlO0SGAwzdG3tCAkENQYUEbJfKN5BnHwIvxBc88LlOOPro95b04'),
(832, 15, 1, 1, 'ecn3vGYDG4892kHNT9D6107JaDOL2y4hLrlg7kUNo2WrmEfgNSmOTux38mPaUTsFkNVr8QfwScYfQevD7Sr0mZ4ulTFgM8V6WRy4HNAAZzPPNktUcVVzUZ4gSKwFSsMO'),
(833, 24, 2, 0, 'tK1RqrAR8sXohS4UQ32is4qy00adzXT3HUV8mw0uYXSfQXaG0cZtgq2hrcu09n4RiZ0Ev08uX1KNYUuZ6usnUvElH8mRwqJOpJsVJBpHC9vB40Aau3xoybKfk67QxREX'),
(834, 0, 0, 0, '5Meeufu6CNqqlmBfzP9DECWJaKo8xSVDE9R9plf18Gru23KBTUfxwchGWFPuxK7cTYlikBjtiLYlPIXIDcf9owQlcFPKqXWjViCgUWJcHIxwque3Hud613sdJiY9fVtb'),
(835, 0, 0, 0, 'e5r81blITTfkouo5ZBc0FEeoWcxc80nm6Pu70QQUJ6e8ADeAfqAU4Pj12RdaRBwYq15rSWlC2AKDdYdtpOnuEHvHyJRqkooLqtciqxVt8F6mEkP39dxNU3usNmS8LgTc'),
(836, 21, 2, 1, 'gxlISOly5LEiBQOcVVgQRl7zO39A3k2jSo2Kdoji9XBLNpXIlezdzGNoKWZNh179qaUDydVHaxsYXpHiEhveYjCIfBwxDDH3NBGlPC309vY6VGpzXVNWepEt1a1EOIHC'),
(837, 0, 0, 0, 'eYb8O9XMJDolviMlwRU345rX1a01IXBWVN4KW2xFFW1aeNwLFqPKvhHwsHyaFa7BXcmUeTATPB44pAQ51GPxXw4peCATNHuLURF8Kg2AR7EhHvmJbbg8IkyWX8QLQlwK'),
(838, 24, 2, 0, 'R1L5AYWJ4yuhmfckmcLeSsGB8dVWz7Ir9txJsusx2XOoc1JzduO6XvH6ID2iKLJTfgCIK5fN24bf5UPipEon96tRKwauhToxa1fV6uI9yTpEOeWeSlB2s4TcA3HSX5p7'),
(839, 0, 0, 0, 'gMX2ZyGxNq1wjH9YbyLX60acfqcZ4SrkEpnEX4bLvdhOUrN6Zz36zdjODwNIof23FqHDuToZ6GO17B87bbdKpxz33mLrCOuhecUJ5jIcZxd68ldkxr4WYD020LuDAYUO'),
(840, 0, 0, 0, 'bPxg9gt8NGfW2tgzUlwTYwVZipCSoxHznfQwvjFj0Uf3nwChR9bQG7PYxsRVZyvmOmTjGyDHsSKPom7gwj6cqWbXo2TnBpKqLDKscn9EfTuEfCVMV1YmX9klcdJODueo'),
(841, 0, 0, 0, 'bRFt8cYCMbuksGJdBGidj2fAU40baS1lJHOSTNvGYZ1rFLFhrXuLZJlUOm6Ze8lYPaQJXlpWkrn0c3hD0Mp0wKVk61jlaFj0PaJNw9JRA7SMbaqbWPcsA8NH972kMmkB'),
(842, 24, 2, 0, 'x3p3d9UNgNAsX0DTQQmqY978gat3xNE4R474d2SuPsWMtAGjq3JpcRyt11wyPbCGfKKtNDXD5Tqyu6RVaBkmsTQtUm2JyFqNqbgdOeQU8gtCnkxyWRUoLLSG8VpGAQu0'),
(843, 0, 0, 0, 'RAzahYhpzMXl3kNOP3KNzDdlO4BklWIcwhnOgFePrcbvxYjm149BHnWvrxQNuy01QoQ635Wuh80O6jb8olJ6IGBaesYI1YKRnBXqGUVY2VN9fYhEj1K2ImcWOaFP9pGw'),
(844, 1, 1, 2, 'BBw4YU1mVUMYMA3Lj7ojOdnuWO6r2LzDn5HmZIJUDvTq5Wbp4zITM6nJVtbXfKADPh0P0JKEeE4jBfJFPryCyWmtqxqFh1j7jjXj2HYgm2AXijC7LbKj76NxEddWfw3y'),
(845, 0, 0, 0, 'Q1SSIQ85TI2b2EjNQ47XaUvP8ILnfOW5POXyF6DyPGKRk4Fa8M8jGD8OlTbBI8GyWD7CKKbzqVqLZ5W7R4qyIzm4syFbGlJDZQfJBqi2mJOlPKtHPTfytCCVah6RDQuC'),
(846, 0, 0, 0, 'A9kK6Zuk4dWnDlsfcodpuUgKs0CvJadkjy4qxzKBMHYq2rFfPTEjOU4hVGMERZYax3A5DlGp2FQ56wkVpZfeUkvP0iuRit2QwDV9ZBz2gp7nVsjlsyAmS6cToHLHaOxG'),
(847, 0, 0, 0, 'stQr5qtmPBJL437wBITuO5odMaUXYsEqWuS1UmoKY7w2aEzMmshayGolQjiPMWgIr8Kmv87tgDwqh5dExvO5bdr2wJRiG717gLuMUBfafMBwROapkZvvcWxJFp2mw4uN'),
(848, 0, 0, 0, 'PYzKzPUOCvltkwTEvoaIkIs07umEyQsoP28oS3duzzYU5RzBfJkArMAzhXdQOFfDHo2zrg31P1VUTuv8ePIFCjfTgsJ58YIPmLpO1tPQvKLofgwt6f9IyoCPRmUZlDPH'),
(849, 0, 0, 0, 'tMMjLg6MnjeuqIpyewLtTCerHSAIX9NqWAKHQQueaIIAr89GEU9xwnYefzWdJKEGkoobfSppB803h9JV4StAfsOv2LILvmrPKP0ZIqpkzqnQA6LEZffeH4KJPsvlOXaz'),
(850, 0, 0, 0, 'nc5cF6qFNgEqCXBp6SBM9agNyYaLjuaHGgUmmk19AFzcDbCK3dwdoN1WLbI5FSMm8HIv1JEBpeO3prNtEkG28IZUTIZzBMVKtEfuoT6O8VRxmF11ZI47q31kM1TnNP7h'),
(851, 27, 2, 1, '23aRMax5P28FqxFNMoLfRhPYwweIAKbDOluBw2Gm5P1vnHi963oXleWRLaAlVMYJ7tkEv10AQ26dKomQrLNN0KELVf6Q14z8xTN3VOELQKZA8mrA7fn7Z2TUhZKi3krB'),
(852, 0, 0, 0, 'vL8E4GbJQeud0ILSb8asUWGwFXNe8z3DkbipSu9IIEWInIByQL0LHHhmF5BNEFrZQKpJeyrWcoFz6h8X28IKQ07v5JjKoLJfv8YKHpHUOnuUECSHLArBAy7GiqqGcaVI'),
(853, 0, 0, 0, 'jTs0j9V7xp1b1USMuko5TvLbWcR8mMQFFjGYtB6018c225PwpdBiJntGzkOV7FBNYiMsTSsV0FX2KNz91bsKyVq8gf4oVFbUXXmRPPMQuKSexrozCQjbMKj30nrV3DQ1'),
(854, 0, 0, 0, 'SdeGsv0XD6Zo1Tsv2nGg8o9fwy2Qi7rblFRNbSKOZKd0DFwG2dWbB6q8EtZXAq8V60JhSu6SejTSYpy1DucfBDnf6ncGNkCTlladQg54AYXzovA20NhCqFRw24dQpPJK'),
(855, 5, 0, 0, 'bUY1b36L23lrzWtAJLcar4Hu8VkyK3iWYgX9k3Vm7gOHcihW3u7uyPYHKifvmxrkOou8sqvAHjhTCzQF4XaDM9kxsA2P8taWSE5l5BVMVdGxNwdRunvhxQOZqQOzkZwc'),
(856, 5, 1, 1, 'DBxJctv8HcFuISmdgRvNHjN8aBHvAdHePfY2JtaqFQVoIiCYa7LSry0CaI7LWP0M5YOPsZg8PbxyuawEhiwJRwm2ftOcjOYpNNegMuoCGWaa6GOoZk7QRtT7XHjhwhGj'),
(857, 1, 1, 2, '15pqCUEuRlI6ZZaHSUJzR6Na2BlkBDdDIC3lxIQp3yv3yFLqAuZrBNBEoXY0AcEjPIFmqvLu3hxCXi2xN2YpQA4fx2f8fTs4C7r2DcxHu5jromZboXBfxFu5IJeXDG2f'),
(858, 27, 2, 1, 'DqsQfb0SnabRAqfVY3qXIIr37uH4stu6TXW88W0w7cnHDDDBG3yoL0sTu9XXDs3wp0FyXG54TtLw6p8MsHaeHD7bN49qxcXWdCvajAec30J9pRVSy67fJfrwkAXRNUN0'),
(859, 24, 2, 1, 'xjaQTp3WqM6QD2Jc8QrR6Toqtlhgg5hNorEiRHfiul88nSkwJMoPFMf88xppCGd18Rj0zyi3UrbijwO2icRXZ768EwxhcKjlCClbbEf55ropXcrfojdnrjv6P3n2NGoq'),
(860, 0, 0, 0, 'JeQ6Lx9hYl0jPYw0VQedJ31ChASsFhnpvdvgLFyJ0y3QxAQsq4Fa7HMphERWVemrsSIexgXyP1omCeP2jvcrcZQtEIqzWM1oEJCcZAKOC8ben0hGvu8ItYb7GBHDoI23'),
(861, 7, 2, 0, 'aaI5MnekMMPZBaKSwrKJ2G0FybNFfDPqOyvAVKVIxKI8Vs0rULbWrcB0npFD3v4R3zsYknGR8oZ4R0wLLHIdUkdhJTVNoZErz6qTu7LCvKHmLd8xVQLPaY7US2Hg2mIB'),
(862, 32, 2, 1, 'mY4iBTVQ76ajYCbYPU8jEVnxyJdvUswhrBz2uvSCB2VAF7yu1HOGCbeaVsFPVc6mOGoibhVNjQnYYVt0CiGeuVppo5fjilF624pelk1FboE9k89XqQcUMCkaHzt0V96Y'),
(863, 21, 2, 1, 'kT4JwwG1Br1aYHoWyxAa5Ah8gR88gyXAs2kYz0Zar0kqIJnggXrlyJuOADXQcUrEXLDwLDGdE1EnK1E1Z6nxPRmpukgHfHmcsZIeDoshq7Fa8jb8pyGep3EUnUCCBYO4'),
(864, 0, 0, 0, 'SlY0p1z9sFvZT1oqnXEyJCL4HSeVlCLdYJdoLNxdt3dm4BMryr0h3MlKFzG0crebbszWf6aI9n5eZRGxiHPmtb69LN9Xfn8qPIn5PyOYWTdVLUt4Biq5uxefknczLl0B'),
(867, 24, 2, 0, 'a3gYqy4DTdLi1TkmW5PrrHy5MZOduJFENVDduIRoVCGXw0js58UwQsCCsqQXavBYrfbWY2kUF0Rb0bE6kzCa2fNuGDrR93PAj1xh3SbJS3VTezZy8CIaSwFy97pjbfUu'),
(865, 0, 0, 0, '4oGTWvRSp5OaZheBAFG5cVkxix74T8FXwmQsRIlhN9rNrGo2m47yZr6iYenSm2PSpFkhnGyaP0XhHmj3rrCrTJJSX7KjazbzewRCcpN2qLk77Eay5NZYwJRtQBM1aYAp'),
(866, 0, 0, 0, 'ur1HRPKhA4oHIzgOnfNTYEnPfaQq8rQDTSlKH52harZT0fHouvitaFjqPaQYBHCvzXgh3iydJy6KNO8ijqMu56UVgKUSswo1tEjxWSKFqRpeFxwZYjt4pnZG8UzBqXDU'),
(868, 0, 0, 0, 'ziWEQqEF4kYOdZYmYKMo1UeHOgON2AqCTnhJNVpRgnGunEQmpDKryY8nfXaixBUqYcaM8zEoXkTkZKGonrPWpXjFUtXs4RT344QcDuBBOuWOfDcC41yuZS9Ul6nqYgu2'),
(869, 0, 0, 0, 'RrFtnLtWnyoIBWDgQO5P27fyhNtiMnXEPD8coB9MaxuLu72kW8aZfqxwd1PZoMEepMrNnAzy74kBbmW8v67KwEhJF6I4Tmii9J6xjG5rKq2WMY4h4b2BQjkvq3AjqTCz'),
(870, 27, 2, 1, 'sHkLECbPyEkdV8XyccA5xdEpHirG4jdx1yjFavuJaPW6YUEa6ffEtU3bcvRhP5PQE9vPEZyOOvUMpzWwOcai7etkJlCzqrp5BUUfUt4JYZwozsUoF4GNj972uJBVb10M'),
(871, 0, 0, 0, 'p343Xss9HPFjOLhUX7d6VYnUKss5rF2QJ7TGzlPgbvAZgRUeZ8kU7HPR9hWBWZrG6lmGGbWSGxSXpMboVwi2e8TopQZmQq2WMoCsAzlg6eev1pTWWcYakSyKIx7yY9vK'),
(872, 0, 0, 0, 'LYvUDe3l6wajGQHRO6fBJvmy1P7kZibKgHFTVJf2gqlWg3O494GTz2rBSzWRR7C7Oi1K1hMhH8eYb33l8JeIMFjFffw6n9ebrgVtxILfQ0d13hmb0ATNgdswsZDP9R1B'),
(873, 27, 2, 1, '9LUGDUK7rRnxBZa05p0tmldE5eRvXPp6AjNedymFpJd1Jn1OM1i9nvNsKFXHvmO5GBkU9GzzqNA9aCYXEg61MUtxAqf5N4buGwpQcZqDM0MWDKUh11jOWNmweBC1GNwm'),
(874, 0, 0, 0, 'vAlR19nhdOIclBjDkAot1ZKBXH0am7WSHhJJr70EVJRhkaUEKj8MiSngzoqWvnOdFyW6FXKBGCS1NNGy6OkpHIFh66dCt2P8AMegJZRqCKspx8XEXi3E1JV8P9KibzrM'),
(875, 0, 0, 0, '0FscTkGmX5gNtcPXsRCGYrq8GMjwXFoXlR9ebQB9VSWp4LnwCZdBqEJ7q3DnI2l4Tui4kUdgMaFRV2oy1B9sfTAGWd3FgpJ9T2eeWsuJC9AybZ6dAfGQ9gw5uALKZvUT'),
(876, 0, 0, 0, 'QX5fkV0eRjpM3zphnpNRVok7Xry1OUZER5Uc0VqRePEip4zMumDqLYyJq6Ke0KTSPO4PJuHXkmfJrPwVcalX8THz0rN1cGT2uYSdtzbNWrxng3jsdEqmy8VzAJBMquOU'),
(877, 0, 0, 0, '85FLohfs7aynuiQmcAvfIznD4oo3RvG0BlLZD1sKb08GiZ2vAxKi78VbxkepQUqrgcrTdTEpTN5cM7HmFsFMABY8VcxM7Xdo9EinyWMrJREwZmTEOyrp9px5C4RK258c'),
(878, 0, 0, 0, 'KqzinlK7coDcKxRz5iYeIwklBb5DgeP1Fpj2K3aXsN9dl0MqjLF2hZnTbtwsHmtmLMpwQztinCvIDi8X3OZlNmeZQKry7UVTGkpwUTPhwk09C96GX51LsfKj0bR85M1M'),
(879, 1, 1, 2, 'GrmU9BZ0RUkqi13YcZQepjJNndDQxyXd0j8aV8aN3udlvgkIgbXFuGsRU5IrEFEEZNOUVZHYtUkZbEIrPF6jmzbgETHjzmYyaNt5Mb4g6ogh2ZJSEPb1onh3gZnQmlpw'),
(880, 20, 2, 2, '8SCU4Gba5rr8qb050c6pzntQnRGJc5gkYSf2zqcFSENiPNnQZugzSJpfA5ZNbf898nbIOonG3aZSYnJYRZxJJXZk3Y7eefonDA5sZt92E8UCwDBnC87m67G96Nol3NIH'),
(881, 21, 2, 1, 'kP12oXvibXLu980G4A6Rdk8RCSkAKAK5qL7OJC7VASqJ1qq60xXeR65tYq4J1OOrAWgkyng8gGSi7io8QlmHssbqTg9V5YmGUD0s1hBhYuA5NYeDkBlM4wdYNnTSlgyf'),
(882, 24, 2, 1, 'xf1HwJjZpVutIBBbJHJck9HtBR4GzBr6QsOnc8mB3Q5MsHYbpHnJQ4dsWh9vTBCJ4q7gytRCkXoMEmX34lNVp0omixSb8vVdW2tvvl7QiwCWTA0XVNSlNgH6OAhX5ca1'),
(883, 0, 0, 0, 'yUQbv92m9ZrrBb2xRHjXTZxkWX80QqnokdAQnCcwBEYdP0LGH4DA3bV0840YunnPBXFYASvcwtplua2cfGNjRIj0MjZhHn7ikMgVFL7cfxxKIAWYgJh7sA8fT8xAvESQ'),
(884, 17, 2, 1, 'pd2WqLEslkqlDnzItUhZZLXsXtAf8Rhy4kuu59XqtoM7LlPfg7efSbIPFi5NanleHQJNZGet50AQlq5CykRqwAgbTlY3Ikhqa1d9IrCNrdDNEJpc3hCzSSKLeIOX36nd'),
(885, 26, 2, 0, 'i92z1Ho6yKPs6CGG4gDFhbXbM935gblylo8n6wuEhj7oVN404IGmUDxGMBM3N8C8wKwCh0hzjoXfc2ggKWCEzalmM8qzg2INNfp5fGEz5BOhD4yo1b3AmoX8xnINqrAd'),
(886, 8, 1, 1, '3b4CH0nxUAwSvCprOsInLG8ECFMtOEQRQVtxVR4QrBIXe8o2B6pmMx1pdNS1sJTjEmRAeWrFxaCMi0OT7efUMgjZ4c1xWUQAhHbvDCabMNX4NMXV1dPOt9OylP5hJVS1'),
(887, 21, 2, 1, 'lNZ8yvpthaxKtwILvvNNnZ9rQ6QjRyLdmKmVgLpyWWips1bYxZMUZVlP2c9ULU77Fu3VfstbpMASOMQlLCgKyCABPJvAEDIj7LfmeJyDw9vkVmGHZXryz29oMFZqiHKp'),
(888, 1, 1, 2, '0dZbVPhPUWOoTqDTv670UyNriiLissUsFTEBIWqCSf0MFEFaKNbFlZ6DhRWJkQcZJRBrN13Gh4sWJ87tVi8hhfUz7RjrHvrrn2Sb4WSl1kiKtpdpImH0BCzJtSaboBCL'),
(889, 0, 0, 0, 'HP38pTmwFGKOWAAod4MoiiaVGuxGruQ8jUhJNDgsk0ghBQFOVrdeJn9qSG6jbWsvQJfEnv6IwnZ7eFW96aoQyxgqemKpjdVaXaPkFV3bj3jxIgHPq5FYCVpRi9gCnbMk'),
(890, 28, 2, 1, 'lCF1xIdRLwouN6jebYdOUCFcMWO98Btte8vLRIDDf1728rgjqt8k6OxSLm2TYwncFSXwABaQCiSKJ949DduJ11CMnFGlb3xQVvnw6ymJQfuAozK1MeLOgoBD3hZelx5g'),
(915, 0, 0, 0, 'eKMS4zJc3HvYl0LNKOUndxdAj6orNbF1WrU01Dd5lJ3GKPuvDpTRX6sgdRH02n2ZOW0QAdWVX0CIP6dtv6lsdNJqErqHOsHDpHtZVpUTpxBfDPI9V3C9RlzwM0eBsVeS'),
(891, 6, 2, 1, '3tNa19USoosNYcPKqAzGYak2skhNRn4VQR5S10Kpodcmp27QCGxBRREkcV74icZ935145MuuZHRpJYfmFMYwECQQxYUPaUYeZ0j5MOzMvqbepqB5dzCRbsIIrDyCxxRx'),
(892, 0, 0, 0, 'xaCkYc7uDiI2Jj7XSJP4cxMEalhIS8fqjSLh5SMIbuLVOTSHDHMQfyvpTM8MUocdhXvmQh41MQXBJPjnx5dMEIcyukkpIwDZu9mkrqmehjP099nGfBsTjErOYLeHiRHM'),
(895, 5, 1, 1, 'uwdzkVH9mMH7tmTtz2emCdL5NHQpC7i7EwGYso8OaQVEdP7MRm8uzUAnCrMfy5mcC3b4skSDaOhnEpavLj0ldAIP1v4AArNcvYhYjaBuYTSCi284l8pzJ8oLDtldV8qr'),
(893, 0, 0, 0, 'ouWDFAk3s65sP44VUeZ8BJ66PaSyWH1lbXYRxiV0o0se4waZLa8nTetIpmhm3jHfgF7OY2On3gC7NM7yWfWQupyULQgO9X4qDbeBd2YgjAo6nvFkLBaf1J9MzpBJnF90'),
(894, 21, 2, 1, 'QnB4qzlJaJQxfwR081g9LpWkPy4dddd4BP82puMzdD6s9YtiZJrK8o5YWabaopeZen2DRPd5sjyCi1UhKm2TL8RHi3SHt6HHuJlmyys1S0Da1ysLVvEGEwoXAgE3nlLR'),
(896, 24, 2, 0, 'CUzVeosVG5bO56NOe9jl5zxzKSTW08pC3Yyhm0d36oScvF0JPj5UTDuEvnBvw08zZGRlH4oNshZYW0HLkMGepbSVztq5uzEtfvOWAdK2uJ1rJId4vUiV5bQEEhJ9QoC6'),
(897, 7, 2, 1, 'iKo4hPKGkqSZIx5VDHdTzq32hDAIQbR8Wfce5XVpoOp6lu2YcfSLGVOYzpGpByyxNLLSIGi6uHdQcfOovGacCYacoRCZpawdVi6EZoLu6Ykie9HJQSWtR7GfYieotLCp'),
(898, 0, 0, 0, '6bTYjhf3mGwrzRHfSbgTeJXpu00IQ3WXfPVy6aCtR9Uq1BFUNWN2GLraMrSCuPzJFviLGVfx59Y6KD0yAOAgz1rlskYX9yGP3ZBJUQgZZe5KS6itUSKuUbPnwOkGm0vp'),
(899, 23, 2, 0, 'Z69UWqTWFZGx6Z10SLuNXkat8u9uvFUvL3pHujD9jkHqkIrdtV0rgaUpF4UaJPFuS5cmpQwJbd9vVAIpwJQMTKczP6JyVp3OvfbU6HDhUMMQmvfTf6F9RSIGZrfURiJm'),
(900, 0, 0, 0, 'TeKDz34J8t2fK0moZmcaNnmrDb1EFAjyO3co7g8fJavubSSae5l1sIt5TvKy547U8jifArukB0ONSHY6Mj8e2CkV74uc9B7hVqwvR1Pt1EgUle17y9mAMGvTL06UBdcx'),
(901, 21, 2, 0, 'gRG78y8juiBp7iy6IHZIxR69cxlLGxWXoC5xbdQFwr5DKDKtkJbSBh1NPnywUuti7yPiLGYh83VSGFl1oxT0OUNEhmacQDvXclgX1efaha3YQpZfWSfKN2p5pzhfdMdp'),
(902, 0, 0, 0, '7tn9HCjZNmXDLWSIP8tCbSHArYPFL34Sxs2e5leSIbwu8ocXxFzIyhi0g8F1cKUJcWYhica1nGwv5ItCo3kXkDXAMCCYnxHAtFRMS2NfIjLN2eprhKoComcaYP9mmQWQ'),
(903, 32, 2, 1, 'wOCoQqEyKqlMELeWwCyUYL5XBfjY6fOC4r1URGsB6OoLACH6fg1e27bEmvCsLq5PR6JJMckT0JEAlmHADJOGQ0kcwWFhmK6eQQXD2ix31bEmymXb5MRVMb8i8NAuxHIo'),
(904, 16, 0, 0, 'nxvzcSrDEY6LagnxXXsnPl4wXksA37grFL0RDsvhqC3ASq7QoAddViKSCctGkJ8Zu8R8Amq0YtARUIIjjWxeeh7RtAyNjGNOOEXo1np0RZSMIA51wCgKUoBnYabiQY7E'),
(905, 16, 1, 1, 'C43DrsEjsw5b6adCNtnIRZ6Q9h8ZggETkHxM9b5CHbNNm0q9uOSlNYcWglVwBzqWhXIr8O3QZRElR5vmTnIGmUCCfy9Q8zMqxvRGjVwjMaFEfa09yIPVCsxR0HI9gvzO'),
(906, 24, 2, 0, 'ngoVuR7QCjdXtgeFZOxvPN1WnnDyYHCmX0hsSpjuIwscMHRLwphlcjiAGV8FDK1ALj3DIm8qSBDFivqOUIa71sHHoQm1BoCmHF0p18QTKtz2Y0RSI1ZJuHrSyNU9bwwS'),
(907, 0, 0, 0, 'L3NBtlRrpdBcaM29Fe3xZay4ypOPqrfcv3NYoFqNS103N3dshg0hrylZYaPpB5B78p5x5vkXxk1kneNFuNWWmiVksLJ4QlbYKhwPMQNkbOEz3reyfbuBtqWVbF020b1L'),
(908, 0, 0, 0, '8R6mHngRmLebNdIjl57FHTgIXqEC6AperwB9TS0gDfrrs9KNeRtWLJEIajlgTLvlh6ubZvrDKS4d2P0hGudsdRboaxE4iapAgUMgpdT96Xm9MnqtREW5w7tHE8LXibxz'),
(911, 24, 2, 0, 'kueMcP6JrQueu7gazp2jf5ydQjWxJZZ4ueQG4XqvOUKi10tBpwUECtSsMO0wOZBiesZiqpOekyxmz1XYySDamwD9lDF9DgsRJr99RXobwVy5Xw4voIGKejTzXzIAQasz'),
(909, 0, 0, 0, '5jPuxJEEG1NtpeXhSTmo1Q5GYRDg2aP7uFC2ohG5juzIJwZCqm0rc67aXKr0Vh8qWKtl2aqlEZ4ow30Wp1nC7vM5gd5cudCrY5M1fdmUdqjJujFUk3wsyjxPxD12REtP'),
(910, 0, 0, 0, 'KgQ0tdUGEep9x53S8AkHTSxqvysmdWcXd3XGhSnV6N4ET8w2IRKCJh3fQvC3sO0FSYm9QK4Xx9Bqi8t0ZdDJuGYkcAnEpokimHrdrwbZGMqYVTZU6CDAjCVvcjaCIuV5'),
(912, 0, 0, 0, 'BCJtz7F63db0Jfv8XbTbvNLsnt3dEwNg8xJIEpOHC0ImfeudpnpVbaoyEsMjYAz67jOMIDulDcHSqc6QAvLLGajkC6EAGeGNxvAg84CMgjFGvLx5hiRXtbi5hWFYamMI'),
(913, 0, 0, 0, 'SmZ0qBNGVsnreUxvdosGAKMRHrQRNCzFYyGp9u55Wtwbo3GCs9j2U5TBwKskm20lAHKKbQQ8kmjIp0lR9ET3JNFgx8BUaBfLj0wvQmDbIXT8Ye07TTbCHQTfZu995pVp'),
(914, 27, 2, 1, 'BytR8t3DHM8eCECYeHpSHoW7BnHzRLQtjjksNo5uaeJNSlL72b0KzWRajyJakADEUY6HnccyqVlig7qjiq4RmV2FuMQOmutgtzYQMaoc6JvnRVG9mK1IG3oaQfZcJstd'),
(916, 11, 1, 1, 'CIRy7Mrxj2NXRw6NzJWr5wYRwcsZ8HRKpIjxvK4OMSMEoTsYCopHUozrA2qIJht80MFvwKkjC6Y1ZqZCPpjKNTboVB6ETANTntpUdJeQQcRQDRssgMd3GosB0zgT94Nx'),
(917, 0, 0, 0, 'JZ8y3hhdPjCQCnugrQAqatkHQsMLFLHpKQXO8f1YyEOa1jqs91Tkve1lGN7myOLjFJ7NY9MxNAIPU9i4acoGqp17d9uMYg5D0drZndwbOe0IniMyuaeVAg2NpxznNF1N'),
(918, 13, 1, 1, 'TsMgGjruyrcWKZueaJ9K0cyqJ8OwNPkGi7XYrotZQFVAFqPP9Yzab8AUgor3eLKxTHwk5ZjWFfwkFlaPkKZvSAp8ZRceDWLwDhRJhaFWqch6yrVSbVo3wNcvFoJikvOY'),
(919, 10, 1, 1, 'NFI4Qo0hBhn9Ji2UeqYKeafTyZbTv0SiGBmxZnOAFbKouMiJcgtqrJjZJvSewLxcmUKmhyXXKHlftEYGVs7mbqlVWeas0HFmBpITYFQJncYRQXxMqE8B5ux2JHuJo960'),
(920, 24, 2, 0, 'RwuhNcCaI78QBvZ5KPtL8Bik0CJQhgW8MrqAD2LlaTcMobR91kUaWduWPdM6uIfg9GRNIC8TwkGUvx4xSZHOccL2qy8Uhobr42eNEmHaGn5cVaJNarCmEno4WxYdW9E1'),
(921, 24, 2, 0, 'sk0BZbEN5HVcISNm2LzAQ83kMrgeUuhnPiYPtDCzlxL3qyqskZ2a76vUxL9sgqP5IOUcsxMO4xRu6iXqhZAp66kDSt58UVeDK9QcGC0L9SgfadGsdhSkndXfG3nBZCfJ'),
(922, 30, 1, 1, 'L5WsHXdRPu70HNtV4lfrydHfh4RgH60sbWUSU8KKCRKkEefIAva9JRo0WfhDmh6xe1q99aTL1E5FSlosRzCAq0BngS0Ca7ap8AyhLr3M59sYuRrmq3XR4yekqfXBm80u'),
(923, 2, 1, 2, 'JyLu0Oh5YK4sBvP1yMSCk7XLmVnI4ndNWYiWNz2Lj6eVC4WaQPNbWLXjHk2LIfzEdRA1rDNKJ2Fm6CxXsl8p66IOrKz9Z9Nd0ofr22cL4S8avF7X0gm7n5VOPvXPEL3F'),
(924, 0, 0, 0, 'yKOjC6AZKSDouKLQlRBw3hY0dHWpJZPiJDBlJclu5YTzJEp4w0BzizAvhxV0xKjhoVD77YCdXvNGacLGdngwWR1doWeWHyd5tQdBOPPMlCtvPeb3BszyjAMIx1EfARk4'),
(925, 0, 0, 0, 'HyFwoviJ7LeW0q0CSzbcaXUHZyXzqiD8QjEfOXYWJdTKDTmwsxICvCkubh3BAHJr0oGOlEL5SEPwxb20JLCeoXIzfMbPtUguiXjEC4JuIy0gK3htPUHdRqN7dYWGSdab'),
(926, 21, 2, 1, 'SKiCHcylUdisMxGErK3IfMViiACWJeIBY1eGdN180kANRhsj1v2hiXzBxcxhqgSph76vV8DWsdJjvbCwHEOZCoBaA9r1pkrHsxcnGPj833sye55WKTVmhxxSGYU6jlNL'),
(927, 24, 2, 1, 'T09zPtITwbrLgxH0qCmIaTAQSuWbQKXKK6kAz2t6dVRtsyuTbRBlKccDH9PyTMiETCftFJzSEqm7YR19IDvtPH6xQW5KJopC0E6FnFy25V94MaevOJYDr5bh1h2KFrnF'),
(928, 26, 2, 1, '6tlt8UvePFiCQx7Eg6iHbtZcK1Xqtk5zNr3WlzabftO50WKh23ZewYrh0oIuIO3wf7sBHDMW7B27xMpAQoOnmgEnEnRnbVUq3n1K0OG7qJfYwEym3nJqDoNiLFFWAAnD'),
(929, 0, 0, 0, 'sBfbQvNCrczm6K7gijFxNGSqGh9wqROSs34izRV03umafurxO65CMY2tfcZF3NyvRCNquIqxdNIsia06g6J34LwkXwZ0kywbbjCF13deRWH96IgnPZrULYeJueKOMg0X'),
(930, 0, 0, 0, 'Qg3fEf9axM2Qn0dTQKnxxQWTxsmsspriGvylKHvitx9RymLp78XEZTyxmVZOlr71WFmHnS0Rq9IZvtoDCliCfQ9CM8r7zy8wevdCoetOncNTGcwiyOUNF4prcRzMpIjE'),
(931, 24, 2, 0, 'LUS4cLvCaoekFN2jZMkGTioffjCAR9NC4FGgrcTCA7WgVZzUMUBFcZVrjy2aHQNMwu2XGWzh4wxZw6Ui1vYdvTFOrIZ8yMV4gX2XUBeY8LXESSXTnV7SOMHgvGp3tk7J'),
(932, 0, 0, 0, 'zPwXD4jLtBckxqmqIMrrc7aq7mnc2rOBhlzUpSFTuSd1jAs2mUuy2EZ91mm3OaE5wd0V6GOBy2CSC5UYZox23xb4Ux7JIMPeZPa6wZH41jXDpRCpfarjICnCavlTha8g'),
(933, 0, 0, 0, '0imwh4BjnyWNqzcFJEYrhm4sRpl8AtpBLM73QJmehj1ISenCSm3aJ7CAxXJ8r8JdURgLBDZTW0BOfZq8mui5CVGaSpijx2wsUNdvqdoneZbtYCCk7VpJQ5UIvc23fzw9'),
(934, 1, 1, 2, 'XobhOTIB1oRMxjVMRpMaaGndXqs3GmJDLUUzODaQ22CzlyldY8n8OLlMbOPRazuWupvi3F95HLF3j0hh9FqYqMLBABsLaXHFndYqS7vASaEcbWulBVj1H5DiG64R3Mwr'),
(946, 0, 0, 0, '1tcUGGRMII2AIbHgjol1lAeqypgLwCux5HrLnjy52AFLMn15Mn68XkywKOhhrMOwtgiQzRWCsCne0ojNMqVJLtfwixNJjBgNRyDrqz3Scr7cPrZBRUlDnB9G9WpsyFfq'),
(935, 0, 0, 0, 'nBawJvmqd9brGURaT2bqGkxYFIVMEZY1A8yjEVKS4WkLQcVKe7aVsHT8qOU4OS6p1EIFAtyFpSqg4l0jtaeVS74iWYmKQtaR7SxIm6nLYN1392mDcBz5IDnFBKqsdAkl'),
(936, 0, 0, 0, 'tR4PYrAWfC0pEn2RYBWGekmQ5MiimCEPuIFsagppSpOxMQpLsmrHGNxLAQ4WtIMYrrqBHQ1AgP73GxO9TgQz4okEfpBI8nGzO7bvXc6e2dhJL5SEmJdq7y4nXF552MFR'),
(937, 24, 2, 0, 'bYOiO7E5mpouRrFA7Exqxu36kGjJ10lcY9vMhaSEzg8rIO2PsAgZ4k6o0q72qtfpDLcVW4zvlIX3wZSZz8YEs53twbvXELmhxydtDNZYvW11WU0w2Zav4dYBouy3gUlN'),
(938, 28, 2, 1, 'Hf4CtXeAhKfzeM5OCmVCIrOJmE9UqJS7YWKsUZ2bJiLY4RMGdIjW97FwLPrbyjjwg4Yb31nNj8LnZy4dhn9rvOXgDosbIMIZQGaUHyH0GtoG2sTjQ2KlRICv74HPQpPH'),
(939, 0, 0, 0, '3RTEqWrJOAcjpekckxeeXi1b28IEzU6CMZhcVJWKj94JnoVIW9WTsY4v6M9GHfitfAGakCVELZn9njRjsOcVMhqT4zzLPSf4sWfMzaqk9Oux7mQAa2vXjWQnvp9lhpqK'),
(940, 0, 0, 0, 'mGxVRYg1MLyU7ovir0fLW59svjONJfy5V60M4hOR2mM9LhrdiHYfM8Hirw6aLEgHKguPyiGAFsKqJcD1TCgGKYYbv5mhJCYuTtjrL02qtMRdZufS6wyQvx20Coim1gQU'),
(941, 0, 0, 0, '13ATFnBdH1XXrvybApSAWu27lt4lzO1BSCuxZ6LG8IEzedLOCDoy8rGuVKQuyR5qtAYtGK9OsOoH1awDOVcWmSqiDgMc8SDBsB49leYO2nw3x2HlXTikLICoZpA7idJL'),
(942, 0, 0, 0, 'POUa2TZ5gv8OyPawJsQubtTaTuibH2WxQRITKHY0d7OLXZhGr8bDC4Nvy6Gg8DNZuvSfdQgqX5bU4tAvBL8dQWJo3qFc3sbyY3ObT4BR9NLdgmJS8S6YPPnSf24jvgSt'),
(943, 0, 0, 0, 'jGEdLg4U3Q8kdRclJjky9IroLvIgLBK5ioi3FnYId63rXgMHz7gIPH7AdQRYsB4K0mOFKMoYSrpQHcyhjO08v7IIYzHqbLbb8ZQSMeRFGgvos3FLSGUnOD6MdNdozozH'),
(944, 0, 0, 0, 'TaUjQkkMfwflgb9DvGwGUNA6C8Obi9YbkSuadOWtlbPBmYfSFMyzA9GcivoAEmMYfh8s65VrhK3EJjwp55YFfESx9g8ODUMSbVlh1gJi1NWK6s9cy8SNNLlX1tLEoyxz'),
(945, 0, 0, 0, 'xHoVr88hf9T8lVLxER6kz0rY2sYEnmKU48QvhYNw8GEtCq0gh6BR73PavOOSbzNfIDLZCyvKfaeRBe8SlJKtNADiosbA1YPJBBJe9eYoocgZroSN8DgWdTeCmpcno270'),
(947, 21, 2, 1, '85wui1vYX60BolUwaSOVN5ZgELbm0ZE85bDnc8l9emLDIG9SyXOm3ODIzO4AOIITTmg6uCfJY1mGHvzgtnCwcgeL4ilS14MVq32VFiEEj0l1wVh0iUxuaLgf4C86HV27'),
(948, 0, 0, 0, 'izUY5TSZthzN2OutCSf3g2vfsS06nvgF5bDb4waxOJlQyQjaJzeZCJf4BgbZLsERDi2HOcfDWBuusNFbnTb0Dq5fHgesITklbm30zjDvU70mVGxjAIjd9osQEHjnAEIL'),
(949, 0, 0, 0, 'WdovqCjGmiMGmXdI6kvNG1y01eh7A2Rwfg2GSlmfD9V069Idte0afzahNsonugUKxWqpiMEWVAW2JFfdTfo9OzqB1PZw6UgDRH39tI6pj3r3IGhCVFMKedmf3lM9g3N7'),
(950, 0, 0, 0, '6Pcgj2Ti8Cltm8MY0TzP2QDQS4QlJXjPMv56xZpGCL9YUWWUPwJSmnJfrABbxU0kp6rX6QDICNHwKEqAbatyycO0NpbljcFJj7GqYk8A8Q7TuxtFHXega2gXrriKDYuX'),
(951, 0, 0, 0, 'mWwwGLgDzm9NFpmaCnYHNdkeUOh167ss4YYKJenjBx7gWtqzRphECBTxpayvi0YmZW6Jbu2M193YDuyuTP9wq23QdBmvCkSChZlstofvyjubN2GHSQdjSg96SwCvRu78'),
(952, 0, 0, 0, 'ttBXRRtpaXBY0iFS8Tb19l72SJxJeFSI9uG0m9qw72v8ka1s3dtdzBgrkObzt4hCzXDV74se6Xnq7oSbBlpaXFChtNRXS9Ar6dmehOsoLQOTeG4P2t0Z8ChCq9ziiaJo'),
(953, 0, 0, 0, 'sSAKxAAvq2SjVoNiHT1NJvVtYkymEpc7hMRPmrkNuc6pBTHjNJ7we3Zdnyz2YL9fy05UspHWCOmdI4xvNE11I1f5zO7xAhN8hS3KiLHUz38h7FNUkPW2Qc8q0fXAwLJO'),
(954, 24, 2, 0, 'UHvLYL1TRs6HIZVuqxwq07OAvwV52iVX0qIYbKR2dYKWXFrodXPd5DOB9KHc2Ca23S0eDShQR2NOHedUb28hFXSPHz1JbbMe4NtHFLywNmlvAypMBy3hvV6du7XGjJUn'),
(955, 21, 2, 1, 'DuS10iehJ9uiHTOFPlh0vPbFAwVcSrJvVCwWULdDUHWBAKhp6yqBoBgZ8cb0DVvyx2vrNI5Hp1j0MAqS9QuyrLxAXJABE6ab8FDVnICNKWOwxepG5TewEM7BvHc9NnlW'),
(956, 0, 0, 0, '782lW4sF4f8wniN39jQL4He4iSwQXxc5GfqCjTio8qUwJIzT2qE68TarLGhJeuOUKfx48PshgnNZ5nT7OxeWrooc5FWkaLeV0MZ9BrqRPeRUBK2pigmJFKWLqT5BEkwE'),
(957, 0, 0, 0, 'yxQZRWenRdvvgpRSdRpuKxt9TvuMzaK7HA7zxlWozsUPRLI5D7znF3wyy1k7c5fUGntdIpChRw7JiPOWWnjCqQaZSv74BmYhJrusR7KJERsXHgTEEdg53r4WXb0yyYPh'),
(958, 0, 0, 0, 'qkKiru16mt34KWIp9Yudpz9nLaVj9KBz4lSwQTCdnGh8DZxMY20oBaLmkGGtrh3wDV2tOFHcmYkZYSLXUMmwW7TgOzKfQNLuIOXxuFKQE4PDXBARoWok4hBSRl8I8UcR'),
(959, 32, 2, 1, 'ImmaZEDRS5Pfo6fItGFGeNrk6oJZmzh5WDfVhTNaZCqnJG6dmMTAAkUGJEG5eXbaBr6SlT3kwtIg9PtwCn6cI1TrGzxUxJ58ab1w55QBzzSIpme2Jlesn8T3IrXfa3ol'),
(960, 0, 0, 0, 'Uei4BxLwrJQGbNxtW3mQjpEhTmiMLeBGtTK4rvBTfrArf7Ubbg1vGGMz24mNjXtNReRjKscZUMq9Ulk5ClAi1mS4reRLcly3AqnkTzkNmKWg6hmIDW1FjUJL8BwlX5px'),
(961, 21, 2, 1, 'Xhtpzqf7kDFINC5NNuAZrEcPDhiinuklMNKle0tyD9hqMmezROyisL762poqUILGww2KxvjaEABrWP1NDz56lccoCBOxjAdQ7gAEMTOrupSqeTeStjYOwbc9N1G7BUXI'),
(962, 24, 2, 0, 'ojRIX8R8qstj1GkBo7mZtPWhc7r40BUoUL6STY0jruDsaX4z4ryygvPsChxDSr2Nc8G67Hqyb31m15V6wtEMYtfBKMeDdgrqp7xwOX5016m2ch8IKMvJgKk1xyELP6ce'),
(963, 24, 2, 0, '43yOQmZc3jEzdpt3A38ciuSsXV31hEImHhayD9LGtpgGPKKqOTC6nuzlpDnGh52Zmdx0niGQIXwyHhYvaBCy5bTvOgc6lf5IsCIQVpGDmdc4uaAFLcdRo6ncnziIOoqh'),
(964, 0, 0, 0, '087WyNzU1MYvXzbILoA9vXmSxFBm31D4aL0JzADAmC6jbh2XGD7bBu389EudG8hRUiAtSe4fRbz2tB09e7kQBoYL2tZJChBwzb0sq5HhhgkKSkT7seX4CWPFpPp260zF'),
(965, 0, 0, 0, 'bA8BFQTW7dHZxB6ZP43s0T8qIxtPx2vJCDliteeBrWAZxHYnM2QMWYdFwGu4J0OlD9D7oSIQOjPm0OJNQzzNyNs5uX9dXXzB7dIv5rlULahMY0zPA9D9W5er3nE1leCs'),
(966, 11, 1, 1, '0mTbwu2VarcaBsMsVjIrb950JZqBHNhI9aTFFWBQoO0ZhNsc7bEikJj3JKFrxX9H83nNZYDoMEn4rQgy1VRlFapoU4Ps1Z992wX2vBqhfOmGECfFy61dhqBbvrExrNGt'),
(967, 0, 0, 0, 'yVqoXt2gRqtddHzFtKuLtandJ8FOTKOsGfQDJTUAjnOx4ocy9HkCRHPBQvpJfebVt2zcVuNfRCMW0ZvaGPMyxC9n7y6nNiiglStgmgveTibUhG4XvRv2tFpBewY1Phia'),
(968, 0, 0, 0, 'aLqw2WLVeWPwDUt8LZbfFBQT8OVX6d7gYyN0vzWKvMg8GKhrKtGp4xjcme9srhJqQwql6n6C9mLP72hRvYgAwzMSOWlfd4F4B6qHtwjDT4s07KRDJ8dfIZ7wVsM9xre8'),
(969, 15, 1, 1, 'dbsrUivFNfl0JCXcyOHINLgJkE32gU7t6zU0SqGFF1FoECAdrhVe3bYnQ2q6Xxz37u4ZVKEBLkZqXADpSyEWKDjAFKGChgGoKKnGu2hgnhHkSlKLUoHE11eHLVk2b0rW'),
(970, 21, 2, 1, 'hVX1aPCcUflLHwNXg3uHC5l3D16yjmVBiTCsIeECu0obwc8MfCuSIPVmQ2UaoPLGIn9rCN36OshkEq7U2BMLrI7hK1s9RdQABZ1eN5kCxCWc3466GTR7BYpmZRwR4mrG'),
(971, 0, 0, 0, '4WWhs9DL6ZxA5BnbFN3C5RxANuWD35371Zpu92gf1NQ7pdi40mH5dfG1JDEMIIUKIjfRmv7njXuIaNNbauhnKXptA3gjMa3uuilQNte6qJPBxCNH745S2ulCyCWkNZPh'),
(972, 26, 2, 1, '89EDvFJSygnR3zuUi6cpekZy2riEhaQqjv3OaNHJ35A7E51XcdnqxmZzNhd4r4vLzyzKmhtpm4x19yYlMlLjHLTv27Auc5fLEPw060qs4XtewrAiNmCv7v09DBDPGTBl'),
(973, 0, 0, 0, 'sIUvky8bkuKwy2ePusvmVeAsX7MozIB1qvxL4FWo9HVIJ9xeB3Bxib0fjNESvfTWLqHP6EegmaY6jwkVAVtS6t8qgMiM2cIODqDJ4SZr2YxmvRh5NLYTe6kvTDiWP0Ks'),
(974, 0, 0, 0, 'Y8k4ew98dW7z5djsWDa6KCmTMzp06D44Mo90Vi98fgHku1NqFXwpzTjmtInzlrE7QO8L6hUlyBG2Dttjr0J1U2nnLKX6cBe2pnOwFISdkygY2JhtK0uE2R2NCZUPB9R0'),
(975, 0, 0, 0, 'wGxcpqpJZGH1qZuaZZP2RRQtQLjrUbsrR0Dgq30pJHraHVkGV9JM1zgSkzkfKMHBNlSepSD8A5ih0DYVNHIOhYGCx0ShNzTBVLPkEttfyMwzpvvdcd2ubJ6JKY1yyU9t'),
(976, 21, 2, 1, 'OsW7jaA9XuAa9wQbrBSqWgj0bEd7ZLrNenVxyvHvZhG9Nwlf7dF3uY4FDiNC3epiCkPaQwGPOmZBSkQ0yv32u8I7qwJuK9MmuCwk9daXz9yrupr2Vv5pDOx4kgy5pkrU'),
(977, 14, 1, 1, '6uiHQprNMO8tSkFGXbVV4R3y4F2fAzmG4FnU5PIRDQkwa0d7b83f06O4MRkmqG2vmqqrf8jTYEq9EDhPLk5MqTRdKbzbSCHe27GifZbeDBnhfE71ZdNq6EDRPc3HPKWS'),
(978, 24, 2, 0, 'NIMXM2SA01c4RS7yKI4Y4Bl8f7fnGTDuCprorkZslbxd4FLPoQNsr8BGgQ4XJHsm7ULzeL2AXzN1fzQDpD6QMHx3xB0hjtDqno0Ba2c7CZ8RyZuXDBOpiltPWu6gXKHk'),
(979, 24, 2, 0, '9HWjJ8ql7zcFyHDbirBBM4qJyx0vhHQqoMK8Ubt2KGIioluHN6iAaIkJgkex25YqRJyLU2OEIwX7RsOFy6fIPzs5UHDWMBmDkVpfYdTHJROBjDgRKwAz52F0JiWwUj9f'),
(980, 0, 0, 0, 'fzudMoUwfJ8ymoq6V0G13l1NEXjzgsPv1kJOIDkYmsxJRXPMYvO2RPPwM963CVzDgisYVNXigu17sRUrmIueyjLltRo5MXJ3gb2cYZueuwmXnhpK0TZydKTGBiLogurw'),
(981, 5, 0, 0, 'FtJEteTXKfU8xkTxdS6qC06djRCzl361xQF04yYPOTXmdQUqI0Qk1XykObUae1bMRRNVqLKfEIBRyvihw9Cx6bSUmN4BOgnF7aBxWmMA4osCTKUpTwXZHQU3DZFrf27n'),
(982, 5, 1, 1, 'dJV95HK95cMZXGpRdnQUdLYQKDi0GqnU9i3e0No60a5XRvO4SFZ5rYWbCebiEzcOSg2S4qZ5B53sASxsxxyYvua7JmqnVCcNTeGXFF3hK6KkYhNvOlukQFrz1RXXu9Lo'),
(983, 0, 0, 0, 'WY8bJFSDAWyFhDPL9TZEUsIAqePi3r90pic9X4Nx1ldjZ358X4NRwvsXJigNJpO9H1iF66d8sqrruwArBnj8TM5D4mrOLgXthg9nmmwONXgiuQJ5e3d7PjLUFdIrtGVL'),
(984, 0, 1, 1, 'Nx6k7iKFWHuGBpFB5TwQQK4oGMm2pKWdh3xoli4i0yYBYDc4xJUotYNaL9daUanbdVzzdERddQPbu1f1Kaqe9dpUnC4hMssZn2yBGqPTgE5KFlMqvdFEq4zOGE5s6yst'),
(985, 4, 1, 1, 'B15isUcIyhteCgE8tjNTnmH40Nx7mZBX1GgtAsc9JFnmV2upmhjKD0OEOlMaln8n4oQFQ2OAIcWDer3AImlmna1bwNmRbvefU5UL7JlPVit9KwKsS6PggQrMEOEQkS5e'),
(986, 0, 0, 0, 'jqNLPef6fdAkKEhZx9VjBoYAANhe3gXmGL8wZoDeCeymSPlqZgJAFIbgvtuyJsVqd4WcsAq4OZqHPM8O3RoIzzZ52tDMWzc9D9l5JMaxLAfBnnpqeO9Oo8TrCxdy6pHJ'),
(987, 12, 1, 1, 'y3PiQZQCA5dXsDoHrywQHqhjXuS4UAOtEDLuDB7dHkb9YARq8ngQOxaM22QWCEpghbLUNS8vdkEbUwC3USTIp3us6koIZOZh0LbOEkjREY3yuFCoyv7YzCqFWPoWEodE'),
(988, 0, 0, 0, '9psNJMFoKJXfozDW5LVEnlkkaIgO6utgTW4DIJ1ssYHRxlOD7Jiu4CPfl54rzxItuM6cv7FY5nPDJEhRnzlsbbHwgMYQkHkOtq1ZxHXD5NhPrzGP82hkdYQuKPl4xFT0'),
(989, 12, 0, 0, '5U0DBYhHLzwd8c2gejArirW3hh8OW1P2WPFyNXfzwLNEXPVc9wDsYAvfRE4NFTQBIv9wto6ZaTE7JAjT6Xl4yRjpvndbh3M0zWw2lC2vvGDfgX8mVtrtlLSQ961q9OqI'),
(990, 0, 1, 0, 'LWL7zND5tgkKes79VyDhjw7sC9SLYjuKffRP2uUwLegZGn9CVMTfj1HVbAH9TcT8rLXufS116h0MFapAWjQgkxbv7TF05z9xk72AZ3B5lCS0MiBJBrZVYbr6466aFgH0'),
(991, 0, 0, 0, 'nKBnNdt8Pl8CEKmfblbaxCgBJnLpEtp2d1p1eS94eiHS237epioWVFxE3j3HNtJ0u92J1bOguv8xygLXzaTuQr9TLcByGlzbuBUwNJMheVOMcAKLKEgA5puRC5pirZuV'),
(992, 0, 0, 0, 'Apso8fFmau9n4U8PypqEOUvr0VKrUenvEPTM4z8f3iD8cMXKbnp0iUriQcKLq7g4XaR2J0iNiVVvHTgSgFTzAkSqwCbXKs2ICTKmT39cY5HGYXyeCrOcMGDjjOh3hjLU'),
(993, 0, 0, 0, 'dwg6zqiyv0etXNIzewM1dplweCzwVlq8SGfr7yZCye6v1O5glShyiC4xfE3bZtkRazjh7jUGx0cyPhOaa6IsJMZYq3aqwuiH3BZbVTSsU41JmQTwXBZGoYFP2Pgykygo'),
(994, 0, 0, 0, 'tD6sa2MUJZbTvHuhYnb6Xw7uqkVFThVnU1Q43CYNCaH8RbqPzBWw831zoXfiebF8cvdg7c4KmLSeXi4wU12354Dt1SLg3rpgWCx4PBObmHqjZuPUvSXAWB4YtQexhDNe'),
(995, 0, 0, 0, 'gli5W7hjOHDOctIIlGjihogLeviw96Kqs3vpaNIZvmNHPwqbcJtu7KgmgySpFDP7GlxR8fQDBDlraLCmv5RCQ7Z6GRwmvmucH14QgUuSyQjIBV571WJS4JZKBv76SBjz'),
(996, 32, 2, 1, 'CnqThVLQL5zn1Eu2BeVFXUqyqxEi8XRLkiECdqtYv2mwGQzh4uX1poAPWe75cZQxhuavVDuqFQXlGxDL2BNrZngWCo1PnRmFmwah9FIPvGacdOYfpLHp8YlLmmAKeWpB'),
(997, 0, 0, 0, 'Dmddl84E0pZfsplzS8oM7lDWjIYX5QYJdbWyk1dkrczTCVsu3RgbcU8vC6tIXrsaDoIXqWhR8RKLMdfQ4w1hq9N3ggMdHeolD7i33AVcrFXdTc4XI5e9f2dwiZK0e8lR'),
(998, 0, 0, 0, 'fDVidQvFwsTpEXnn3CxiELPWLzWZHhRXVMg9CLP9dIySFWgJyO2czR8kq5k8nb5jXlsA6hJk0icGfspNhrZQi8bJevRBGXVEinfpFZJGiWmxpLkGckxvsIeHe6iV3dzm'),
(999, 0, 0, 0, 'nradMRZf9RL0DCmjtxTpE8Ocq5ipD2R0t2dgTdv35h4JTq2nYVMC3AOuG7TjaLkEOyUHLqLRIQACgCZexMRBnG53OZnYLHDzfyh0Y2SGSsj94ioC5gdsWiwKiTJ3AmCP'),
(1007, 13, 2, 1, '94FXmJk6UX83Qo73X0kZ5qKMs9PhEDLOIrM5b6b53k9UJhXHihGnHraaA0seEe2nFOsQVEWYZ6TInQpG854Qwe07ftmTHohndJd8oa7ng05ERvkZBoP8DQfSkBM203pe'),
(1000, 4, 1, 1, 'vTghUIl5wgz7O8jBzbLogbBaESZap2lUVBcPkyVQOuYDCiect0BKbdVQ6U1vXmqTYCIiaE9Z97CMpRZTRAD3OzUUuVqriQkgs3zDIICRPfDf6D8YdM22lWWPSmhbcCrF'),
(1001, 0, 0, 0, 'wR1z39svlXvuBTLeLPgrv2g6mA5O0E9xwb7zkz4GxAa9uWnfMEGhHXn4ysSz726DdecyOgelRpvllSB8xipefNiOgbnneu0rIc0wtfSkEnG0gi8NAx2QlkEBw1YKvYce'),
(1002, 0, 0, 0, 'acLErDZ61G7iYg6yO8o9t2KZ4IKzGWNR9ywAcvHebOwa5CITL72eaMdevYOcUC33bAEn6mCib8sgLb9wibKtYYHtWwFR8JUjkzHqVjI6rbmdmwJFIt8GsQapmQguAbNU'),
(1003, 24, 2, 0, '5LaSKmfFIG91papzrTNyGsiTozMQ91WfM67wtncc3ldtvD2WxPvdiO7GnTxxUtNGAUd3ipgmKtPf7RcEHISZwZGTSdrNHeuh9Hlr6BOQ5D6cviRc0JcxJSqC6SpN6T5f'),
(1004, 0, 0, 0, 'hAC1GBO4hlPPfcLBFhx4M16cSksPELIVlkW1WL6e6W3l9PWO7uTTvZ5okyeYjWUFhQHeCNsIKv4Tl1HsvBl1ArpUZESjANZSDG6fuyYe437p4PRAqdB0E1VEFOYgBX8f'),
(1005, 0, 0, 0, 'Efv8NtnRxuhBk9cKmOL1QGGwvEN6CVlgaRpYkMQRh7tBgGmDu7ElOkRjZEpBALRLChJX4zPlHjXXZjAuqfPfAHyzlYaVK2Gmjqkn0aJHtGFt0gYrvOG5veEQcPMXRtkb'),
(1006, 24, 2, 0, 'G84aDy9sSeKoic4y4nfOMEVTT5QPxzIdIMnmlxOdMzC4LGCQ4SEQxzKqEAgbaYpSLNe7k3k6CWboDOeHGSxdriE6SVi2UHVFu9NPd7WQ47eHVtpBlXPNftU7ocajT5Yo'),
(1008, 0, 0, 0, 'THwp3NuUvyKh1vhNidK74hti66HEY9BSR7iUUNPqlzHm5Y9ncTvgbZyh5gW4pyXgFfbA201ozJKEIT2UNxbYwJgC0dGpLDGrTR1WR2krM56uY8oMGALcj1PkfvK09qr3'),
(1009, 6, 2, 1, 'FdNAhi4Vgf93avKnTCaNNouPOhZcUBLzOza6Sf29uccFHX2BzdonBTcqbbD6NoGCYQIQ6KZBWcgE9jfJwE68yiyKubQiAwUynCptno5kAlYKEetbTAjrTSco42GFzAdW'),
(1010, 0, 0, 0, 'dCqB1vVBRUmv8PG1q0tjSFHXInChYQectEOuaJ61DsxMieOIei17XJ5G7HX5xbi1Q6v1QC3u4AgnP454n7clQh1XYZ3wbmx1t33jF6NKH47w9dAwkMRb3S82Rcy2y541'),
(1011, 0, 0, 0, '88lOe8yVcFsmS2SdPJoTCxVtKuwjABlIJGwYP5T2KmoDogQeZf8BM35xyCQ8ebQYRnWHtQJdc7RBnHQnWYZJ15gzI7HWiyVaWRRpIADVHuw5cmt9ksTmxaWfhEczd7Ja'),
(1012, 6, 0, 0, 'ZBzHbdCTI9ZUws4QUXds79IoNUY02Ia1jKJvYmoGvnB1PGSKD5cLeU92P82RQdTaYCFWZ4DurfwhVo2yuekI9uLZCNRs1KC0niWmmAROPo5LM7kgmEZw8KwKyndA8QAw'),
(1013, 0, 2, 0, '8xSu7KiX8oIVw3cSHcpPWVAviN6rEGXMdQglAzjJX1Et4RmM3LC0Hcv00BrEipqwfHRQhazeceIh5449QG9xSFxThZxzoY5DGXuX83bliTCoYHxOnGmflU9DTGciFiWl'),
(1014, 0, 0, 0, 'fqioutJNnmbl3IaqpwGLqPokvBCaTzw8ZOxuighFCs1Fbb6BIMm8CLt8m5jfEPoEDV8VcpBOSDu3PBExn1GZN989frpUgOyUKHPW7rK04f3UQIreK7exhmHxN6r4U0YE'),
(1015, 6, 2, 1, 'h2kp0eBY1vfNQWBJJZ4KHve8Uwbo9yxrASRA6sy8XOVOKwxuvCfd7um10xpa5XBGPshWVQ4TFZHqweU2QafYEB0F9qPfnrVdUdaP3fJIfq9LF4Nwe3uSFuxOVn3iOZwJ'),
(1016, 6, 2, 1, 'cGygViZaI8WncKUqOojtTQhOel72kDMxklNgDMqlVnJ78DyW2RpVHHKV2RYnuKVP5I5Ivw4rTOy1r6XuXnpF49B71Auvkplq8q9EWe5P2ERuKPYIcnohxZoyzT4Ujpls'),
(1017, 1, 1, 2, 'Z4NoOSm3Zx2YRzfa0XbeILQivCH6X4KX9ymYqI2qg5o8EEiFBuUjgKCLmjRjoBgy9CwAly0BDpJi32XFxSYNCAyYUpii1zRbcnMyWM9AcTTgWQVtJTgluPkpeDIgczrp'),
(1018, 4, 1, 0, 'XeXT07ud0ntWeoqXiHiNwDcLgU1tutSrHQkIXPWXcpUrOlo72HVyk7kB2m5wQXXxOigL7dJkDELrZ9z2RuAcCVNFhSc7Q9FEsWqA99UMNGeNQNPHiqTUlHADAMKrWq5o'),
(1024, 6, 2, 2, 'Y1qTz1RoR5L6wAGFuwYyCZZtHrro7ao6cOZLPRaHXVOtwv9118zD7y6P0yd8JCeVqeHg6RY3NMwkiFmjOVWVu3KvCYDlASg06YhcPffD2MYlskEggAbKEWfgUTCuLTvS'),
(1019, 0, 0, 0, 'mwZvFUisAwgqk58Cv2xQJ8tkUeLQERf0new29OvJlLaFQjimlQc5YGpSVaJz2YApd7smVX6hJhWAAfXV5913QqWLBFlDEV2S2ufYslfcDcNdrK9xUaAKBxwcdRPSNSKP'),
(1020, 0, 0, 0, 'nZOPl32YfPcHAmeuxPf8mMlAEasr3chqc5gy8iwo8J6I5kdCatLwf67ThzkkLCKYH0wQi3erMlaSFnvPQhm6nt0E3lZOXJNEJju2nJua4E2K2yATPXZdr0SulRjiB6Wl'),
(1021, 4, 0, 0, 'qroNbSYfx10zzBspysD0svuOmN6XU3ikvG8Gz6W67XFHy877BK74fBSCpYAj2TExANdaUag27WKF4RMGBUKRwCuVB4fDYUbzHoJCzZEGVol0f8GR3qIz3cuEhKhfEsPm'),
(1022, 0, 1, 0, 'RyYqxC7t1tugBb8EBReF3JjltBB84quVYsmw5tZ6WunyFvdhmrWqbfMEQnMUOhQMJdjPHjVENidsOqJbSGC3VoIMMvHAMynvLGktZg7MzkfoLZzEFbHAzqnlV5WHDjdo'),
(1023, 0, 0, 0, 'ZyRZOZMok1M50lJFxrg7REtMJptmIHLIfDH3CtsWve2vzLb6csd36GQP6kcO1XxgBekdIMad0cJAYUGbnUetB5jHpvwqs4G3i1h1NsfOFYoDT5OgZ3KB93jyyQY1UF5d');
INSERT INTO `info` (`id`, `player`, `team`, `state`, `cookie`) VALUES
(1025, 0, 0, 0, 'izSGjjLnQIF9P7v04zUZnKDmb4uo8Fzqfs6yLSWBABLqJhrNRlNe5qBgv6FDMf41HaAs2w4D8P3R7uFYQtdWUPdpVS3H77JOhjhkQlYYb1QiwwhmZvjUkwjfomXvuHkL'),
(1026, 21, 2, 1, 'LNfT5K2thpQ5KZ8AOEeXul0XsKKYIufthumnepRwOIByHK9vontTJtRcdBaV6qpnUMK9bCF0khz11Jxq60jQta2HMdCSD1gyN1IZDoZXFzYHiv7pwrfZCiGpwji9lyI9'),
(1027, 15, 1, 1, 'jCpW2vIJsSi56gtpbWVCBrWBFfQlzZiSCIPFdxoFqHLwXfV9bQMNiIoYYfjxeCqRkfwyNVedCZKAeGKpxwcPeBNcQ7K5JbW4qtCeoQs1PcB3SltpSFe6h1j784dSf9WG'),
(1028, 24, 2, 0, 'lZ9ge92U2A5uCGB5odSSLJSaOP3an5QI50Zj91dbCjGeZhjovcggV9rJYuTlAK4FK3ZT5c5HvLWv3gTysaOnjf7hK0DlKH0uLZoRcuyIfvdjL7RehGCBWJSGJw2ud2ZZ'),
(1029, 27, 2, 1, 'O3Ps3bpQ2MUQSSI3hFb8pU5kJCVovUTjXJM1VbSXYMNRFvVWb65A1aVLNQ9jL3CIMpKHBCFAots3Zn0au5KvgGg4xpnit01fqLX2nCCM54Q5sQfWW0rdGHhe7FwAGyQ6'),
(1030, 21, 2, 1, 'eTXWUhx9ho86AHg7EMZVCAC9RjfkXr2bk08fiGpz4xFFfWNTIMOlnrueKJzIbBUvC2LUIauNIatY6gRP3Gaq7EFSoeAzQv5sxRng1R4K1yI7OAXSg7ioMXhbcSL2nRvV'),
(1031, 0, 0, 0, 'T2empiIRLwlf1Mi9OABLGAFEuIk7eYy71Mtq4ciQJD5LpoUeYwZF6EjAnEIBChIE3c48pmY8Z4UptOEskD7rir2F5KgI2Zm5cqeBMdKMiEcLtQeNtlfMMhsS2JA4IXaV'),
(1032, 17, 2, 1, 'CBDLbF7fZykuX768bWWSCkcddEcbDIrfj40uK8KKG4eEckMngJgT3s6g7isK0UZkY0PJ8AuOFIsR3efkYvd1Xki5CLPDFPYEPOnXoRL3AeVEtaYrGbsDvLJ8wyMbnKPc'),
(1033, 0, 0, 0, 'MEDEeBYBJKZPrL0lflbzMhDO7MzJ6zxSdaxsMw4vg4lIPl45HgEtxhiE4SobsV3G6B8S7doohJ774bcLrQfY8yDcq1nSXrz33HVaVjzd3Gk7RxTjo9iwIVJ8X71VyAYC'),
(1034, 0, 0, 0, 'iUNeemrh3MpVjjeHtwebsXkq5llEWkgfe3tspUKtH9o0sDIW9X7CVr30NoEKIUZXXtpnnaQ5jf5MSOI2MPEHhHI46mOOhOMfhbDFluKFJQsBEaDq0i8h0Qm6daVuYHKf'),
(1035, 0, 0, 0, 'TnUfREUBumc9xQAx8IP9zbfMmbhlS2BMqv1haWTFi5PQWqo59deIpuvMFN7yPIkfelxpiq4BwUrskPxt3MctgHfVumuk5Ozja7IsxN33Hvw2k3voQIR6p72UtwezlOSv'),
(1036, 0, 0, 0, 'VAYto1w6w38R7EgXm73Mf5GICVhXJatFLr89tFfZIoRP37MqfPcuVTdyOvvyGYdrqlBT1RTJfKyjSkJ8aVD6ORFDmab29otzK5sLWmub63uZoe8z9LFYClBZvM1FbvfW'),
(1040, 24, 2, 0, 'zrdId9HpHieXIcijoonfOcjK3fHEhlzRNNz0WhqEzFBhSTBgiZv6bOQe4xTlTtdGgMHc48QDNsVFlxWDwrKHgAVk8PG1iTIyGpLKxCol4k0pRW3noN5Eo1YwQEx8ygHe'),
(1037, 0, 0, 0, 'AIHw4cIbgdaErjdB4TzGebGKYHqadF6OnOlr14DhhOVJ79kb3USi6y24gseu7liv9EXaIAr0onJvx4HAZAS68VapnpUvKd1URY4AzwAYUktrpb1pLTvUOFkc5eIQrJKi'),
(1038, 0, 0, 0, 'IPThltfgOJHdVICGC8BrOVET9mJB6uUOjN6FhmV55Dj0lWHY4iqSe4MorwZx0UmkHs0ZPV4UynVUkCToVjg9o3yPzxnzsJUacU91QdWpBRjVudkqwBAUE8KdG7N8RIj4'),
(1039, 0, 0, 0, 'Cs5sG2RhUbdpoxPU8qPNzA1gHOozwHD9aJCQLt7GFl53TVY2lOPVoQb6FAFciims1YiNrqt6LzaFu9HQXwLlnXr3x6fPpBhrzAe11I8MiisMr9DpGpK3mc6UjmJIX19x'),
(1041, 5, 1, 1, 'tMv3kd8W81StBidE9Qh9eRCkHAtVBSo5FU807hXgjPJV8XzhNQr2I4nqEQlgJKlpEupMLm25cM0kJzBxq2z97XzLOU2yFnXjRn6DJ8IVVJgEiRbJULS1JrNxmP51c2l4'),
(1042, 28, 2, 1, 'prI9Ar5val9tclc7749QvXnSMtTZve4VGM5gdaLovVRIh3Qo7ZfDWCvJ6oJBDNxjACzONlcig30y6QWeQcRNPnwVMgxq44JEHjsvFENVIOtPFq3vCVjrjQn56UvaYfPG'),
(1043, 32, 2, 1, 'U9OdkPtdwmuwBxaIQGrTky2rH9dpCt3xCSKWHe9eADLbbWU2ClVWUXoC7C1J55hHX1EFfOTPsF1DBWFdiAacyzPFbQpgVGYSIDyYrrNT7PxILcW3N7glG51RWr8S76LQ'),
(1044, 1, 1, 2, 'wsiO90OpzXgylhhFOaV15ce2erguabsHELwNLkdkhuTDMaiAldBqqPtEgK8rVA9AlFo7ZBrh5kURvdrQr3hRSKw9vEArfK1BppIp0aG6vBY1PqRgt98lUEvpj5QzQRbf'),
(1045, 8, 1, 1, 'hTEi4loAXnBMNs3gCbCwQ7WadMK3EViVPXeUiCug052Ny63aiGH9NDj1q4440n0PkeKDReTRjWFS2I2koKtcnNdOShTSFTHZ8sD0GxS0uxSwgURFElR285Q0nJT2DB2M'),
(1046, 14, 1, 1, '3GNJdGJHeBevw5abr2eA85AvPuxt5Ag8g3RtKBbYdqtJvEVXG9xOe8j3CRwHsMPIQHcAiozvO2fkGahnkOczWwCyn9fPW5yNMKo58XBX0RhH2y5mmhViNyQbI61FbztY'),
(1047, 30, 1, 1, 'kR4tPFqQxHxzfCWCURUHqLS9RUP3ti2Oa6iZMIQjqnSG0OjUGdC7ZuhQp6UToWHz2ZzPIp89M0QNP9HvnkDmOUde077p4OY7OxWxW4HJ5xwUHeq4y3qnYEBYLJoQynXm'),
(1048, 10, 1, 1, 'df4sgZfWaM0L9UxEmSsux1ijssuZCdUQtYjJYzG8mGUvAraXjDsREKb7dG6QT0GnZ07XzN6Vu0r5sB2MeuDTfO0tu7jo70M70T5zGbvacWfEyiqNN4G3THwnOPMVQy3Q'),
(1049, 0, 0, 0, 'Xc2FiaPQl3ip1HoTT73hTY11RTZZvWus9x8sIXi31Bt2jSWcZ0uSYwUQpUPUQkm0SusAsLEtm7wF0tSZtnSsTNjiH9cytzyl40WxLA18HxOI1GHv3zXXmgf3psBT1af5'),
(1050, 0, 0, 0, 'MNo9AmxLGiY6A9FCphMRs9ZQXhD4ZhnL4MUE8spPLoVlxAXXSKOkTOaR5OW55kQ96LOeed4ZBZl9Ai6t3VNWJYOPMKUS4L1bxPpL3tKFt6P4oWyrRloBkdr7XmZ271dF'),
(1051, 23, 2, 0, 'RDqV7bABhqFGme8dAxPUKg2IC2KK4XpWBPRI1sjiSZZed7sNEhIpyL7aNSVSQkOraF9b8tu1ttgHBIvg0dFzZNKNFFFvZtW996liAPj3jzLVigbiuRStECgjhVPhpLqz'),
(1052, 0, 0, 0, 'HLnswG1BTdbUvdNhlNXmOlH7GqaH5uZNfnfM4gnXuzRZMFg8seuhzcogCyYH2YuilK4p1rmv0evNTLWm0rEAD2RgBQXEOsW9c1zesWJtaeh40er0F5Bj8tzJjxo70khd'),
(1053, 0, 0, 0, 'lRrONaiYoA3oOupuA1NIunrOUPWUae8w5zlTJDS8dVw1qWw0XjIsGahB0dwbrEHxd2qXFj5TeCVFyrFwLoZsyg3zuAKVertsuTqacv3r8Z6HqMebadDJuHiYh3TwvmZZ'),
(1057, 21, 2, 1, 'rQgOvod2ZMjKN1hvS8R7aSsK9fSUIXI9OZYknbmnYF7LHphzx9HI1atbqm58kOi8NgsbsPyrvGcd5uMDDulEFOP5aVdvJvDxL6IeWhFrXSE3mrGZW2DBRtG2oUx8paFb'),
(1054, 0, 0, 0, 'gpatVdV4d2LDOZPZdtJHa2Fs5zZAWZAdpKGlYCpbEaPtaEsn7b5idKLjkLTgKttaeavcMUnr5cUgRnEZyJiMu36OP05AuyKIJgUvaiWguRxmeblNVDzqHGewGj6aSRSB'),
(1055, 0, 0, 0, '7M7i53zAV6W9ihWeVwECcT9Scg257VGeINwNR5nNcjWuBSIxpnaBgjutzxyGsfVa3rYUxlIJFEehxWOWjYxzi13RzBy1QtcTVaOsvwcbbqsIngEGfbgxdjoMVXOMq0Fm'),
(1056, 0, 0, 0, 'buOG11ScrkVPBzwQLMnY6ML2JzOaAuwLZls0mkdOF8DgH96sWur3hd50NTbnoH9n2BopWBeBKRRs1YVXtm1KA6Ln0WKpDTMGva5rMj3wbVYcUTangb8QiTdjPYItSv9n'),
(1058, 0, 0, 0, 'hnpeE5FCXkGjMniIpWjgq0iOUQWk1Cvi0VwF0chXxYgjlz1Kwl1WmkLgaIAbk6uk2102di0Kgh3BR5mnrojNI44SMF47LysNzsQNKQy08CCZHYm8mGW5K0YxF2FrB7eb'),
(1059, 21, 2, 1, 'aI7ceHlwcCgCYsJyuhkCvxoXVg4h3W9eFgqTYMqaoHNm9wVENggjNFgIVlZYi9dXpDQnpgxOYlb7R6LFn2ZaHgTCBTBT2ORrsIPSZnGXIR4AYQflSevAupc6iO0lCRM4'),
(1060, 24, 2, 1, 'zBWyZDvHvAhtqxOjMkThK6n2UonxfaBPMyoLcTtHuKaViZe4k8l4eI687uFmFhcsQAe2uHKYsUUKU8Oeg9iuSpDZTimzzy1q8fsDXcCp7w91FXfW7yqZX4YRmkqWTsm1'),
(1061, 0, 0, 0, 'OTTfVjd5dfNTJ89S8xz2XyDJX6YIryefr8vnrJsFZgzIoIAxfazdIdWGjVoLtC1VLwicfKRf0qXp9yXpIxCrLy74uvQX8SSTpb5FVXUWoRmxpjW8QyzB7GGBbxzkpsdO'),
(1062, 0, 0, 0, 'jlihj50py5Hxol4laIJBSYl7d8W5slFLGX2023qA978ysdTDVCfNBAVPIRUbdAWTxZUA3kbdrkLUxFysiNgTncJ64EhheebMe5mhqxvSShMpWlSe898wlSCqwTHK8Swm'),
(1063, 21, 2, 1, '9zRsAYTwSr3nIaGdyieQeK4ouR82aIlkhcMRbGo37rrQC73api1E262wXby8TUsa7f2iVrm3SNTvVXFkfHZiN1PLcnT6imhpCjIxK4BDSv8NsO8Iv70i9P4mdYsvlJUX'),
(1064, 0, 0, 0, '4Oyda53b6x5ZYNboxcItSYSjKBR7ytJChhQsnUEurJtpxFN4SwyKvq4f2VmAo6dFn48LYMfpvJP2oD7gaF1F65V90hKpnY5L2dw1ZMruvhxUUEb5kcLriGAiXlIljN7m'),
(1065, 0, 2, 2, '58MGTTO4v0EtvvCdZDoGRn3gJMFLmu6rCT8wMXAiYeMtJoHJ15qTtt9cgPYCk54WYdtLa338iQC2ekMgpc9SFj5W93yt9Dq8QTT1XX9gNMj265iwhspXMuUVyspH6PPW'),
(1066, 0, 0, 0, 'wOjhORA0MatJ2wdfC5wpHBJmfHoGwnq3cJk1AV1n5v772knFqU47wNuMuSt1gT4sCpudkwBp1Ix33VJtPNBmA585XB7eucG7BblWHXlIFTMIOwcEjN0US9ZQK74fjLnV'),
(1067, 24, 2, 0, 'JBk046EAM36ECjzXcNGByAPScXBCxlsgWMh0SVBEZIjC1TzdGfPeQE72CJF947q0TH1MDDrDlLfmEOAk4qzV4GXHqCQuKgvDYxqCaRfwCuThjuCoUbjZShGiUxMEOiiM'),
(1068, 0, 0, 0, 'QknK4LHTd2RG4xyFOIglmTi1qQiiYp6PKtzOfhHtjz9o6I4VrkhNezOEp6Wow2dgwM4L4MeoloMs6RnxcElqe94Dg01N2f3z28k6UzvgXhI486CkLXKZ7PDoPFbSUfrX'),
(1069, 32, 2, 1, 'nM3ilyzjQhnZo0k9Y596UMuKrGDlV4jjRmBcVbvMsTMRU70ScaZ7WuRnauJ5z2pqp1Dlc98E2UwX2xQeHPmDjd1tILziOZIe0mzcvIRyDnvFUlUBagfuthYc2yuQxd4x'),
(1070, 7, 2, 0, 'z09qYYbyp6VQwcQ2FzA3gNj70RX9Xk1xkbYj9aRzhMpNZfQEPrI5e1dfTaoRuqpOBn8Lx0kONKBM0rrPSaV7c8m5iKXMbmBMJKygKS4xDGkD8Ls1Vo88wudPfaCrxeeg'),
(1071, 16, 0, 0, 'MsSVwfLHNb186lxdljMboqsxxSMUoIYabQ5I6RpT2q29MAm8T9jizMP7EB13k0dwQjeXbDRd4TmQtIZmRiEr4uyJ6AMrA0XrkbpvPgITa5KDOJ0G1F76aGQggDHRDEiY'),
(1072, 0, 1, 0, 'QHuFYcz8ijL63MN4rUbCB1SSEAJif2h6KLLIYkQgECnHpaMR5XtGZmzEWjXclei6Z3OYoFe3iCKHMxzSv2zuo89lr6xNkPUkTIjhoxlHa5pWDYP80oCowLJYShMd6GyZ'),
(1073, 24, 2, 0, 'pRhOoCvzIUvlSktTJ6igR2fKj1XpIvp8mGWLjsk1nQngbQ9UXsaPupzNrwda1Diokf9DIuF5k3lvTvqRXAGs0fgsLuCN7Vcrbl5TQKZaNlGHQ6yOHehIuxag1N39IgAU'),
(1074, 21, 2, 1, '7VsvMMKflVc6zxwhIycidFKWNP3IHSxOO0kAN4P9Z1gzzNRhl3AyJlvwbyeSrMGfM1PA5FJ5HZFgMwy8A8HjucQGL5ycRfrEghemXYrEY7VLDtTeCBy6OoMAtlMkBeZR'),
(1075, 0, 0, 0, 'bsUmVBSrnXaYRqmfUecTVdTuKj8kPTy1lsnh3gIrdTp4jMkd1w7WJ1rukAO9tnbOQy5TPOl2HL71xrfyYmvHnWcHw1RZo2OeBU8qIttqfBrM3Gl12QJqNV8jWZjk28yE'),
(1076, 0, 0, 0, '3H4Maycp9DccjydmpWNcSVwOVQ8YYHC1oHNzfZZpDcBXKPk9M7lE3RtYICXGjzIIgwivwhV9tx7emrn9yJOCBiBjUyZd7IWneeTKwOUZl1dItBS1kGDVYefTNf7UX3ic'),
(1077, 16, 1, 1, '0BgGVNhW7DBHJU9rbNP6DkS6CKmJnmUnYb4TZmQ6ZsNJmXaxK0EolwuXhQHEdC2bN65MsWTroGbKDmhomVMHsgFJ7nokZqwMxCzZysrW8CHMYZalVX3neI7l5wG4WdRt'),
(1078, 30, 1, 1, 'PqtoSUl1x2Nw2YRXVUlaDsvIYcNVqEpg4SEXN0Yl3MR5KJ2GDnQhQmZOzNJZr9fw1UtPUsaXe22ZL5GpswGiTG7stRrV0Gr2BVSvo2tD5wCQBjg4PWmIDua6lC2mjuoU'),
(1079, 11, 1, 1, 'DmunovNDU19QK4b3VrnbNI7ZU8BSVjAzG4W5AJIuLRlvVwyQXW2KE9KyilrdE2Ml6IqHs8bdZwJV2iL0eOLTXvrfRTswVfR2YhJqqVEqroluG7vVVgOSMg8DaAa6Q19O'),
(1080, 10, 1, 1, 'L6X6vPXySRJDOLAwSlAMoZDurT6ud4kZbh5H72f0UZDIKefDzQpXP3shWyL9D69OnevvhKvbJ8Uuma7W0xUQAm7xVSHyZQnn4SSmDnynwsSTC0PDxJt85BF0umztdWQi'),
(1081, 2, 1, 2, 'PIEs6cQCFIwiJlWh5qpb15cvsLZFHQXwzCZFOPiuyONhaJzf9Yqa4CGwoGc5w9C5LCKAs341RRj1ASgJQHUVjBrHhDNNNqSz3D9vGewx6PzGHQqyxluRWVzezn1nOUWR'),
(1082, 4, 1, 0, 'EfoZJThR0GrLNKtjfxvGT7B4zr8sEngiDEhmxyeyfFj3qNmFlSmeZXizor12OhlrWDOtc22rHmv89RNuJ9IJ60ivrjygBTIxxw1Jz3bgpHpzyc3ilM1sMjXeDwveqdMX'),
(1083, 24, 2, 1, 'EFfmjfpZE9jfj5n59blmSFjCpzVDkDjZjymCOMCtWVIf16kbhGxamRNLqIpLmJKFh7i6UUzQQh5Soq3G7AQtrEfSnEDJoopFvHMpCmfsElk2MnITYzmqeBjBgWlElKkQ'),
(1084, 27, 2, 1, 'EyI762nvUbVN69YaXl749p1zN1Q1RKDwjlEqn2WidR6k04uYqB2z148O5YQXJuu3Q8tdapwohCIiHdg8OiHQnQFtPvrzZVCP463ewADNdl5Vyl3nELd2BSvrnW1nSEdW'),
(1085, 0, 0, 0, 'BpcZmq6zYUAtfUm2lAasLekTXU34OLgqasqxSw6RrHlGBIJXiUq48KX6F1buMrUXTkuMRBEiiZZUHIS0Ci4L32SI33cQv7NoshbjTPCbPB5xkYyXgDJjFB2JFfzamnzP'),
(1088, 21, 2, 1, '4UxpITlwyg6FM1EcgXfsBBz3sHIv91zdV7DE1Ybzehe0jTdARs2s4Cvwje2sfCGbJjQKh1jvjywDrJdicfLgSgNbuPEKrkVbELWVNfr6OYJgIXyUcjb4AYg5OUQgfLsT'),
(1086, 0, 0, 0, 'FK9yALJpnPXINvF48pnO1qxGF7Q1upQaaZILLsb8i8Q5DwaLWyAXY7DDftEJTvT4vCPg40pm8gsLMCxIa7F9fjMuNreGW8KsKzIOz8bIoDubg2UraAApTmUGN8nKh7c1'),
(1087, 0, 0, 0, 'HVQh32ZrGuCWwwnG6Y50k0G893Sqb5sT0ja3lav1E8XaFlRMjXMEXtN6xGwILZBMiMQDWlEBuCM9YDVhAIWybJEIpbrba2XsPO6L9KnEnaNlNJDorzWDjBlJMMUXPSpE'),
(1089, 0, 0, 0, 'RAUNtNDITI4qD7ysrJuQ1zeXBKz9ykLqVGdptR7mzcNcjlEL49B6IQ3kADu9YfzUVNjpErMdDzqXV5IZek6Xa9hLNLUL0tFWhZlVq793Gz0BFJBT3HQeR7ZETUqUo6QF'),
(1090, 24, 2, 0, '5ke1eUpE0FnIo12dWh0cpeuPTzgzGfZMzdNO7dt7SQQhSTvPbw2AKwpE5GdLVcxvpljxzMFrDvJvpflAMnawTzbZgoLcAjH0F0xeNdFqJpW8FhIrETYyt9yJyjV9CC9h'),
(1091, 0, 0, 0, 'c5DU6Ec0mdQVQWQSKjWJkBcl2fVJONX0TAUZf70BkQxbNo4xH0h2BtnEIjow6lxZWsZbzZNUQk5DJ9bqastMWQqEaPbgbJf7bejLd6F3rLHbVSB5l4ShViW587mjRBr2'),
(1092, 0, 0, 0, 'QKN3Rt7jfPuaI6g3b8k7rgczozSfaji0464VzceO2JZKPfN0n87OoknNTg34Al4Er9z1mOQoxP8n5Vos4vgsQEgJVjNvFS962J8pyZN5PWtUSRmWnDodiFXdYLIEDSLG'),
(1093, 0, 0, 0, 'Ai7Tfwp3yZ4CwRAjadXHijLA1MLkM6mnpthE0GIyGMbdEMxOZuwiNhSO3E9QLveaZvOZcxyTjJ6XvDMu8iMWzFLCkUt5qHgpd5pqCXjWGpUc3GHcYt8y9TauOEzelQDz'),
(1094, 0, 0, 0, 'V3Zx0iuHIoUM5BY357Be0MIOri3M8Gm4KlCKE6smvm9AX7E2eghf3Z4ui7hrODvyY7jDdL0I89j6hX8vdqLgqPLIX29MFEkEMEh0qhJyq2FIZOddeZuEPfnNhwzXbUBY'),
(1095, 0, 0, 0, 'ySYZaHyBJdjJ1xXfwsUmHh9ZOIW0CyYbrWaBEJdnWw7Y35dAx8Wfq6eePbfrJdDbaOMOx0cuwksApGbWO8beeqt3CIvlW9x7XkWvk9ZQtsrT8CPXK1cZrF23oypkHWrF'),
(1096, 0, 0, 0, 'goaBxar0CTTKvJIgKUfcAigYRFjyCLdT9ouGyWHaPBVlkDC5ySh8bx72dqBQcPJmde2LaKW0lRmGvYL4Q2c1Ak4OKFEXuojICmtN6qOsia8N9TRZW41xo6l9L06goqY1'),
(1097, 0, 0, 0, 'wntiwSYVMjbVDNA8heB0mDDKj0qJi4iOrM6YF5Usp5n2SXaacMaypOjIPJs7NKWfx3dc87Fxd2z60KgcwqLWf4E4O7bBR7Rpb5BjchQqjqwkaMxHdjDsniwcpINhQFG1'),
(1098, 0, 0, 0, 'KikXzbnTBTdMGLtT46lspSEOAs5q7LrS3LPDWcwy6KkMvNFAU12kTH8t9eTh0ka46ZH3cdBiYW4tKK4FL6ZEO87Ym0fmlqrsp8wBm7Uk4YOOISttZt8NBfLXg1kCrL5R'),
(1099, 0, 0, 0, 'jWiZnm7qAVAuID6Xsk4PZB8KkBTgS4ab1taoPiOqdpVW31TwmXllyt6T50aX4l86OjuEBj4OJ0KM2EioCEKb7Q5cQfaVAi1pCw3dQ82z8NmasFy4jjfr9lE0BOVc7XBJ'),
(1100, 10, 1, 1, '2lWN0xuTeFvN8BnDBj1E93K7QxTomOJpaGdadI4snzgwaDaLXbq7eaf5H8t4Xdu7UIi8qmANVRk6vuStGiAVtP1bYufWIK3CslKTIlHDd1KIwCbdVM8oCazBFPxnAB03'),
(1101, 11, 1, 1, 'LhJ87X3dGv4wnSlGozue3nSIgvtBRH4CZOL7LOkskpZHhloGUSUXgNGwj98aRcNR0zYMojeIJep1zOHuHCsXq8tJiCUaOI1Ph0CFkRn45N5FCN9jqCgQLKA3mudbdf1u'),
(1102, 17, 2, 1, '6F1q2r1K6MI9ywUIlObnBGXYLuMXyw5Ec75ey7ZETHOreJazxlX82V7NqTKYqQDCXIRvQRaJzZbNIlnfGloJgwwGqhFQ7jt42lAScLBMKMAs7XIOj7xzD3g4lWVsfoxh'),
(1103, 1, 1, 2, '9kgoKzDa2b34KAW0nvvZXD0ZHS5jQHD01ToMt2Xwd1AYCwYZ2uZ080ZPS59JMMJOG8A9byGoAgncNmbPQbQYbPN4UWNGJwupF5zQEffewCqkYCaPO0NZPB3JyRqinVH3'),
(1104, 5, 1, 1, 'jLQhlalMkepCuAfe0ywJGWPZf6sAWmgf77xshTfB8FdCgtRg2n0IkQHzWaaTwq8ExG7PzmrI1Flh9cybAzTUpBulMEei5nWD34sDqUmszHKIUiTuSNphoTCayRtDfqgj'),
(1105, 27, 2, 1, 'PlsfyyhJVfzpav6BKFQfGnOoXR6UULzJ62YFBfowvYVFt2gdH6souhNr8Tl2FVLMXKsyZQ5uP19i3qwLwZ91gWsoQOrvJdhHXJgXAmspnBIr2eczelAui3T8RkDByVjw'),
(1106, 21, 2, 1, 'zEX8bsPkwediO8uyjmmJDeYqOVCUqW9ZB68MyY64dkn1sSAMeXvSbuj0pVVQS4QtbZgJXnOaHbc94MViKqbWUuWkqSajW1N803RYqG87SlhW8cfSDqOyVLSlD3EA5rI6'),
(1107, 24, 2, 0, 'jgBGrUztPZAEgewQ0xlhWcaUHtrvLGP5WqLolkRbksQAHmrHTNZQZaLGDcbpT1uQsgfNB6YWzOxhaZY4MYVL8HsLTDaNEFD7VSUxZStzH1QS0PWMNSyVz0HtERgjwUqs'),
(1108, 24, 2, 1, 'xJSMnDaePYcs1CiJFCq2gKQCGDExI86gSZ3fCdtscGUejdYYPp159RIPunndvtuntxD6L7yXNtc6Ga5vz6BIYkysHWGdqaBTIeZtlxr91EgHOmdosO6q9FTQCA42KFVt'),
(1109, 10, 1, 1, 'nToKwSR8mKPLaP5f7TkACqYytKzQ7t8vmwgTo71LRRw1HChOvBp82nGv8flgIuL511Yq9Zb0QI2yljmRVLZX9FtiUPzDjkIkmGLvGWwxFy50SsRNeQKowdGq2g4mBMHX'),
(1110, 13, 1, 1, 'OBcZEOJR1Dp68COSgCW6QKIO0cjpeat3LF2ptLhvpHByjqqz2nGT8pH8C1xQb1TXHWnbIFG7miFFI6fLtWEBlmKXohOAjIx0EVcmATuWbaCUgSFKOjl9G574nVEHDcHi'),
(1111, 0, 0, 0, 'W3rZFjuPEYHDHJmuHjGaGR8XsB3iuNUrRlrwFVmkU3YCMk6uENFkENh6olpT9jl0FMxkITECWCeJXleB8TWNGeU5zjZJDkJi7hCPbhs8TGRR26sbZoZGCTMcdLVQ6F8d'),
(1112, 1, 1, 2, 'WL372vfWc7NedgqdEpThjFtwronx3vL0hO7jjngvu4KIkbVZBPgUvJrW8OubkfbB4jUnGbTbfETzQPyrEPm9yN6GCASWQ4xUnsh4EbfTQ9tGZ27DRtNqhT6UtZQj3odr'),
(1113, 1, 1, 1, 'cZVIz2h6agZE7hGTt8JPa1NDzdMtdNxpNt8mvqtGGtlOK1Hear3ltRZ34Lwiy3IlxQI3hcJYF5Mq6uEhVICozCsEnYWW2Eizv1CNdmLTryjy2YPXGsmg4OVsNSoPxGp3'),
(1114, 15, 1, 1, 'I1QVoCOQa7oc5eaMHx3LlZd8RCYpjns1pjXNVLE6T3iZhtMY0PKmOYuGAs5UQyVfRT3NFHTzKcy2Gl1GbL20JxGk0MeQka5c390JQUiB7QDNcEtnqwn933u4QJUbT0oX'),
(1115, 0, 0, 0, '9oG0jYBqPfd1THokeLthPYlGHgRBggyqEfqXe2o3hC5bjuvygZQ6XcMEsEgJUP9z4AxjCVnTys4SWAqdzgjws5bUKsEEhNemoMF0H2TgvY8ryyF8OYFh3RcOjQsAEHW2'),
(1116, 4, 1, 0, 'tB2bEWr9VzBu8gCXeiei9q6thz3Wg0YKC1VgYnqTX1o5i12wjhPtIVW0v0WM0VwDWsTVPkPMldSEfVaydZ2VVYVqYScZNJCKbwF1QvOcIGQXC1wP1yKWxGnvyAvmk76v'),
(1121, 0, 0, 0, 'zYBpmL2DSvvSMOlXkvmGozgVH0HXD1Wc0yBmkEZc9v5VkqSEWfllOBgvBXsfZorZX3lhHktRQzNaZGPVVahJLxenuGCu54t27OkP9NHZmuamaZi59zPV63iBKV5QZyT7'),
(1117, 0, 0, 0, 'EMwuhlH01xYDzusA3dxATV6svBOPIUlnHSRYdyYf6WSFrlguzN4sIbVeMJ3vEpSliJkvijKpfD5HZlby8g1RrW5eG9JkyBGQl0mEj73zL9hLusjDJlubhApXJ8iiKY95'),
(1118, 4, 0, 0, 'ZvKjDOToXaasDu6nPAy7bY5U7ndRmmXmSHFvwzUtJ5Wnz2KoDivOgBJnYWflicHbUnHqXCUGHQ4gSOEv6ajnL2LKZ06idNt8baz8MtPukTKcIpIOA2cm4X64Ycmc0Qkc'),
(1119, 0, 1, 0, '1UlOobiI52UNsCC2EOoJMuOLHaXI1iV2cgQAs8ixbdlDQXFvM3fyy3kgehZgAUiMb8nDhGasTw5KtLggOvOnz9EOqD40xnNIvalNRwfL2lvw6MMVhBjRKXGaALb88YQE'),
(1120, 0, 0, 0, '9cr0JHLM3hi9345lGodqmTBWFM4NLVsV8UVRBHDEYWO10UmHiA7FtIB9vGWhCpcLj8CUPgzNcoPdicUBM2ggKSpgzmxcLKX5Sz0HQzv3XlggybRkd8BY01fAnMM9wJep'),
(1122, 0, 0, 0, 'ndWw1Dwo8GLiG3oQDdLKh4m2ZrSZ0M6o02U2GrqO8b7OfvFTJqD1vZ3vrWurIAQJDLLkcb9kng9DMOwwf9xL9AhAwL2fmSY0DJkPVuajLkWy9t4pCCaLcrlJdoZzgYAT'),
(1123, 0, 0, 0, 'HVJDpUWafSJolNNYpXKCp6mCumcLkMF2HoF7jCiyv1WROJQeHAR7HeJbBWXVICYq0ExkgQSLRPDGztUg3MoL17WC4TyMvxdwbLRsBJesyR88k3ooQN9SU6vY04LvBZ2M'),
(1124, 1, 1, 2, 'OtwJK9HPD5iju2kVmQ3rWTbEmzQ0wn3kQA4BJLrnQJHkM1f8RizOcLtzljARHDbxef9Y0AmRj3b54reWKOKWzewVx6MfKXMYdVXewj5PnhVrIaotY9pynWtV2faMdXLq'),
(1125, 0, 0, 0, 'sIHOPzUTugD9islAsgiMHGoxMcrdCk553MUTmOMR4q0nSlXlCg7jWvRJIjXlD3qGQkAc9m3dM3BFpz12P8lMEdvmwsIav8RmtryCNCQAGrg61h9QqvC5I8sfAap6jgsM'),
(1126, 24, 2, 1, '92o6WiQSWAJgxlTtpMuAWEU2FhPs1WNaZcgWu7OrIyHfTBJjneTkSOmy5c079Oh80y5uFUVotDDnenGBBzWuoj2uv3BERSNRrTm6NhugU8D9wkL8UHDi0FMwJnaAgYsH'),
(1127, 24, 2, 0, 'ngNhbp0kRo0e5wbHz8IBAobjUSpSF183hWksmlNdJOrPkDwTLfumDGFyz5re7AipxDRTYF7ItyyOc5IYkdkYT0xs6ZHdz0C7Du1C98kDHTrTYaRjnbhhcPKiOrvor7w5'),
(1128, 0, 0, 0, 'wJzcUqVJQCGKTIDsqDqlVf0w5rQmSdypX7BSxxBo9i931MvsqWNlbOShgJD8WcyUj9MRHogQHpTIcpbCmZYyNQP3ztcwFKrZUeRBC7sjwm2IMel9dkH1bx5L0hiG2KGX'),
(1129, 24, 2, 1, 'YxzAF2UcpXVbbgkoB2pNzuyAMRgPBWNzuna9p5lP2h0dylC9o2WXxvyjmO9XLWwfkHpJMLyO2z2AVFKkHGiecQyyEHwqE3GYK5IwQhlTRntN3d7KUpY6fxFUebkTe0SY'),
(1130, 0, 0, 0, 'KCLjsU11i5zppJZKA7nB6M5LKNUu9wlT86dA1fBjkbJKUIuvQS6WEbHpZCT98f3hlgRmvtGQEpBz864YYbUDmC2meWvnbyEwPwTkZzbDZNd7Th5StZwQCycQvHeGgTd5'),
(1131, 0, 0, 0, 'soTPtQkjmzf9jT3o9S0yKP3tvdmbCab4z4U3VenhOCr8wuwGnxe7miBSwX388fdHj7Lem8wbLXjhsQXPocXKvzD2xGaFVonfv9uSh032XnkpeifCudn0N02kHd0DBoT7'),
(1132, 28, 2, 0, 'xnZPn3RlrbLGt0iYeGZ1H1mpfm2QLWYjjY8H1Z2tbN9FOrE28D4PFqeUNhLzdJSxH0eJZhcb5lQTNuWV81KNrZIfhtOucG2UGgDGyPSDaJxXduSmvDaXDScUm0pzHrto'),
(1133, 0, 0, 0, 'PfS6EdNde5hUoaeYDcjHjo7sUeUpPLvF1nLFAyTPDbK2mY00ajHuIPXD3R2TCxyEVjkwSdlvo5yK3yLeSsIAiFdlwgf9ONNJ78fZlBvKH3vLBgZtJI41nhnUxC3lpR5w'),
(1134, 0, 0, 0, 'ZlwlX15E4BpGRp9B7eCuw0o4Csp2jvzjQ5EN6JsbkSRch1OpfqTLqiP3Lf55LFoCK2qRLS36KUj2V7rbylXZEN3p29uNOTqzVQrHIuOto8vkgXvOitOXgRmi1R6PKwoG'),
(1135, 0, 0, 0, 'kJpwkp294OCZSgKOqfWTlxYoxRHdJl435uAqUCzZrbZksJ8SY5MkDLIaDpnmLsqQX0gRDPQ41PotzxmyC8SgUAqx0OTLgjBdkS5XHW1IMqclYyTBHMRBmh8m528mmKAG'),
(1136, 24, 2, 0, '2y58BkJwzT65a3MQEDykAzJaKjXcbqceZimBD67cZehai40XHzhi81sTlq6wRjLQB7seeAreOJp6Np3vYlN7mg1HG7eyqZp27RhlrIAfrZmfpqLoLyw7PxPvF3462t8a'),
(1137, 0, 0, 0, '0GS8behMVeCGDTQTIqEwikWaMl1vQdfQT7Z5mgSivuY8nP26fGDx0AHMVJiMWxDQFCV2TNkoijxF8zMngpVgZC3VmlHiTl8yY3ARRVg9fNPonBMD1HU1kYWGjEYc07LY'),
(1138, 0, 0, 0, 'bmQ2i6bxU0ViCIWDpQFJOCq8gplhw6fHt6KLcVj7WfpyXlcmcR61tx9KWu1tBha4nUQAQ9HMp7lmtxJFoQGSnQCjlEMWWX1jSRTJ1BvqJQNcowSNmzFKpi3KWQHSOIcG'),
(1139, 5, 1, 1, 'IogR9hQ9sgO9IL6NYsoDeVIbRMyeCrnlQDcZU28njXw2JDQH6ekl93x1P5gsxDNng0mb3vynt5pcJfUQuebDiIE8OVBlyoIOp50sAzQ3FfgovafZprDIaiQYdrkLQ2Ag'),
(1140, 8, 1, 1, 'kfsGUE5JefxOoIdxyG3jIo97uNb0vBLQQdwLSCu6R2VfL9NkPQDyeNFJARJ6suWiIs3A5yHWBCcmMZHBQk947POIGxO82KrKduki32eFFr2rrJ2h3bmb1aTHIHPKrguE'),
(1141, 14, 1, 1, '9tPydSSCBjg4rwRScbaHqbRszXGEwSAFlqdzi6bUprZRYQJb2TSs4KUEHBjduUSQk6pCcAwC2vu0mdco75RcPMQwoaKS4DIoK71WHyzJ43KqhWPo1GBRtrnRC8JHLr6v'),
(1142, 0, 0, 0, 'ezKKUlFsIc8fKt7cgz4Aac1LcoZS53RkCB4xWJZFW8UHB1TRAYsLatwnSwgXz7hcJlKG5Jl2SfJthDlRBOCMi9aaGr8fyqshLcYRWjTOzDiQgEIStkELuPVag3qPtT6f'),
(1143, 23, 2, 0, '6573o0RXDaOUPwMiRr3mhZwx3XmxQtNXzU0XVSVz3JtSfga7HetZd0whXTOOnBLWvMUrEP0HztzPJKWrYqqcqXtnRicfTYbpK6QoWQ6wkGl4qiwpIWC8U5wMnJ1hHdGr'),
(1144, 0, 0, 0, 'jxQgnWMIC7M3qis8f4h9aOVyxXQfawHu4xKruwa7DWb3fEcuJuETiAsQxi5IPMcTkWlOsvW6s7aHMmbvRQo9qRZYa5GZRSTbPf0hKXod4yUQV6mMXLWnCWmM13MSWF4L'),
(1145, 0, 0, 0, 'U43F2rS7ZNYUTkHR5DeHzBuAEgtAWymQDpwFQpMQcKL64sX95cRFOmgsCJ3yhppVOWAFlmvy7gEbIClOPduDzK5ct8LLybGm7h2tEx1LOGXxijm8wQL6AQj4Z4QyfxVn'),
(1146, 0, 0, 0, 'FVxJbBtVoNeY5WJrVBZyGwOppqLDkwP0rnJCYcynZMl5J5wFGvdn21Mrsy4N4UNwiw8gIGEIt0Nc5jRMP49R6Wjzunmzi95AFeRoUv6owUABeso3xxVEufdZDzyVIEvo'),
(1147, 0, 0, 0, 'SmNNSTboOM02fo6MW2qqhEqUdYQWDllvI8jA2vZQhZTxnZkk1LKjpbdD93zNpUj83CJ57IWpIPW5OhqQ2b9smn5wrFjRzCZDeIImrEL9uIfjZF92QjucGAI8f1ZOEYsS'),
(1148, 27, 2, 1, 'Va1p42PjhgCIXfQHqNIorWk7Kou5lP9gZbG3dvnvL0dJg3qHR85j5prPNVV8K4pJg6NtBbZnbc6rgx98GerLDSBrNxAyCZhS55lHgk5sxcUNJ3VqhmcVfNm3lWBXWTP1'),
(1149, 19, 2, 1, 'qB1D7UxCthgdaBGkyYIDEng0YWXrUWzlyAYFvvhZNycY9SiIQ1mvoCvnztOtqnOYYNEtiWs6vE4FxmoonKTMno9WSYqimfhk2WNlSgroVv3sSrQfcJ2z8bw0aWjwbARd'),
(1150, 0, 0, 0, 'QzAU6HzBJ6aWWQpXssofBJ24wKvm5MAWlaRsSr3Bxeyu4XrxpPN1zQ56ABsGn3DJdub6WfIttgXydo5DeSFOIKUjmn0JqDsE7EL3TtxnJuVXT1B8UgXD1RWnfW6GzzkH'),
(1151, 24, 2, 0, 'oNlizd6wjdjlyqfPoARJ3CKgvFNqMOWbChtbvAIPO1bmsrcQ14z4GklcZ8DMXAXzRrLn1tcPuncWPpNQtmVaHgnGo0tmAqVsRHPTa2IFqVCfkp5NM0Ytgl9FlD1W3XoV'),
(1152, 24, 2, 1, '6Dxwdnij9GsOjFsrW3yfxVXBhSWPHI9NlHkz4CTdil2C1v3XyCd6ybHP3EFKmOyIvShzvbNNwPqykuwT6JZFUGuYk9JHYipubH3GSRupHUX2otVvcUa7BF6WPPDN83ij'),
(1153, 24, 2, 0, 'EpffCyIrgQdenIfsGa10Uv8O8KZbcMFQcU5OtOfKFtY2bevRpwSk108aK7mXU1N6WTUqIaanD9pPnVGNry7tzfEkn0hh25nZYipGsz46ItV6oCUQb1jLhX5EYnV0siZq'),
(1154, 2, 1, 0, '8ifO8s6xTIpOB2iLgmSffxlcCqPf0Hs80IX8a4F3N4Rp7aanw3DMAYZcpOspvVyvDwENAjQnoIMvTXTp0wbAvaNUZfkvaS1NoFAZYrnnaaT37Mt7jFIPPvJPL4kWWlKl'),
(1161, 17, 2, 1, 'tw6CeQqWvp0WMlodfnpjWE7WNgvfOIqhexUsnkoTKpPxLeK0BakyPruCI0SwIjOXQJqe4P7OeWm0a70Mhlk7NPJvPC2yWQvMzW1DL8s05P0gW13emnl9d5F3IHBEx7r7'),
(1155, 11, 1, 1, '4Dh65LKUEupiCzvCCaQWu39sqjX96KkaoBgtm1n1vNj8mPLZ0BWvE5X5oVeuFzF4aWxxXUztISB5Hm4HX0cC5aIu5XYLwDPHAnfxiO10GC5oZa5XaizgtiKzfIlMmbtW'),
(1156, 0, 0, 0, 'C0Nro9vyRxZbnwd2ufwFfkZrZU7qKO0mONOcXkKORK0fgdhKsOqH9p98jhy45zrUnf6kzR9rBaGSnYCQM2xWsH4MZDQ4chYzw5U6W4yyefqBd3r05ZWyH1kGEaLRrJqY'),
(1157, 0, 0, 0, 'QIIrYmTjNSwrCeO2fxjhGTMYDNHX7uLXdtpbQiuDa15MfUOvr8M72y6FmNDtiorvSQHJ9bmkcs7smWXO4JW6i2MEQp79OzEHqmqzxNUKg1dDXar2Uo9crVRilZr9y6QY'),
(1158, 0, 0, 0, 'shy04sLkuYXr8pu3NDgfz7xU6Y4E5VDxcbxgDiB7hyzqY4tMHJ1hRzbXxfCCbfanrID51fdiNMILRcxzVzQM82KGinjtDtQ4buacJnvxadj1pRAlqq8ztTfLgyeT14Yd'),
(1159, 0, 0, 0, 'y8qiwVPG88HyZiTqJ2ZcVeXbNb5Pg42Pcs7IoWpx5655pZv81vkWKh8xtdnJhqyuTFdhCCOHJTN8TjgUOARzSZ7ldu4vUCZNid4UQTCzNqIGJZByAs7ssfOFJSaEvarO'),
(1160, 0, 0, 0, 'nwJdplNdMvTwuv44Ycxqrl6behPJrhxPNg3dCRrpmkVRQZWOcteDPlO3CEM4VkUJBXXePoDcJz3zy0nLuCpjXemzS9ENuyx6wuklSYxBxBb6CyR6agq8uMHmWmarUHxr'),
(1162, 0, 0, 0, 'BePr8lf6ciOIxsze11SIIxbsCh73nSaY6ZpelFlyY9hvBQKCRClAaw3NOaQb30990zolfJUdSbJu1t6T6sugYx3NIUYLU8VVIjhX2bbVmUponwhuYMKXjOK2JINDRJzz'),
(1163, 21, 2, 1, 'Q6rIjErLNhHyIcHeLcHFg1VSo48r9rA0y2IRG9Dtrk2awJoiW6Xd7S5vWdX6Ex6dzP4gZHKq1MBywZQs5OFdGKIDYFJDdQQNFU3ECN5EAGc6G3yLReYyZHcXnVABMror'),
(1164, 0, 0, 0, 'G4jYI6MdnJOAMOkzej3xnAztrixGO1Ku53tOaf1yZQ8LEskSMnp9YZDpia66bQBgU454k6CjWL4Bept0MT9KSNabYhh97Sq2Xv7hCJAzvFaJ4EJRyTCrHMCF4TPcLgeJ'),
(1165, 0, 0, 0, 'Ll0o5BXAg8jlM3clXOMFBokFhaR3q6McrNAwoy6EGq0tucOs1A7DZsigCak2g6eHTPeiokX4LXyfanIbYPOXh7dUhyWyEbgy1uQpPOtAL2QVpy7ooVlF3zzl7wTMIakJ'),
(1166, 24, 2, 0, 'sr0uCd9xSDdwZ8zufuEgELOGkqcT79bAAc4cqeJiRXPR5ollSZBwLpd5QqYYzaz9mEmMS65K3UB9iXubW6IHwVNnlMlVWV4jzr6rxbcB5NKoKezHlhpRdcezYAuVvze5'),
(1167, 0, 0, 0, 'FatqfdlrC3iijzcFtYn1dKG5MO1QbLzRW3hbhDCTGVc0voFZn30ANHFzvHqHsZyp3QAkudea9qaEOQEbTEMHmrgS8GzBG80KZB4tPjDZJODyFhKzWwgjYxb7dLJUUKET'),
(1168, 0, 0, 0, 'mJmb20aMPOlv6543ClmBSyJ6ks0ecF7ypuKrvUekJzQPFUSiffU8NDe75fmiUuQkYBMuv0OfAE4gzXyPctX06c8brutmZkGYVssrthG3WLkwJTlWmjXsv5EXA7kzs1yo'),
(1169, 32, 2, 1, 'n28LPxo5SD9ukyBRqu5TMt10c3GYVAuiCD4sasx36Hyqg9iGEnArRBr4F72BIxUkaYNlrkox2XYi7gYLEzcwbEAQLDrualOkkBGLW4iY2gh9xgVcP8I0MjRyWi26ERrZ'),
(1170, 24, 2, 0, 'FMAGe6eMnmbbaKXZnKz48aloIM99DZsjM3Z09dNxAYIKIGK6qjazuwXcj7mX7PgTSgU2tHz4GiOoYzvpTGYncWzw4WtbLJ4EZYGtGfxmymLxVgWOXVc9SLGWH97tSc7S'),
(1171, 26, 2, 1, 'shZFaY2fJENqF3cAjzxQcfimlrKISHmlYl19j3p2IctngFXzeuqqKJN5axO3eapdvqnPuMScZlAf1yPg3gHNZuTa1HegREun4RdyE5LDrmTtUJJX0rLZVEaXlped3IB8'),
(1172, 0, 0, 0, 'mZJgpYiBiUVojIm6BVYTWBKxLuXShBvEAfU0ddBw8xUrghxRcwL98vHT0EMifhWQwQQK4rgcZaDfrb6EISOQnwKoawGqODglt75xymKxwnNYzUDhMr8aXTy8pfzeSPzm'),
(1173, 0, 0, 0, 'XFUv1E3y2QwBLaTxC1HzUgIkvhyo78L4NFAOkEnmvUYg4RNGTvgOLZ9hhIGpQrtE74trIQNeKMuPEivyNMmzLwQ2exr5YVK5ZdwI3kXO7rDLJ8jxVG6GdXIruaxt5hz5'),
(1174, 0, 0, 0, 'YBUcPmatCyxkTMHyQ43rMGRQwriuwhquTlHIHRbjqJEjwlSmpWNcCF386lDCD37wpOf6Frp5a4pGph2PeQ1Qw4ZCqCf4GmB5bQcRhCXrGm85EbUS2WJy1Jasmqw2N78Y'),
(1175, 0, 0, 0, 'YlPfXMHD9QIO1DG3AqBB9M3vcAy0IHYG2OWZBECKulyvYfzyGbaPXdkaNTavA9cCY8CzMekhATMz8m8PxiEuwZFjSQPt016YaIxWXRexL06UneJUwnp2m4mfVcJVdPTo'),
(1176, 0, 0, 0, 'xrkujz24z8YWmHRT4gWrliHhuqcIf66NxriQ0kUAsSxPAoIEFE60XNhreu9tAgh8HzYHTThmLPbmdU0Sz7TwVbX9F7DgoUo5tnNng5J2UVo7Pp0pwTVs4TBK1f1p9puD'),
(1177, 0, 0, 0, 'Mi02nK5hGtpwSpVpjQRoJt8KIaaSzEvmXwpkhuBXY1uQqpgJg88ZBhKkrVc0AInxeMRwgtueuY5UnmEDuMD64oqvjCvUlSrzFi6VLAafygaVCPz6CdcGCCbWfHQBAhaf'),
(1178, 0, 0, 0, 'B1tTL8qxfPLe8Yoa6lFbFOMPlmJHRTAtV3nHcNfsD1GLZ5V5qBh5q4VLqFtiz3Mu79cjXrLBssnrxjxYUO4lS07iFABfDnJKwW4unP5PishQMOOHDT2vT9OzJpOnMy8j'),
(1179, 0, 0, 0, 'ucOR2UHknYa9NZQqSSWL2KkLa89WGhgbt42wYJQmI1vv0lWSeSDgDX2N6bJNs0YW50s4KjqtkVYkgVcuNQLqONdUYXHrYFn3GQ8rayUutTPKO1fCS02GNgAMeiddXBgE'),
(1180, 0, 0, 0, 'Izc0gHIvP9bsxz0swYGiNjdrAuVU5CwNbJNsqwYgF9IcIJFfHmyvFLWggRbluH8GrW9Ss788hRl0A0finON2AJiQBtb5bkMCgVuJ2DRjudk5dAoAobDYVWOxq0DBkpeA'),
(1181, 7, 2, 0, 'K23BFcLK8ujdZ7wtSVQT0i8f01n93VMOXQqD2bnbGHoFOV8HQZARhJ6iKusOpfDn5308enjU4HATDJBtIbl0VsiGXLum07K5bKdp8wkdeU7RDIlmUHmP9Fv6r0tr8exj'),
(1182, 0, 0, 0, '0FO8D3bR5KtdoB9BQ3NcziK3X4WmepHe4vmIzyzEj3RIE0ku47HDpsGmxDJL2q07WnPvVo9fs0X61hB5pjIPMpbk3V65l6cit2OprXETYC0ZUB4jVN8Hdk2gf8lBeyUI'),
(1183, 10, 1, 1, 'AI71FMUEoUEjwIDswMaJ6cZmklYzUShvBpwhbrVAmzUTixmOjwypIyM3UKCODUkejQvvir5F0ZzixV7QrFgad2d7NQWrKgF37bzqCE6DEGWbB323JidXlr58h1z2if5q'),
(1184, 30, 1, 1, 'qEQ3jXGYDCafGcipuwmPXsYfuyhMNnce23hm1XlEAvTgHcFcJ22Hu1WYzeLmCYAE2S13QmIqRCGzPmMypPfUQbTpqEM2DnHFfIJ55rwX4cwTzjrY8GTZSMojqbl4y3JO'),
(1185, 16, 1, 1, 'LsUQUqNZDkScEkbN15MURbdimzmVC6JoyDet42sHnlU1G6OHbBC3MQl9pI41OOqnsEQwHje4F95lfU3rvGviwRrVzvXnknLM2BjJVxOAHUWXO0okGUCcL38kz5ITttGv'),
(1186, 24, 2, 0, 'T9YSNtGsl0Bf18Cwe5vAe1YH9VcLILNCULvIfbaBcMQdUtK9yfJNgHuqDHblsYYnKt5ZFgAR2r5XUP6t5QgmxLMbsYwVXvjHYoHDFiuHKAEFqL8vBpR9aEkDCRyzmShl'),
(1187, 0, 0, 0, 'CtKPbzGzUpqgUUPrGvqCwLNpA1ykm1xZuiPGRwfMVG3QAShgoHTVsGl3ITo5UV4pdT55pkRk0VaBOsSc9L8BstFam3ghYkGceLhE69Z74aITCB5LmdnPG3036gl5B1hQ'),
(1193, 0, 0, 0, 'KQf1ZXLK3Iw4AkKQcKyM5HDUvuopLSIwJXxJViuY003BlOsyy0lDHYyctXCeQlLzjijeBNdBNgd94FHCF2gm1PzuNcJDxudQMw4njiZ7ychDSYgx1wT2mtxaFgOcL13y'),
(1188, 0, 0, 0, 'NzuTJu1OEJHglN2H1qxItyLAO6Fq8XgVwLPgfQ4TAMaVzdDAEbi8J4IxaoYjleeR048fUc9vZkqyy49dfrlYw3wHru0NJfEJjNZd09JZu9y3eHgt9BrFFYn7snUcCzWV'),
(1189, 0, 0, 0, 'mV9m5TmA3UDhBUKLvcrbbOiDbdQOMMK9IUwNNSoQM27oWS9s5ADgoWUA9KoWw85e2B2QtrGgtOEpHNSMov3NrYnBILxfUCuXexNIYuYrjCR0qKNOfRBHPYiyKQNFtiCH'),
(1190, 0, 0, 0, 'PqqNVofe07eqR1f7TQOIP7gAY4frmS9bizYeXesYlHpdJEkCv9kkhAVfEaH03RcmqaAop2nKJMYsqi4WsogJZcZEmGFpxRLY2mnsoKd8xbBYuFUW4bG4nFJKmoaUgVTj'),
(1191, 0, 0, 0, 'ihLG1YPy9qwE6rAaChfZWYJjnTeDP8X7pIOqHEZR4wvbX5lzmBzjzjDXdSA20yapgZQYDQPImkTkqfUNQt7qMKnZDY2Dwd3NdTLQJAz6UtqlJk8AOf0B0oBDnDhTRkG4'),
(1192, 0, 0, 0, 'esVY2u4XYuiHPrhDGieHGPl4tCXkXEpb6ka9Pe7NJpvzRMcy5rfMhAQLdN5asvmzPxJELQsvgX47KhFPIVC0vsLJgQUImhibO1QzSi58g9g1qVR9Qt9mVU6bL0U7hdi5'),
(1194, 0, 0, 0, 'y8VSqV0Y8hB0fSxhorkLVRVA8KNTLQrkZncpjcost0sJS00hsl2ocYZkIMeuDFPC312mdqOHqhriiszLNC9ZB8kkVzPzeEciFeFTEtB5L2o4uXPhAYhb7Cw2blBqZNJF'),
(1195, 21, 2, 1, 'pswh3COHJTqArN2KJtGSiJmfglrOpLjPdP6grUYbOoLfcO0VhGOzqaOGwguW1NLfDRw5LugzS1P4QQ07xPHXZvDwM8sOWd3z4zEQ4UqXWf2M62UDRBAR7eoTmQHi4LR9'),
(1196, 0, 0, 0, 'xKHJIWz5VLxCmPyCxgPTKo6u4YqextC5ekPXgp2bazNxom9WCZQnoXRtWiHtMkz1FpYVO07ZAUwZhGWUGMh5K9yGrgaeBKfg9dcYejYOeuOvbKqSxHXhQwYiN9xpTMG3'),
(1197, 0, 0, 0, '0S2fb04qvSWGCmz93wrU3pcRyKgswWwxOyM0yRq3JmKlIjvMQWGUmTLVD1naXTIMsvM1md55APrj9W50TMUfGFbkHzuFtdrVJeW5s1b2RDl1Ar1teWJUBUejtJYWWpSF'),
(1198, 0, 0, 0, 'dtAGJtmn1DVuUpFrj2btYNyvOFB5S4Z6xzNg39D4NzzIYe9iglLf9kKX0m2Tr2ZYCMfFWTJKtissxCKOXw36RO4Rb7KC9JBLwRqtLaeetGH0jsPhYSoPHsGTzrvJb7uH'),
(1199, 24, 2, 1, 'nICXNnaseeoF8G3oBUFPuFZSWAwhIkP63s3QQei4tHJCnN0ZHFOckN5hnBz6VpdYRhPHv7MZPwBcjBb1hZdCNjUbUthQSvPKNEsiMeiBKTN3vZ4NZiqMCkXwOfmHKcrx'),
(1200, 0, 2, 1, '9cM7HcHCD5a1wDsIKAWWtSTH0bHU5CIfPunwG49kajmHWPpHpmDTexAfJh9OUR4Jmrg3wpoHJKoGzOnZa1SoysDhKN6EFbo1CE594tROdfuN3SMeTEDs7hKS4QxK1VLE'),
(1201, 0, 0, 0, 'OnT9O9U5mhLgoFCEIGeyPAOWw50xvi3jFWtu6nAsElJ31mIK2WjRw7O2cOzI7C2MzvhFSR8xdRBedjYffi7MpVOBJojQ1lDARUfKMohZfSesbdHrvOdUK2wtqQkrcY23'),
(1202, 0, 0, 0, 'TiNFG5FVYTna65BCUPwER38hTtJ5rL9k3WZK2FF0y3aF9Mh3BOIsSQKLjtRLf05iX52ZKI0jLbYUXgYz5G1XxMJRfACuAINyNQyxzyQkKPfH6egbVi9s4SkksXP3FDBt'),
(1203, 0, 0, 0, 'ta03JRotHDaNSrZNK8gP0A9tyZweC8H6iI91AxuhbF4374QSc6HdHRGfQctskbyDTHEtf9LqPQtXUjP6qwj7nZmdcQGw2eaVWOpbYaBO05LVoA1P7lWuljIxao4cDe8A'),
(1204, 21, 2, 1, 'azH5EJ6ohhFgnjfoaeqOcczM34OJD1jNA0SfKZD2hjjFDy3NNuCZHbMKfAuSBNGcOzrzy5CPpVv2uzQi3shKD4uTEZMfNsrC1TbzZOpoKUrfthxxJPhnTMgxL2Nyvfaw'),
(1205, 24, 2, 0, '81m70eiLHYz6rgJYLh85wALLF8kWT5D26Za7esSVrr2TILSt21yzBjlgsGdmLRoRRyZ51S1tj3n2PfvSg3sSnN9PtmcfeA7596abYbEif1k4hPXyTprhdA7GXjVbT3h3'),
(1206, 0, 0, 0, 'mUnf1nb7UMYTqqLLKS46XEbPuG8mdhPAbcPdz1ktOjneJ90u15AYJLNesWBGeqgqC6Dc8YGXh3b1ccweh6d1S1fkYQ1chhCUog6xeMuwQGy3S4h9bva3wqouhpGyHjs5'),
(1207, 0, 0, 0, '0B5IV7GKXjaeYr9eYRfJOGpkrXDJAhfBTkjPs0ApjKDhbMv9DLTsrjNTgqDQISsCcLrEL135MHmYuS88D2A5lnYBOBsxtUaGGCksEoxq6UoAMxJqzkwVIuww6Z4AUehA'),
(1208, 5, 1, 1, 'FoU87nBJhWFqFyFqhh8bcOqXLK2oY2SEqNMxaohrkWSZvyqNQyY2npZ8a2w84pMucz2nXjPigIhLgHy7gx9DW8L6ahffG2JTCMgA55SmO984RHb7elKbtwhENxTuzDob'),
(1209, 0, 0, 0, 'rQTCvxYpactVgO4FayIe2CwniPAE6TjyJdafK9FVm8QCWUi7t1mvDSTVHuAOnTm77wmRG2M2aDE7yWe1YAxBsrxaV7Zi1lq8RNZyPMA0pf7XclZaWxLpYiATqzcrUDzM'),
(1212, 27, 2, 1, 'iipXL7tfuKAdpiCUxy5DdWkKsr3ifwZxOovAvYPZIqd8JP3ho8UC4emxGpPVVOsKcYlIWbHFBVOlLRC9ZwL4L8BrxrmtfPesNzaKKSqmNeHy6kI6QuaCCM39dqDtgRV4'),
(1210, 0, 0, 0, 'of5k2JWxwEzQ7u6mhXLztJuVL7fQm9BKoG4rq0ZXFyNN2T9kRUUlDpgpwvfSERD3yHvZIvWo3Kb6DkruflPTK6ihByagqNkZvPYdlUCoENvi7WMniCg3Izlk8vByjVxP'),
(1211, 0, 0, 0, 'Lw36qFv5s0nAXaXfNejwNEQWasuuo2j9ymgZ1L4tMs4KC10pfjW3YMZ8fuCDxVM6i35jPaNBDRlfTmF8FBcDocMDHphel4lD7rWWBJyeBUuugaDWLPza2mOJL5X69iJh'),
(1213, 0, 0, 0, 'bN4ZIkiIFUYJPkKtHPrM9XfOg9QaBnoMbtLTN4CsZBbPWViDLJpVHFKXPA7qYvdaYZ3M4Ge3hqSdmaR7Ug3CWNzMoHdmdqwbqAYugcyyDrLZCC7wTa8QYICmpPICgfOH'),
(1214, 13, 1, 1, 'ttcrn1kzo1bEP7sdlonC5SAGfhFGtYCWsOnPQIoeJATzHmM2KaEQ2exhwcYZaAVCpjsf2RuLrnl8K8buiQll5SCB4ABfbxRBRjRTamFCK1Lu9WZsNkNScquh16wdDoPv'),
(1215, 24, 2, 0, 'Av8JE0lFuvettprimadoP2sVoZFKvqC5WLPBMaggGuK9UbshmFGbI8668MRDcuI9gxK2I1jpw4zrf1JBGpNpxTvGFnjSS218AMbjNuIkyhLOiuqZTdpr7V8NirGbuIj4'),
(1216, 0, 0, 0, 'uuniZ6CyoomHSNGM16e81mWkOCvikPnOjK7jRKRf8eW12DO3J2bKp75dKAw4pTTJE02wLULT9HVblJe4MqPbyUpivWnUPgDuhG02BMWLtRWOAbTmCJyaDYt8UQ3K7Hfo'),
(1217, 0, 0, 0, 'ofrZ1nLveIkPTebwXKHBIaKD1Nn9vCxTSZTUmEqBmLqgZCMXmty5EjIG65PCImvBmowJ3WkqHLGHntEKWdPBxxhDD6gmtLYPauydqSE8DkQ1NvLKIAlf8DTMJa9cV716'),
(1218, 24, 2, 0, 'BAk2tYa7i186wTRfudvDQpqzzzMuGOAhoVkRTuYcv6i20ahvnM9dbzMK8yfPmQ7LLrCFVBRrHauIkLdHymUKWHv4gKTDB0onr02nBUPj4j2o5g5DCZoyGTDWExAfyYDZ'),
(1219, 7, 2, 0, 'uATltT3yKeFX4qUUJkjt5VvK14gsKV5fvYBZREyCSdAXEuRnObRT7mD8rTAcOFskE3kwHS8z6IwLdo81A0UHnyQOsq0h6sBLvVicOrMVajGnIPoiPj0cSQ1kh1Boud9Z'),
(1220, 0, 0, 0, 'jD5lxH3DTjK0IYuAqFD1KiWeuMRB9j1sW7OuOR8HaSITRcuiR7kCqgRV3Iwc1xEYEtsskBavuSpl5UEX2Yztfroi9Vubs997CCAXdKtHDT3INIFQGfjWGHeQDJ15Sbdv'),
(1221, 1, 1, 0, 'NNt1yWJcPNUDvAtcQN8xunn86odZzruneYoNU8ZKVUorvRDlEMS99fhgEvfeWKBbI0ZD8Yo3TMvoE9JjVCs5RKmwgCKdmlp5moIun7ygT3FxcoQ80jdS4zpkb9yyvYER'),
(1222, 4, 1, 0, 'WmmSFhsWMFdzGiHSRHgxBBu4LWEbsNno9KhP2KLOqZn6h5Z9NfHoRbtD87OAVbZ5WgUY1GMrFaxXfx73NOrEZUh726IXiH3eXXcYEYpk9XipupsidTWdOelQk3OCKRRI'),
(1223, 0, 0, 0, '4RD8wEUOaIs4bRoAQvfYBwcVjjqQHnkLfYULCOzNx2SITgiJMyIo4UjndKeV8zHnxB8aqHYXJQFC6YmTw4hAZBYdlc8tLQQjrYtSGsPpiv2ptoi0tABsbzGxMO1yFSR7'),
(1228, 0, 0, 0, 'DOvkJezP1omkZsvhKP81lntXlXp0JrfmgLH0ZgP1FblEDQWnG4p2rSZMQpNzR2W7ND7MUXOA89eM0aaHfzJHsJui9hS0jO87rgTmdIWmRb8SmizBSjik3NDc4vdojlvL'),
(1224, 0, 0, 0, 'P3Ht27Ob56AAv3SJWPWL3iBomp16hSP6VxzXEn9KuKkZNdJK2Gv6Y7ukwvrOnhUjOuhtSqdmbymYL5JOLfUJmp4TUvHiMBCB5T4XkikvQGuBLeqxtkgPJlIERqXE1zf7'),
(1225, 4, 0, 0, 'sj5NBpjs6N4R1upuOFky13cSt9wvJMDc6IZI8iaf6e78IwDxcX5d0i6usDZbpCovlneuGoJMCQUlmxTyvYMvhS0Jv0VVCjrYHFtn3caG342pCVY7UKDbDDV9DQ4gavfR'),
(1226, 0, 1, 0, 'aIfeVpUYuWo6SneM7RXLvTU9KYpUuFMFo2TjrOhVLG2D3gpb7nWDhQM1PcWkRIZfKSycGQ8rxa5AruLzSHc9yYaoa6I2PHhAAQMgHUIe5NPwiA6biikQhvfrCXurFM2f'),
(1227, 0, 0, 0, 'RlZxNOW5kZvNoOOSoplAZ18MQ9kv1bCSwCqkrnqLmVzLJnD8NYJNZRzP1Tl25XVBAlW1JmM5hlQ1Jt9wsTkrKThMNCPSAKua6qbPMXV4iM52gfyI8SaTMrFz3urDfWNm'),
(1229, 0, 0, 0, 'Bp7P73bYfkRBDqdvKwQOjt0nYdLhzg3bFa0NecLtwC593iFOOvC7YDvXRheqxhBdsC0GOMalpfvtyahnGUvFx0CphRPP8r3B43iSQsefIKJhV1EBV9gtaSSrJIhSakue'),
(1230, 0, 0, 0, 'd3WvMoHXnVx0ubrKoRxjIeO1UqP7rLaFO6bBuSzSN7Tiik2Gbz0UOOVIfLQGw0ml7xXCpwudDnvWIyDU8DOWsKFHvvo1wKmDhjgGQKTt8pqQX3K5Gz19jGQOcePIYcmf'),
(1231, 17, 2, 1, 'wCWmnPQvegmcj7h0Gj9ZZZObeEUcRgsnToJgezLtP8F9fX9VgjVfiKrxolJfCcDvAmLPWxiMGYWVV5RbpMrHxSfVeYbQbOlLb7A8FTUmRQhMW8YlVp3siiowhAmspIeA'),
(1232, 0, 0, 0, '6dOaaQzpaN1PhvRj9aiC0Z6SaW2UVBl1P9b00Lpayr0PXS962sJ3rPVBLXvGzRIo1Up1FPbdgc3e4cl6E4a6U5HF3dmC4515Zq6EgiSwuWLy86FNbPT5VBLYP7AUdCZc'),
(1233, 1, 1, 2, 'wQLSfxeT7wHcQMjP0vfDs75mVIkeQsYniJgyhusp09CRVVGVrWzT3FgYnBde4cBmWSVdmnCnxeesaVoBRYvUEMT1n6grjSOfKKs785uFjJ8uEx5vwBqanjcLqscJk1Z5'),
(1234, 14, 1, 1, '4jEKIeYusvYF9IDvksMJEE17zsaR00E4jiP2xNw0ivGsdjXxLKhpoiwYLGQLGuP0NF2ksykL41dhkbP6V7wkq3ibJ8XqCNrpstKU24G66Toq4dxZl3jL6CXQKUhmHIMa'),
(1235, 0, 0, 0, 'E4xqJedE8Fz1akcRQuu2bTfZH2WHVPoATV0D9dhiTRj3bvV20p4bjja0m6HhW5RP1Rsb5KtYBM2MiXPimTuGdFGzMoRIuIyvA1HFLaEmXG9gDYy0S3G5ImFvLxefgMLQ'),
(1236, 23, 2, 0, 'NswyCaVAR4Qu3puVsb1byGGjdUztHkkuNR3q2Z0T4Qo7fS2I34UBKAVYvusdPNHCEL3HK3AOUYW9RZSV3MxOntNTXg6N3OqIztqkw09qZ5AR5tN9flXCOKwM1Cz4qZN0'),
(1237, 0, 0, 0, 'sdkZeuqeA16FuTOKeMm3xTPyvoDWoqWREhQTLh7lie1N7QxmCUpaNfIiEle2MaUrsLkd2szlGA8OrFb4zAenQWFuiUx45rwxdQKgjkB0VKOmpZqZAEnqB2VTXtY2Vuz8'),
(1238, 0, 0, 0, 'lkoEEZFzJtW9tn931xuCzpwxTuzOZ9WktkZ8kFI48EeB1oF3V9Gvzc2tHChHLd1ey1nSG5XPKcrMA6Pwgw2QJ4jrGA8sOaGmc4fS9dITp9GZgwwx2ynMDHdkhlM6vtsH'),
(1239, 0, 0, 0, 'fTEATkMMt2FnMQyuJk18ODaUWKaXIIdYBRyuclgGnW39NCEwXGFMjPGfARdjzqhbiPFvbWcyTfIHSmeQ2TCmJjBkaODJfVUyLA4Wxgvqwd8oAmfDgRZZaBkkqX4GTYeE'),
(1240, 28, 2, 1, 'yiA6y5w5jFtT1IxiAxhL8C6zAaft8u7HNHNmNkr6ZU01Dxje5BZed5NNf3hoxo6k6TGUe70e21fGzzVEaUSo0GcgJtEhSLBYEiTTqT7tVnauW59702v0IHhsbVJ3Hl2l'),
(1241, 24, 2, 0, 'QOEgkiKB5SH9w4N3sGQyzCHk8VZh3zVTnA9ISUkXM17i6UmzBc7bOOwXKveN4aGsKQaDKvAxwIPCCcbepjpe7VbRqpEvzlXkc8XWDytagjMTvY7Vix9pskgTJVojhmEt'),
(1243, 27, 2, 1, 'BO9IklSkKqk6DdZvbqWXavwBkf1SHkqi8A0tWTNHj8NWmMsydovnU1Yfg07Ykyht8iW4bKMvSzsemUMAjhXejWtzWBxg9PJh7Fmjq8OiIhx5cjFvBDKUzeuwP2MYRwgY'),
(1242, 6, 2, 1, 'uRKTon9R48D0S7TsGY6Ny0wFlBWIgogLg0EFnOwsXasQhliXkoLToiyKUusaTIW9JAO6plznw2dOnvLITxBiPa2JEvUyeQIXrx4RSEepGrd4WZMQwo8lza5eG0MUQuSh'),
(1244, 21, 2, 1, 'riCG7GfHCVIwBo1MZANVqMgVhFKkqScRbPyjvO07JIEk7F76gU1HGhCYXmjnfvfrkOKQCLXltBGBhOHxIJep1QoYdHmtdCUxqFo2rloUX5weTdLCX02ZRqX57kykWtSm'),
(1245, 0, 0, 0, '9gpABOvzU1NNfzqcAscrSawZu5kqycNItdi41ODVPrJ409hACt2uDyu7EPyd1mVuzezB2dwRFgWFpdg2HjxkS1swR1JSoEnXSXzUb5MQlIwLWNND6kYYmrudte6RSuPL'),
(1246, 24, 2, 0, 'rdM2I9lTyQw2MXclKiSdmvC7ekv1Mo4dBRgj0BdysKBeINAs6sGsYiAcD5dqtiD59Up9vDIYnjd67NydgeGexgqamEAQWeW58lfEZXCmhQtoD1CTfi8MzyXWdxN9LJfT'),
(1247, 0, 0, 0, 'wIj1CqzHQ2Qbpdn8gVS0SB2Mmfro5l7B3rDFScmIfdUErhNIcFI4hLRE1j26EaHIClouyLdNY7sqog8BVRGdDyRESUKx5sfHNDbmop9nwCOUSXwOPc1sLT7DOSaTkqA8'),
(1248, 0, 0, 0, 'bZSKcDy8nSxjkGrii2i0VzNzrfIbgf8se0drDLA1E7kYOMh6Oz6J8UjAa2MrhVTwW6XzSyBwFWutIMAwmHguBz5LBRcTM6qIcni4WTBBP65xSF4emkJYUOJwGWps2Pbf'),
(1249, 0, 0, 0, 'dtk9nVLd1RLUwP8TaRS4GCAmy0PBQ0R4ubeS7Z58RQ2oGbhQ3aUJMv6lwVWmWOqqZFi6FofwfiUVucLxmGh8cnuIir4efvFfbXmQmBmBUhwotiWQZdZbAtUSUZ7avMpG'),
(1250, 0, 0, 0, 'TCRsE7QqEqZRC9PwfiL08uE796phKunD7f6MmWd1mcSZmIwB0hB8MggVnFd7aBLiQS5dOiebv7bRPHsPZ4YLlfHIUVQ5wComutziLOugVF8KmBAmFz71OPJJKAOgccDG'),
(1251, 1, 1, 2, 'NXARBJ3hrwroxm0wME1FdEmi8547MmGzkhrW0vds1EQz1R5Nv7sJLP1TU60GtHgNZHJ0dWsfBjOCaTpF0SoMHqGBxHi0ozOohyouvRJ6axIkr80s0peHQUjnCCo1bcpt'),
(1252, 0, 0, 0, 'LOXgFHmQf5aGdb8dAnVqifNUScV3plxa9uqPcNFrSQ851gjBEf1XuPSm2Nqr9YCit28FQN6IDeOEv8gaoh7T7Zg9NHBXFdf8gnN7bUQO9FtFNJPb1X58XliL2UIH8YPp'),
(1253, 0, 0, 0, 'mDwxxmmH1PmPyc1za6I8r1TtVCa3A0sXDZublQSmGfcfsdOCjxLLyEeuhpySq1P40kflb8IRoV6Q8Vtsted2TswaS43i6Sn6dDsoMbga6n1ejuHMJUOCnlNfpQywJVCX'),
(1254, 1, 0, 0, 'z4llgCvmZxBj1i5KdTnAeaQE1paKlNIUS3f8GLuGi5Zko44BYsbdC2SEr3pMQ7GJbWRRHmx0sxkQBprARDNuFG87JxTAEzkPvcHdyed1LxRnWjYOXLiDsqKbXDMCd6sJ'),
(1255, 0, 1, 0, 'i9WRoaSaIKxF4vt2hLFJbpV93IMgPe07nWZL7SVPDtuIZXKhJp0VPW5SFR9u69Cu6Bgdtc37FxPFvzWfZXaPTfHz7R3d0FH6gXkK9nSPVHurhqGhnQ6h6OQdFTrFz9LQ'),
(1256, 0, 0, 0, '65Agts5oaAPr0vJomPFsDwGiq8YZhJPnPqEiTKH3kwvl2eJo4pQHVx0lFYkWIakyAZRtJyx342p7h8vlxm2sT2Oz19wJjRhTQ9nAHUEMX3TebozJLBbEEZeG8LpsCHmt'),
(1257, 27, 2, 1, '3OlIs1p5qgkSe6fltXxnsv0ynludHXvKLRteTTjj9EcoKrJdogBRMBp9XUnERSpDKSSDMbXWP9kAA3NZjoQ50geYaBC2u2GeVySHKQDAZXaA0YAknrpoHEmSgYVL0B0V'),
(1258, 6, 2, 1, 'DnEYGXml94XLNHLMZGPFESR4RmxwpRv2e91V6ohgse1fWM1VsRA6JsbBPI7eAChOLiKSG289g9pdWq9piKw2cHD2qLg0nyP9QA1xCaHTk67gxgGP0cRdUvfkgwlD4bNU'),
(1259, 27, 2, 1, 'iTJclUeq0wNgKSgGBmsf2DAT2rdTAGPTzz6VtlmtR9KB21iDnKTqotjrVxkwd9pNJwIcR4GIerkgsDUQnNgMhAdc7xJkH98qFQDwVjf9KAqddk4B8knpUBB28kmQtvh9'),
(1260, 24, 2, 0, 'sTvfLWFiHNHqzJSHBYGHsctrpZgVfYKIRgXDcDWTqEk0ncHYbnFEA9508lVokG6bW4O8HL28pm8MzPLLdqpNzuNIQJ6apdmlhbuZWx7lTf8t4TeikE6U8UCYDI92Wvod'),
(1261, 0, 2, 1, 'SUmvFQFFg4RxkB1QTEl3WAfdLjMaGNmzHI4nzK2POUn8vpYp3jsZUHcG1ZQHMdhtWlRv5TkTOI2k70JbkbafTnVUmLC9YTDVfuqloLfcthwBifMCrXSllNgIzTRyNvt2'),
(1262, 17, 2, 1, 'sr5czu3dyxhD2KPVJrIDJEAReIQ8ZzQr0WEAqHOZe5ChPrczTUcCzNtOvkWvTNWUKBubiiaxoNOee0N8V0KuNdijxfOr3KmNmQZE99bxWZMb0zkVA4qniIGQYuh1fEPB'),
(1263, 21, 2, 1, 'SxAe1qoUxtxKel4F0JVJZpvSYnCEGPwzm7Ooxci4GQPUcUzcDvWDVrvTP8yvX45kcTJJ51OLSDG4yfhbLdPGFkzus80qd5LpYu84vWQoAwt8MKkxX9dDuN7XV8o8d9xc'),
(1264, 0, 0, 0, 'DGg9D6xdD0mpKHWIRallXtjTBH2PQz2tgiCTpa73busWbpF2A1oyuIr6puWg4YJkhmdGxlJIPcE1Ck4clsLPadWAHSQLRA58XjPuFyduLSvocAAx3lnezkOgdF14f7cd'),
(1265, 32, 2, 1, 'IaWfP8e0706kj1UfZpqeqnOMOeYidpSVAPbqXpq5qxpKzjZyJqM9NBWCPVV2lNYVDalAzMF0k4LToKr7begYPdBF8wHtjGpWQLxqydqSicLGXdO8r57hiIWqeEUykjva'),
(1266, 24, 2, 0, 'hyWnlRcv0iLVqxH4C7WVyX573rM3n1eFzb3V2fq3ycYYKG3mOZimXnu1Ph5dijTSuWNwcdAKpzJ9fMw4MOrJcVK1dQfw98oE4bbgpL1PkKZAxvFjk63w2OyfENLOVasZ'),
(1267, 21, 2, 1, 'OtSCF0Tg2sVGe0zNUaajWS70Oyk1gRM4kEH0FAhI2dpheZ48afs68z6X8rYoiKtCpaD5KUNM8d3mc8umoWtxwAuE1s3jdwWCGzIquvdCJhYVqsiPpLnVlRAmkEFxaCaR'),
(1268, 0, 0, 0, 'vDRsfuevLyxxa59pTJhotCtbZBEeLpZg3QJilXO6wlDGqN5jwnIZZbaZNOdyedPi4yBpwpv2K9JbWOvsbdsbpDacsoLGBBZF9A5GZAIKKrWGgr9sFCE4fOgHd2nPDnvN'),
(1269, 0, 0, 0, 'XAtXbcIVEECV6LnLn2PDR6k48ITM5oz2Y30afI5UmHPstdeRf3u6aObjw45CtEEsIECXnHRJpGcSUrK9vegF3rYAw4cZJRsrw4oTMgDbXQ4RhO1M3hr7JqHfuUfdLIFi'),
(1270, 7, 2, 0, 'fBGIPSUeXXRWTeq2ymE0Ja7Fv6ncCLISnoAdhusfsjbmyCo6Y37IeenKlKWXwEQT3q7kVzzoTKKrm9xldF4rTrbfc7dJM3DPuKaqkJOduzFRIddVShnMJy1VGfEtihjM'),
(1271, 0, 0, 0, 'kCP3XE502OXVJW0hJHWFyJ5fPUh9CbyXOn1M26M4VK0EG1WqJT5hCaxr5OBI09FOxGBzNnEI8EnPGkfpdkHPvehB2Sj21YRyFs8tQMbZrzO8U3x7ofXUtevw7Oz9NrIt'),
(1272, 8, 1, 1, 'L8scGiwVazQODx9X1AsvokLW1NsPsjmdrPp77W3ivT79qg6sQzXfTJbVwEKYX7cpXCx5yAn3tudUKjnBTkRN33IAHtzFAL4yoBDWb00FvdAgxXSqiJelMWWtpv80hdyF'),
(1273, 11, 1, 1, 'PbB0cCGHQhYneQOwz2SlZOPpkYqBbZg0bS1nvI5lZ3JdTxKsADOArDZLBqnNpEOAwQY2y3nx76L0Ewte9hPBVOnxeKlEo9eV0dXygk6orSo5oSkya996YwDdgYRE86z9'),
(1274, 10, 1, 1, 'kxHBROZjGop4gJDrTMxSia5z9Xei4Orol9ZdXYwEmVJDFm4y8CqrMw1Wuffy3HXpQWCOV8si4bVJy0iHCJ9pfamJqBiuifT9cvX7EqpIClramJSYt1oIcKsCmL7F00Oc'),
(1275, 0, 0, 0, 'riS6n97klz3TcJuofUppk72e1fTbcufEN7LbgSvCsyvEiZ3yUtXfB0tCgnNtS28F9TQqMm2eVyTdyXLtqJI1KcE0zrtsuC7DvY3ik6wfFqseneIOXqQHDuIdWcFqOM3k'),
(1276, 2, 1, 2, 'ru9j7XKgLvXIgQJSJBz77CGHeiCl4pSvT2P10AiL6ftm6dfQOPYVsEDGXf11FUxyWnzWXSH37bqeoG4cv38XIMDF1FHGzefvCPszH9DPl44JK8Wgc5dURRzSxgz6vPC7'),
(1277, 0, 0, 0, 'CkCUIKaM3HOIIgBZxrx7q7vKKmrKHL0k5CeNnpAq7o8QFKPdbnkBuPmebNZTz0dECss0S3q0syQ7jFku2F6xusLGgLAPLOuogXo90O9snZAGFUbIAhf4K1L1MmQyalWr'),
(1278, 27, 2, 1, 'PngO0g58vidA77yHHqdtF8pSN15mAoqqLHeMXkUtD84KgDrX3FqIOQBBSGXt4oTQ58D3tyx6HBQXfhUiXl1LbCm3ikxnIqeOzRS2qp871Y4hgZzdkBZwelAwG7Upy9d8'),
(1279, 17, 2, 1, 'dcmGF1gJD5ZqD6Vslptd5cdvji6VHXaUawBPySybXyBBFx30Wxd2Krx3JDYrB8lLFXBdPaoMI0onxrouYBwI34MMIKdjTz5ywGMlQa8zawXIYlcXWJFZNsMvd0P7zUF5'),
(1280, 24, 2, 0, 'oE4SaxAtly3Fn9lY4WgF9YbBGF188wNxaRqlp0PLzSqW2MU7JbNTaYuQDwZM2NkdEKy4LnPkgggj3bqMmdGxbboPHnCKaXXPHvTsTJNaZ3t2fUPC8w9kHxapVN96K6Vr'),
(1281, 5, 1, 1, 'KrH3ODgTY8zppZSLM1HhVie9T06WJDDu5kxTYOMWXmmnle88gPpb7Dk1DrXn5ARaVp4UeQQbdcyyrGGIw6TDJeFnGDKLeCW9204gRUr47ZDzGjhcqbQ9qww69hRnTNxV'),
(1282, 24, 2, 0, 'NBcFwDJEDmdkGvw6Hng7TMd245pYSXUGz6m5J5JnsXH9tefaBwiujvwnAWltUfatlwy5Cit4gadKptV0ZduiJ1FjY1NSgYlCvUI7cbctmpdLT8LSmgb5iQphSd98bvLG'),
(1283, 0, 0, 0, 'ptOBE051qiMjrycNPnT7eip6vyfH30osuc48ca9DsWWUu8IkwBsKURQpp67t7vWBH1KUbUxEQtylChF8S7TNYKdoQkRXPOywPiq0cYE3sdo5u4dnc7aaRnzHHrFxfd34'),
(1284, 0, 0, 0, 'wu4JtJMVXb0rgePsl0DcncU5DzCTMGXjb22EMPzJ0AbgO0J90mmozgudP66CN4VY7YDTNdDONO5CPOMPa8eJpIXeP3RC7MBeKf8ysLmgArSpfEfqNtacc7r1biEi4gxP'),
(1285, 0, 0, 0, 'vGnXrJd2b6rrKHRyb2Knabplt3EykcoPSLNkv1mG7O8Sw0qH2b4dmtzQxdpRqOHjzuD5v0MDPUwlUX3X88avCJm9XM1oAIH9ckfIl2mbWSwRPAOYIZtkJQtHCv5cdMmq'),
(1286, 0, 0, 0, '7B9tDvEAoareLgctfGNYwhF9MKlZxHpFjy8W4MxsXYHIeUbtAZs7g8g2TC2qjs5C1dz506yX4fFjaRNKQfS7o9ahLcH4FNHG1gM1mlYrBELLwzwmOoucyEujQbnwZ5c0'),
(1287, 24, 2, 1, 'lZ2Ik0aWFWHbvdyjC2waG1uxcS3cXgcjge1BfcxV8f7DtFX5IugpvKXID1UAi6TylV9A7HvfWCTpiQv1kMqQxnyaosKGyEfUzpuH60X2DQsWGXX1KnRhLpraRcRqR6lr'),
(1288, 24, 2, 1, 'vP8CQ5FuV7qC5nDPLv7wUyHMLydCFy4bocNehsIdA9QFwtviYCPTbwFX5SAKrEVPQJ48cMmMWcssGYLEBAyN7dKc6kWxZSmQCqZPdlCay4Ce3oTEYrs5EchLxejw7GnK'),
(1289, 0, 0, 0, 'AH8fuj5zz7Q3ZY24biTybYCrO19yPRhpypF3ILCiTsmSqoXCHQaSOMkDOtcDkt3TTJWCuzVn2hgsGd4n4fgT1AwP4Itocxi5gfILOD8QUpjBCoZHDfAFQ7vVQZk3wC9M'),
(1290, 0, 0, 0, '69ci2sWefBWaG8Es7B1akCLf4RyuERZK1c23EYhTAe3hnIJvkLFFnrVsitWWlWHn8JqMIIFiXJzksjQM4vssWnUfRRbcNSAVC0IlJoDG7d1AxRnCnP4kdYz4PLhDERyg'),
(1291, 0, 0, 0, 'SgBBFfiNtjn0bKCyAHTNFsSvd98S1H8TYKvDZNqt7Otjz6S9NLXteQZr08j1QsVPcqsceTFmH9Fhgxq4joxxexZeGjgwLblYCObQHRdp1SGhq7lKwThKrhZ7AgDmrZl3'),
(1292, 17, 2, 1, 'Mk38dfhMcu2EMvNIy31BOvBD5FlcHQZtb3BoiTavocaaHXTg0VSOqusv9OHQEHjPKVe3OozcBJniGhzGcsvDWY85MQWrxghibvl0TUduDBNjSn05PvIMuRSgHOIf4Zxg'),
(1293, 24, 2, 0, 'uZRbZDseE6derYwhzBenzF70mGGiMw3hwVswyUKd1XstWZKvAYTaE0a0HQjtnnLUidqR8b598xC4wmA7lthZurZbijFGGqBYD1QLcVVlsxqZT06euoeYQd98xPPdfqcT'),
(1294, 0, 0, 0, 'F2rRn7MhSPN5WTCzCmZAiqoVPfR1MOlrRMifU5wNUkSRdvqQSqqaQO6G4XHQM2iEPBTJHqwCKptYUTONjfX934P81xYOAhspSl9AMGcx5Fv0zkNSzL2DPSLRqKF018qU'),
(1295, 27, 2, 1, 'h7yhDhT1hNJBfqYC4uwV7hGVXhMqlXaD4IUHZOJhCtTRUSuYn0UviBqgSdGeaRRezMVzAFRc8K43Dz20AWvTxW9q9QEjHwygiuQT9H5isal5Jn5kjBdRxmiHcX1UtAbM'),
(1296, 1, 1, 2, 'mpkj0mhgA899XMLCjs2pRDBr57xb3Gzq6TK6f1mP9wZ7jLJCdL15pDwvK4GOLgfR9ZXp0keaReia02NdOPidsPIdTp1EFgwPgtehOtrFIKQIMDVAseOV3x8WXaBDr7sH'),
(1297, 0, 0, 0, 'tbve0SRKiatoJn3HiY6C1YLl3MBTHuFaFapF3gpmrTKbgNSzMYbNWX80KKUrezCTJ1yNiY9KRTV8HNHuLThIQqIAaC2ocEiVGRJYPSIHMDPtrxXdqfVgGERQhTftyype'),
(1298, 0, 0, 0, '5Nxa0JgBysdBD9Ca83wtWvZxiYTNFADKoaVoTbZsDc3hmGruJYXGtXdMV6zAHdl5nguhstJ6GNn2uPweNuUhr73neDYVQj1eAvw2Zf8F3wIxlfM8JGpbOty27wYYQZdq'),
(1299, 0, 0, 0, 'vJtuZCa28SAt7mCR222RwATD7RCXRPnnyRSxt2ABVa53xHUAJWrfxkTEcvB4lZrTQkrkm1Vic0lJIfjrcLHJ6Boi7ZnsZPlQ9MawO5O069KOp4gBPYkVzIeGIB8HruyA'),
(1300, 0, 0, 0, '1xVbz1xYklmqKUjp9epmcpmboNzVVnVWVQ8uSFsc1PDLJWaSbAfo0Bzpo9lkxggs7pWZ5pc6eQRYM2QYD5mEGW355opCFG5M52MbsZhHP9FCbvAPBXtiUxn0WNCBuIoA'),
(1301, 0, 0, 0, 'OdmSx8LRdKuTSrB5osxZySuQo9H0keu9rQ1ZZMQcxl6pMHva93aIVFyjPgk9uOiWFjVE6MRD7X3UFy5OBgxwV6QKmbUR0dNFxJkDwbhE8kyOSEDtUa0QgRBD3wv3JjJg'),
(1302, 0, 0, 0, 'TH8GhKmw0YW48CifYQ5GBP1M6iALyd3rUc8cWuJWtF1BikRhbXYMNZzTh9EPnIhiVpuRUeOnTQZcaQtlOr8BqHvIRayeTPwOf1G9fvx9lwlwnPSch1NIIjqzuZNnOkc4'),
(1303, 0, 0, 0, 'KPGIzlYMQIRRc6SfCZXrIEtvyFGW07ZKXGsx1rkRabInhBDUBAlkfOPOuwKuEKeCqH9s8tkiF3GWEjQgUcA91qXvXIZCseeSVol4SFnxI3unmlDgxeqyEn4C53eyitqd'),
(1304, 0, 0, 0, 'ua1Axgb9Zjnt7tcnT9ghJ1gTEV8L8U5D46dBnpLmJ9QQC3ewduNWv3PaYYW7T2KX8YzwnlS7uJY6McC0HqXduMnsLkAEmkCujc0GyTO2DM9pYMqGcnTGah9VBJAY4dtn'),
(1305, 0, 0, 0, '7xJqt0bhUWN6DR67zjAvqZQfH1ZKMlcUTVlnWwEQsrX6j4eTnPpOPf4wh4h3qtYjpjHlPlciN9p7dE0BtqpiFtPWy60YzYiYiZj7kvq8FQfSugtYGThmn6iVcjTLibKA'),
(1306, 0, 0, 0, 'mHWT22DqevlFcZwoWHTCVthTEKyFrWUODRHGTl67QsN3rjro1k0WOiPs3o7uk2jYT1FNnLUeeIhG2J43340RmPjpdrUytexnfcaDY5RcN8SPRXSV1TNoI7NWzIu2W2pc'),
(1307, 20, 2, 1, 'tT7EzOHoYfuZFbrIYVQh4go4oHAz62MAVTeuIWTGboGQA8zy3pQ8Gec4WME2PrCLlRg3N9KYyrP8zpHDPxLwLXBHKgKzHnk2eA62KQ1jiRrRg8u6FgCrde9YuTxbgSev'),
(1308, 0, 0, 0, 'fswgcp5EsDa533WwNYJxTqvMn6WNnYlCrSTDhZiKCsQFwMcjLVQFlmrJsnxPmTsOLls3kKNXdDCJqP3cKTR5giPIGmy2f0R1mj4H4SEhwh1X649RY0WfjMXZ8w2oxTqT'),
(1309, 27, 2, 1, 'WSM0D2xIEA8Lpk1teNX0yF2Tv0mKDIGzAtAdw8VbI4W7oYBDMyDldGeIGAtkiaTTDu69C2kk7hsvf392CMnPtCx9d0uwanpNSwWuyhPFyibNmkQY7dNAPkK3lezvCYju'),
(1310, 0, 0, 0, 'Ok8sXXGYSxUmVvaV9qOAN7YdyEZGnc1bwaEu7ks0SnmNSxI2XwCLDBYcgYTDaVPG5tadODdG1AtU7bW5IzQmbPyrNr5YnUFsoPFctTSutlpBxlHgUxC6nbxbDD90yOsW'),
(1311, 0, 0, 0, 'XZiDGQV1XptaKLOIk4LgLwoO84WMP8FM8YpOPlQMLjWw4LepPZGBw4qF9mrYv7LD5asVwiIiCEOGq26g2NRyRhe1EGZaNKNTVgOsywKabyRCBYSELKcC2rDH7DRUoFOk'),
(1312, 26, 2, 1, 'VDMu9xEl6wYIuQmfBzSD0wk89c3yRRSNuFhEcV0jsY1WOnbqW33Wzo5JB8hsZaftPx82t8lV6mRVK3lG6pDGNIqoQHRQS7kHEsJ8A53HsUCcXYT4nxKbgbA7SsXLzhse'),
(1313, 0, 0, 0, 'oEcP1KgXpaTLXQRPMiaohNqosw8kUF4ikh8l1oirybdw24mOnwcFkD4N9c74ScmctvxvTPXs1aY3fkSDR5ibInYSA6WsijEMOciH1fa2q86GtYjk3CvM0uEAAA2TUHFI'),
(1314, 0, 0, 0, 'Fp8RMFxq9YWTymUQw8GUedU66zyfJeOpEWgqBOQLMMFl8zbFHSzW5u2c3BrNPfdtcuUOiKz5weqFOClwvUsAovMs6egVutpGXkvg44mBjNh8pCEUx6vWBhpHwFD093G7'),
(1315, 23, 2, 0, 'ncorhK3AxlJXXnSuunr6FQObwrbFvSNS4bklVnWtJFqG3ibyGDEltswZUIFpAshFEC1z0Y2JEtpHMBfseUNInkIh2nGDQYjuBk4Bi7kWAKEnmUPAODjbX1t0paDf8XKK'),
(1316, 0, 0, 0, 'owQHqbEt77JLYfDGXFvYK8EnbWJ8fvlD1clsnZWu7Fg5VTMTyhRiqwGBspJHV5lXhGqEFm9N2qTYkFRSXIbnfSZHhJpdOLa6rAL7XVUZlNXFtPyrxKPMCOuUxU7mFis6'),
(1317, 0, 1, 2, 'TedQ98QvWNapCJRauGX6vs12m9o2rR9l5nbfv2KsPVSsEJD8qBfV3hYqqnsSeCdkZpzvrjXhePKTyn2YYhU2zSsZfVSux5Owvo1WHZeWOYPnlRlk9gmI9PIoKAThGIOc'),
(1318, 0, 0, 0, '6Q8OPmKDlA1Gsm1BDokMd3bYD4gkN4wTVFIK2son3p4vM66qurcIunG8sXtf1Z9XFRIIj76nxaSkhYKLqWuUkb2M8v2avb7b2PTmWZJtaBNrAyd1uIVPTYC1tEbZQiaT'),
(1319, 0, 0, 0, '84f53ZyeBmGcUUdpC8ew6RxAwJzm2KfaOvfSuO66bNi6HvvkEKQLBom87Vu9GKkufAmKptQAg9GYFcijW95yxrGFnbO3V9ybJVV8oMJFVqEACXUy6Z7ErOjOZ8SViq61'),
(1320, 1, 1, 2, 'l1aKNUpJk4jW1dv8dCMEq6tqellwMry8tJShDi0YmkUnyqvL3iquoUUCgf92HIaar3r5ls3HMY5koB6rTxVhrQUH63KNLUYdXqjjTm0Fl60KH6bAD7S5YMM4QwSCrRPp'),
(1321, 0, 0, 0, 'Q8ucVtqWaXpw8GbfICXDhd5JBrjOkgHbobnkENhPLHlTnw8695JrjOaUgtIBKqM8BatgYL5JsrCQYLW8RFzauJ4KdNmXd86Pjz5hlb0ODDEBoBJfgjpL2uwfiScv1ilk'),
(1322, 29, 2, 1, 'kXmjEE5ihEgQlzM7kzfhDvsmqFwGtJAOHX8lCdETRUKctwkN6z4J4w6ucDbGnMu4JDplQ4fIYZVrvffCOjlSQsn36yJtkex4RXqI1Fq0EmraBGMp08iQBFTHeDayRICJ'),
(1323, 1, 1, 2, '0UFXAbyxjJSe10Sgu1DdPEi2Ovo3M1cMVRKv3j3m2VB3VtjqvXDkCWnrrLudMG0HyKdC3gY5bA973txzrbT38hvz2ZNOGNwfyJRB0QHbqQjukQ3L2XPaekKgky51lCgT'),
(1324, 10, 1, 1, 'm8vmZcyp3RUnIY9LVYVajGrEexFA9Wuw4ZS3crtfinD1mMMiLIs4oTJDroeAkI7pHZtTqW9JkMKGyxZkfrpEl8iMwwnReugWuJQVGZE0LpHkWGEc83Rtb9gIFDzU7QRB'),
(1325, 10, 1, 1, 'UHl1ewWLGe2PNbca0YxUy7jx3YjOhqZb7kdlRa7xoanclznlyUf61zE5xXTOnT0vedR5oYDN80ZuAmQ9h5fiFTocRi1fb1LpfCuDB8qK8qeJN4S4a8nP2L2T339e4UDk'),
(1326, 14, 1, 1, 'zHwgHbhtAYOxFtJOwAiIKyrqb1kiRcTqUqGBBX5cWTJCmtrT4JCPh3fs4ALWMFmG53iH1nTYhDBD72xbM904dgxiQieCYBj4FCLHZFGhihVpksB7CCbQSI8I1nlZYF3E'),
(1327, 1, 1, 2, 'hPlhu2yMkucFWOMyqXpjGx2HUoHT3KylAUD4WcRgG3VCSIbjGACm8E433MX6xvs7p5bmh2CX6yAZgMiWmUivznyC9vJG1bNrhZNz1pw8Y77eTpagktLTQkw0QfGRrujJ'),
(1328, 26, 1, 1, 'l9QUOxrLHKiFSJ9Ydoro5oIvfOMiTlveum8jTA4Bkmgd6qbkPCIU0rpgfcz8x5n2rwll6qWrNdETEPetsXnsoNJEZiNxnazPGVaMl7d8kS1YHgr9dPCCCmgCE3a2dJRU'),
(1329, 5, 1, 1, 'Sgo1eECKNGaR0blFv8mI5EZu5WjscxN5Ob73PJNDpYvq9Q5FZso46ozbkSExqrCeCKhst56T4BkdsqTrShwZF5b0YPyogbCTVUmpZsj34Dhw3aYWsuV8A79zWHXdSA6O'),
(1330, 2, 1, 1, 'KXdKltoGEHqAe7RaFNn8X57JDwazE7qp5Daq7z7LgylvFdFl13uY8BIM7TlM0Lb6plxwVFhbdDGSRmeSpIRxjAkrtFduroAQK7mFMERZixS9T62jOTR8tbzXRMrib19V'),
(1331, 17, 2, 1, '0RaseIVzkSKZTAcLdZ6QXHrfxkHSpE2qvdSKVOkgG4fAEsmSrsJoaaEIvlBU0ElwRdgN2A3JFjjkLGcd8VBj6g1BCCwCgR985qV81ZRGib04Rdh09Tjf9kRLXooegxmm'),
(1332, 0, 0, 0, '0t6L4oEMtDzijYN0TKcL1uTWNYznMBsN5zz9XdWqRwIauwaohnajR3gF2P2OrvCw4bG1pDsg9bqDIB20ZcjRfzwhpz6Q4Jn9V3blGEBQQ2uyEwyEISvYr2gQCnHH64Q2'),
(1333, 27, 2, 1, 'Vw9ECOWjUyB04EfLY0geqWjXQc1FFhlANufqjcKdKleO0uAYvQdVNxSDKTjpbE0Y8gpss9GcvV1vpBuUrIQffIS0CcpNQqMZGbr8k7lP2mlsXPmpycEOVxOyJdmzE8yk'),
(1334, 0, 0, 0, '7l2y6tudIuEWqAWKraxLHt1BUJtiNt6UO9tUCX8lsNhTneDPpaA7ECJylcR8FY3u7xpKvx5XlnRICuy2F99jLSS75KgLIkgQRFAmdGky4bhGGPJlYSFKLyRRi7C0rSQj'),
(1335, 28, 2, 0, 'yrFL7ZkbbBSRrBdpuTagr17J9KKADATc1zX9zilKTdCkPQKkJUAaWIU5tEG7eAjg9hqJzLttZ6NPWy9FtKPpsJvWnc3CMmTWDjFd59G4fuTb23QwNGVgqrcODfrqCkmg'),
(1337, 21, 2, 1, 'gPoh0HHEMehexBQIX7bTziYlsHtQH2sYSQgSxXxkcOyJpprmwDf6VeroWUeEXGDPxTI5Rfp33YNtnfQUT60PksdhmrVk8zaGsSMk8bocabFyrvskCt9WVmeiOaDXJOEc'),
(1336, 11, 1, 1, 'G4T0hEaagbgOvxAzjnzvmqhGp9eX1lmHqgHHURSa39ZzHz81WIwj9N0zXfwYBTF19nJ4fBejLeSsN1uKJ04SO4rLjYJUSpW1NF52gkl2zeumfZ7YZbROfjzzijuaJqcw'),
(1338, 2, 1, 2, 'APYPXfWuskd8HNvCDzICsl7kYJttoTxYIwOGLKbe4omLbSoOr6rUrzfqjITHCrGlYu1KecYjBl5NetCFz4A1DPsWymEaOkwMOxw3KvmmRsa5WMLwQmyub0rKn5VbprYe'),
(1339, 1, 1, 2, 'wLY2oTszDB5gEZaOz9YZIOlgMtVcBdg8Yean8DWLe21T1cHBlGA4vWkhpfu1sK9rYkP7XLSbOT4P6Mrss1wYYQfo6Kpzvz0uTQBQCt1qn5gtSHVlIsjHiz5pjuYO3ZiX'),
(1340, 0, 0, 0, 'fagWzZKrV17tb1vQyLt8QVC93XOgkMfAWvxvuhXpj5Tu6okF9NO0Jq9MoY2JKhjHNRch9aHsfBXmZi185P9PgiBEhDo2VIJIzV0J6Iclj9HirJrxzAmQTXvbBTdxBWfa'),
(1341, 17, 2, 1, 'SgUYZ6jif1BHL2ekDBaxyFIazVHaSXlKdfIcl2vB46iP9xaN8lkH13RAYzKRw6BKlkXHnsjrzChI9swiNQ0OTRpSraKYglIBFFj28CuHeLqodWG1NGQHyfA0pkYFGHhm'),
(1342, 0, 0, 0, 'YmcBkbgTNU0XyqnnEgcBQdAHKsVz4wT2T5EehU85O82nzpLeGXQxbqfVTbuXIo0BuFQLAYRp6TNGjyU0wKxHbMD5Y83Gw3h1J7Nj6EJdywTR4ORBzpiLcVQa3TRAX8BG'),
(1343, 0, 0, 0, 'gp0n3KABgutlilWRLeCXat8emZOj8q0pQ1MTLmv2QZn9kk16zE4J7cXtcMNkdOK3QwXCTsEKs2UNnVTWzXGGaDamqYGDMqHDXEfR7UBzXvmkrgh0eXHoBRK1PqFCRmfP'),
(1344, 6, 2, 1, 'LwPFvz7Rsb6TYAhB51EbLcNBEG2OUqJFWzks8skBDqvC0Md6ORiz35bIMdxGDhlAQG3Z8nAMN5oOSCVGtdgxjrg5ENLi47TVOWUXjuJ7A8VsKR9e4pMnQ2tvQfNUnGPb'),
(1345, 8, 1, 1, 'YBRwT5OvgNnagQK8xmtr0NjRvtCpEQuCsl8lrWQIKeT14D9CZD40qoRVRulvlP8Nag8CcZkXeeYjR7VRK0RboJ6gerMzgUmrav3nvokJDi2uqYmbZemnYtEcUqMbl8Cw'),
(1346, 13, 1, 1, 'Z1KPLbdZjqf1am60lWqDUN4TDloRKr8KtSzf4MenduooQvpcrPQlDVeghC714fMx8mNc92zmwYLntaAVZrgCmvTD70FcgrKpOxBXAbk695uDf4yfwPSSkLwsLcF2Eprs'),
(1347, 5, 1, 1, 'X3pxeKEoP825dBlJqdCLY9eKlTMZiesghRNwCrVrAXxNzSx05aL3j0OETAEcP6s7YfDAHz2iwz56sD6yNRB6SqLL0qXQwqXuGB5na7FHHLN9pTHcLjjDJ5pKvnB2Nyxt'),
(1348, 16, 1, 1, '8fbgKjndbcKqiCmIRImpHVNDH6VW6KVeZ7uKrSXC5I3okp6c8sBPoos5un1B8WP84kSvcP7ixbGSBM4JfFyD31JypK9xHYFLjxgwnoOVAuNchRVwwuazwT8VEislh87A'),
(1349, 0, 0, 0, 'ZgIgAvcStl72RBbObLNBY8xYShUY3Qv27ejHJvzdQGgIhrwtdk5bsDalU4jXUP013jJMPiZGZfogHVKUgP6Ish3mmnkhclifF22uk2bkiAAZvlULb1uDjy0FWlW8Hfom'),
(1350, 4, 1, 0, 'hrRCt2WLCxL8TGU4HpI0XIGU4C3LRr79TZMm1I8EgUN9AHdh7Vi4EYZJB2uttCCnBoKD7SinM5xmNKEUGXZlWY4x0z0ucDRO2Bs9uKxgP4DCPiwwfvRbtWJuwKYIoPxq'),
(1351, 0, 0, 0, 'qZAUJ8bzcPb27IyneqzInicT3aCr09Sr8smSAyrNnDQumoRAPqicJv5NGIeGR670zuTa2kYpYOTkdLV3cefWJlJp3Y6U5eVEIOPK9O98C3tQPoT1D9YnuHMxFTsK7opP'),
(1352, 4, 0, 0, 'cfzm3JuGMYwBmqD0zBn4jaCZ35Kat90Goz2six85vEHS4kSEWfIfqketpZET8EzxeCZxa7CGMjzRErvBHeQ7z5BZ4fSdTsL74LFfShVFBuwgW2REgHMQNnPSDH6x9RFe'),
(1353, 0, 1, 0, 'CktvBpadTHtQJkv02hQQFFIinPPwGuKjPeOqDZExG7oqsTquahkPW38jSYQztBSiPHJsHn0nvoOXhessvNhsQqMJoCiSdba3TTvAhwYMUMKb0cDwZVZQmMzLoSDC3NGW'),
(1354, 0, 0, 0, 'HcxYIvLChwOiJsPInOzKB8v018C4Vj1CvyBd4nPlTEEC6tluiUeT3JT4Rw9NPapkJ1xOon9h2OU8hfCAaRtdAnhsUqfJBF4lGC940jm27hapwNZHEtUfQbHLCWueBzzh'),
(1355, 0, 0, 0, 'Nm4cWhFlhkrVHO5lLtKn3IYOiRS7be8ZBcbxuQTLalGR9MdVfXjjGh8Y805kfdjQquoUkhFvCmmM8zIox1HdjPbrQgM5u6WVBkPWCvrfSO10nKpUL774WjwNAjS4pP01'),
(1356, 11, 1, 1, '76ShvOVwsBckEQe0It3tWxqQEEeenUCu0uMvjI1Mjd7Y3lYMO2gKzGBdkPsHK4cKzYfTGhF0vMYy7WlVYBGyhiMC8ekSjwCTvSMc9rdEdbdl8zh7aYGrgs4oHoh0UTTq'),
(1357, 0, 0, 0, 'MGDW7QBl2PHaoYiyWY0dq4C8sT9nN3NzJqwQh7cjWTtlSMTOKT1bYEjqxsOkvCUe3q5kyiDvb7Q4TKSDEUPCy836BRq7tlmwMsRlKuQWCH0vrT95OZHm7LtJCTR6fdD2'),
(1358, 0, 0, 0, 'xIYS0xOYbHUcvzMp2yNPiZxQhboRx9E4RCXRaLQltKyYjkomSbbbbJ1sUpjryYwqBuiLf86ITEHcZ5yRhK3st4VoufQ2dntORMz6UGPNlw0kCzcTkfmNjhcNw2QJpkyg'),
(1359, 23, 2, 0, '68n1OcOaJPulpGfJWBxfSJ3pLU8beGrlOOmD1aNK0i6pYm9VYGaRpegb9omn5OIUD4yEflpgEwGCTPxRvIIVXY66ntuthcoUhWzxiZOWvuzoj7gPQYKNXRTkkoNBAcwS'),
(1360, 9, 1, 0, 'TJoC4vZkKkdIuvquDTeENZEYxBdYNhKH18k5EkqoED788xDMrRqeR5coGpmuH7cIgwOUQejvSqE1YhNp9dE0iRpZhMtYTFH9cw43KnzDOdEMvrbEFQEYH4XYQrXJ7ETj'),
(1361, 13, 1, 1, 'DnsFaDN3VTOtB0MDJItwTxFl4dd7jg2XDuCN7pR3iFxUGjxp11WUyBgDOtK8JM5ngHbo72rqHYkniSNjTJesku59XPhHCn4T5giciKC0IXo1PbkJUzbf3ho07GIK3MD8'),
(1362, 0, 0, 0, 'LOGlLrEYHrqEAEE3BxEthTxotiq6CTanIRJtins0PSEpxit9Q8C71awusXA5QLtyCc2VAvWpoAOVTi4JqHRsRnXkkyqbjTKW6NSGjO5HpUDicH1CpT5hg2CBA2NTWyQ2');
INSERT INTO `info` (`id`, `player`, `team`, `state`, `cookie`) VALUES
(1363, 24, 2, 0, 'Oo9t0P5TtZXX9GiXc2notDfiBQTsRZDFoN8oCei6df3mWmk9oHxRlNaWD4pu33asQjRtx9ALpD8l0suoa2gvPrstvSYzV81MsSf02QLruUNumhTxja29BuD6nBFiKH4c'),
(1364, 0, 0, 0, 'dtAmxgmlgyKB5mtktPY129Yxe8Ga3RUhlvDSLZe1xYDDk6XOVVPX4OujXat02oinUVgFUuHstk5Oq3CmYsj3gOmeYQe1fxo9sFPnawPDRVriY4EXwY1NMo1KegLtNaDg'),
(1365, 0, 0, 0, 'QsD0ZtDRp59oaOlHMmuzLwjZN5tBg7R6zv7zZLrpRAN1p8IcvdLgJ5gxbK8rR0yrwG1vrsUi3HjsQ2FmfqCZwTwHDF9vFIWboYHPqB7tjrWauBwJ29Jy2ffGVobA68Lv'),
(1366, 7, 2, 0, 'CMBbQ4Zrj4DPmSrtBYGQWhGiP2Tu47AGUbSKgRbzVPphIQLjPraLIR4yTX2Y5CFZNxJ4pVDkK3CsToMIPWuyNz6Hx8FCKlCySlChggC0jftcDfVsbq1Z07Hxfna0IMzA'),
(1367, 0, 0, 0, 'QjP6N5JNQjpmkfMEim2xe4Uns0xRz55qoVxb0gYRzodUDZzVmCtAGnX9ov0YA6oY1V92b8TLw6G96f5sRy3yW1IkwJj6PH5QDfSOnLAUSg4Yw9roIvXFxF03ojad0f4E'),
(1368, 0, 0, 0, 'uWtSI3MAkRzQ01eJwco3Ro7fHhtIxxm2tPUbTHMdyl4zmjiTvHWm64CNm5wTCTW6JQiCy4Q7qUGNdZGIHD4NIGB4M7Xo1UvKLNnjSdqi776k7N3Or8B9OcdBkb0m5v6Q'),
(1369, 26, 2, 0, 'e0GW7OndouB6okacyZuqFExn4ZVk0zuezbbG0zUo3vvsPFEoE9OkOlHSlDdlcIAMTLsUkmjoROQHtv58ETstfalAOzW0hwMbif5DBo1tdRaGngP29ivosRZgqVhHs4SK'),
(1370, 0, 0, 0, '57valMpqEGZvqjPrxA0rhzAXp8Xeaw0gDvqZiQpXxosYIipgSqHaZi7pr4DBADSe9jds9CpH1SGKa503vIdv0kVspy4ZcWdmfrPp3e756NPhSQkoyxUzSP1ho6gB2uYi'),
(1371, 32, 2, 1, 'VNHZ2P58CUqvLKUkhOT9EVq32HE4bDn7q56sUbBw611SLVc3K6do2Er4l69xJwFaBLDvXe24g3X1Z95Jgi8iXAmiGvQq1vBDhe9ftbkJfhLerQXH96Z6GlpnRgOTMpw3'),
(1372, 24, 2, 0, 'xtfgrDMyrXZf6Ha6Sqle4zZ5sFnpoNMWh2dIFZg6Xgl4XwaQWv50446wKtW8hJ5yLihriyxfOTjMptCmZIn4NtBxWyGdhLM343umB1CqUVckpPHpx4tkx4SuDyIUkuXo'),
(1373, 0, 0, 0, 'K1zOcAvvtoObplpVuTrHIfQOGreUxgEihe6uOC0i0Oup9TlENNlw2clJDzDbPit7wAClcCEdq8Dz2YePMzmOMHypgbA6t4e0EQmRs04T9HtcGH2shoh35Ptm03su8GvN'),
(1374, 11, 1, 1, 'lv7p0OPEDo6JjOHgYcCxTpj0ppUvVEggaoGbcwPPUVzdKguJt7gmwAnVZirVXHc75Sjho87i4GvPX0yq7ONDobzot0jqHvyNoR4M0c45TAUQBshIg5lFgU4JVoaDUIqi'),
(1375, 0, 0, 0, 'ZVHtYenW4U4aFEq7cJcBglnw0luUmdal9SP77d4b89mNONV0w7BNtZkukOpG2A2bsSjz5nLex81lVWls4WfxWz2horYq10CtTV3ZjPdQXfbScwkgtAOpaQGzhEZiFBMz'),
(1388, 32, 2, 1, 'neQsBDqotAHYlu0BzZqK9zwk5zp0PrSdFIGgm7FPHnO2SOErO4cXEJiKiIL79DlPm16I8MyP9mS1bxt0CFXgog1GYMO8p9XMb3vjQ39Zq21CzuCbaAsyQtfPf3XFdVro'),
(1376, 17, 2, 1, 'y77VE1ScJUpIZxga91zzMOr4gc4Dry60FeVjgNwZHWIHtZRC0rcNgDRwQW9hughaudtL00LIWtqpth2tJehZS8wI5G0zXiJrvddwdYe9sEzVWBoFPGFIPbqUSrtPJdhe'),
(1377, 0, 0, 0, 'ruKFsZOUEoPAZefPUVxJ7YDZp7O8l6nMA8r38gXMENmE2CtWx0GEZkEostxNzVA932cbjaXYYkC0W5Xu6D95YNuqg1eQXP00Rccbna9luLmrRjVXW53USyl9AzZxoZxg'),
(1378, 0, 0, 0, '8LLo9AJyKp2VRjVhK04m0Nhbo6kwEoSNaEcjeWSYlUTdePvYQzlQnD2MJmioLacWPog3l82G3WThLpgBYCsmfu8ZRroDCAzrZPvlYx11tVjfkARjckGsOPrGgQjSrSkr'),
(1379, 0, 0, 0, 'HYFdOZKFEqXFK5KRVUwGkS3q0y3tcDbUCQ7qPS6ti492aTU6OqM8jPyjoCNAfZvRPCiFup8NtiQDcKJ0bv9ulHOKjClzBQrqsJ6X8fLCxBfJmYKyuT2QARAUuVu5LVwe'),
(1380, 32, 2, 1, '1F3NNE8zQrrZHqO1gIIoMScyBWMgfIbgnf3aTcKKDbJlBymSg5h3XtBzqnQF51VthZEbboVPzFabdx3uDlxBO9afw0UC2Q6kPKv18rQI61TjyXObilM7uXm1YhE17KlX'),
(1381, 32, 2, 1, 'rnXdwugGxMFedGh5A946UzJWZatkD0V5nSiUmzAUlg8zWqFxzKEujnriyUDbUyhirzcN8MIu2Q4ZgJwQtakNyL66FJiAizSK94yiRgNU6RTnBqd5BxS9jYgYIzz18rLi'),
(1382, 32, 2, 1, 'TX3nPdmF68b9MDcewVBbW82EslKgBYQvWTSL6frdnDm9gzoNu0Zr815AnQQYPHtLAmxHBYVYCh8SQwGlwFMFHSf4I63yNxjoTR6vQ1usjDla92vGHilpaBtTHxrv4LTY'),
(1383, 0, 0, 0, 'oo2pACFVIAMjtfKUP1fFanIYg2wKuhSSGVhhyXcgxZA1flV4mbKxytvOv2y0krS0mahU8ubGuMHJ7DOtOy1n2wbyzJyTbqUyBbtKFEqaq8TyLI1Ah2Xjz8R9Sp34QXCr'),
(1386, 0, 0, 0, 'KDOEcC0msGXMTapJE7xWekq49ikYL10vEPaRrbdURbGKm5u0c1WqlnvvFPuqQuWvj7mLiAF9MlU8qo8Dp43Ksyg7nKyeevKyC7jVIZ5ukZCLnKoMPsxh0NpoxYDMtok6'),
(1384, 0, 0, 0, '95bOKCZbKSJvAL6RO3aoc1x5rB9hzMIISUxDwwOhoyNZjTR8X2w944fvFoMebvX3puGW0vdp30pnUgvRi20m6fRMEE1P9YSztzvt4JS7KivEy0vR3vdaL5WqKYfTX8sq'),
(1385, 0, 0, 0, 'HYTLHMTr4o6DpBus7ICSNzixxyruGUUoSOaAB42Fs8iSJNlQvYJiy2Q5AiAhcvF4kQFVUHBnQUgAHBqcAav8cmeMEO3QkJVEzBzujbR957JMJaYjkurwQFiuumlP6htF'),
(1387, 1, 1, 2, 'vE2eD7IX6kJt57gVANcBBB09ADW42gbyUdMxkuvrPfUVnbQXZ2yAEyKecGieXtMRHyp23VtTaoOxzEuyH39lBTANAT2xnOp4nP7rKAkVY8txNX5u1eQC8qqIksgIhGNF'),
(1389, 0, 0, 0, '3S8Mh41VcLWSDvycRFgx06Q5BEBElNwoGFbYJcTWXQPBloOd35K4cAaNfLrBzY0gDcemo7jmY8YjwNxAShF4SPS8BkJbiJrVVGikOBHMKF5hsCSlUxqNniVZCFaVoCQk'),
(1390, 0, 0, 0, 'owLD6clKeYifQz1fNa9DEeBCg808magLH2oOeKysJQIAqKPdUZRzesbuBcDYnUJ4W8SbTqEChmcI62W12NAgfMLRZoPmjyqgHjrAK5d2sqKzsGBuubLJYwBXUqkeZLuG'),
(1391, 0, 0, 0, '58K4hKRAPNZ19rebtUXvNfWcqgivwPYBXIGfsyPimOkvgyHJtEegTaskrLPYBOAywhNYPDhbsBHIapsD3GUXRmii88hJWRis86rXKI9ckRVugn8k42iWpAexIwhEnA7v'),
(1392, 23, 2, 0, 'HytrhDECvz6LXe62goYGYdeGJvl66sCN16eiKTVfs10qg7sxvqduEranXwu3Y6R0d6jXZecsfdSwkl3PMhjqJuNG0iKZoBZCIizHwL9MZ2jjnn8aEsAnXo4XGPX5rXH9'),
(1393, 6, 2, 0, 'EtOFv1AuBchC1iveYqmxa1D7GPrAQXHvqwaWxKr9WILY0hcYHzwRBaZh0qSRoAmP6wLDgcNdUybUPoTxXqoyBoQBPJsdjO2plO3C0QPVp0QfpJMnabWLAMnpvQCPFFe0'),
(1394, 27, 2, 1, 'aGHhaK7sQ5gAaWpH79O1B8WUDUSIRmp227kdRsFHxWhISHp0Qe1smXmZRfIJC8MEf7S6zxO6t5PmNemDsn6PltPcIxWkFJZVQS2ppQwTWlfJACn3ZtSkXHxFfu0Ud0Q4'),
(1395, 0, 0, 0, 'URaIOXUxtcW1bW8p208C7bnxIMdEt0FoSQ7GN1egdaip7qP9rXLy995RVjvpkbOc1VTPX76bhoBpOqygnkPwtVopeUPz6DL7zEXwL3H3ritgJ1w6mlDPh2fvX543IQbi'),
(1396, 21, 2, 0, 'mLzXPuphG7WZpl3Bi5pHuf5SZq5EqhjM3TKSo9a4h64Gs7iLcHsGWyzWZFApXUb0OWTc54hmal3DtloG2QnZoXVnCwNAqYAeUur0yImJ4qmxLKeOABNZyInbeaLF9mU4'),
(1397, 34, 1, 1, 'kKCWUki57Ojigx6vhj7wOLVQ7UDzVtOfdqb7LtdSiwbz4h5lBdSpYNf6HTFCmuSAV3HGxVyQrJpv1uQCHJ2GwiNebtRyXJ8SNQzlL7bdRBIS6zvOjyvPRi43LVBJFKCt'),
(1398, 0, 0, 0, 'BbOnj0AaBj3ITzwc812Zk7253EPIorc0C0nV1Y6DialcJRoRTrQdzTjCx8kWAxWcxk8zjecCoxO8pdZjFQxeJRQhZbdAIaMgvVPPa1ryzfHZtHi8xQmhHczHnNh5X3mt'),
(1399, 14, 1, 1, 'Ybi9dKHM0pLt64BEUXVB9vixizDgDZJCa2LnNtaNTWgZ0SDUPzwZ4Pwnp9D38nFjprGdVR0ONhNN9rIY1fY54ustE5xMtc5SEM5AD6oqncexEXvFcuLgYdKCjhpMuuF9'),
(1400, 0, 0, 0, 'hMzURMuyiX2g9kb5gLCdKSINniXWKjV26vWXhrwzpyQzT2EaNgny95mwokt9EpbLU8IczfLZNCyHFcRtte1DkoaIJDRn238XbR9L6VLUyjCdwtGZIID26NKQqCdtGmrS'),
(1401, 0, 0, 0, 'hLKUS8lflAM0xiFJMq0LELoY3NLyirIzdsu5BQkXq7XYqDHd4IYIumHx9t6sVO18gwdSmyPNGML7qtkucidGFUePokhj9jsqPGicf80WVL3lfnPrG27lXmalHrFRK8hA'),
(1402, 8, 1, 1, 'jePj5kRfwA3lLMuxLvRLiTG5uN8hR8ybnousIlIfVLBHx5fjB64UZL0uy8MpgkADI56rqOGlAh38nirZowUohUTQ2Ggj0QXJV3amSRIs8LAw42wtyqRQkLGnrWGsNDcJ'),
(1403, 0, 0, 0, 'WlR1p0vMw1EfEiBB51I7IsfijGmVJHOF3GGsGcfceTsSc3uh5cpOEE6YksU4aIJdoqG5CViRPKJ1OdjTqII5nO3IhYMsGwF5XmbAiur7fa93osXPbFUzuYhMW4eDAUIx'),
(1404, 10, 1, 1, 'whMCKMilcGfimrXkkaqucqYFq2J7ZbWwtJ8ewrzI8P1uhZPC9f6mF5158Kd7WaEpUNDqed9n3bRkaGXkW3GB9HHhsVpp53O0Qsq5GzsJKk4V12fX6WzfEhw6cVviZkiP'),
(1405, 0, 0, 0, 'oi3NqJAqBMEgIXd0RsIb09BbICEa4JCt2FgspRS0DwhluullX4xXe99WLO7QxJjzoA2NrUO4r5qWzMhxRPu5YD2Kr9AZSUyguB4WvT1XYrTyeb551Aa0ecKFmlFefevK'),
(1406, 0, 0, 0, 'PzGlsHir9cZoo5tqFEqTRbzdwerMsXxixdD0VWr59rtxwXXbCo5tzEH5S8Sl6pDDDgDzd4Emv8U26ReIgjcPXTUQ2Nb8cPLP5poit3FZcz2irg1Hzdww6rm9eyhqn3gt'),
(1407, 0, 0, 0, 'sEMWHrWT0Ycsed9NrGky7HHlfZMD226vHSsokoilmvNBJXpaDJJLrq6HqTktVqYCjq1DPkYbQLNzIcKmWt7nUe4k7oN3PMG8dIL22KdTv1seddBaGIxBXCV41J8QwOZJ'),
(1408, 0, 0, 0, 'EaE2ckI6OOlsBtzREBDh1Rbh9ERkkTAY4f1hAJooyJR9dr1S2Fa4wllGZd0k7BjcQktr4SQDCHNQ8OIbuSf0dBGdOGxWhQ88bCAfvqT77GXgvGrZyH0MiH07ox3GocOA'),
(1409, 0, 0, 0, 'PpPlPJsXpqeV7FVGmVsFCtM01QGp3vZTUPeKzHHY8VUgBPWYKpDnSqnTg4jkzjeu8seHaWGjSBzuqvsbU6zNwXGN1Z7Bjl6sOlaZiQiasRFTm74heD4KBLxCLFe40kwP'),
(1410, 0, 0, 0, 'FGOXx68ZYOSlWXCaBHUcsrPd63h7nOX3uL11Sa1QYUbURO4tvYFYqubxytFVhCZMo0OgbP79Jj3B774D6KBxeM5MgKIynIkLJ82UY93Is7kAfodl9OTnBYaRITp5BKRl'),
(1411, 0, 0, 0, 'TTfR2jAvqU5Fji0s7UQIS1zBUZGwJyRDr7vuq5ZQ05vkowNvqDdiENTzNA6x8Xaz4F4uL3kL9Q5xmS3Mwh4b4YLSyRpHOzgTflo0pIMyyS6UL9HiqMtvKenj5N0UnhNC'),
(1412, 0, 0, 0, 'CbD1UqztiGo3P5mgRPLC49VaWV4jcSWP4AQZ0psi5RmVWIbOyXrC7mM4iRovJlkOVbNVBfeH6BC3kOSSMjvUGiYZ9mvTHQHC1uyCKNjQoWUIKMBx67rNppNzMist8a6a'),
(1413, 0, 0, 0, 'EFMos6fQ29zNWbk3iLRIbEhYXKr6Vygze2YG8exbo7YliioA4gjgUBeSlGYhfeQthPaq3HBsOAN6SbHXr1emCsfY9dfos6SKV2aZJMrymeFfqmdSnrf0UuY4HdtajlUf'),
(1414, 0, 0, 0, 'XkQqUFXSIsDNMd1tlKaArLRRw6h2X1BVlrlg6i8PLLDxZF0kpaVRWNJsT0vR26Noy8EFrMvcy8JyNKSdVO4RCNkwOPnQWaevjTaKGFXeOHNBrFOmuTd6HyCvo0mkbBQu'),
(1415, 0, 0, 0, 'u0faGcpuTc5lSUHmNVsut50R5mcgY2Ls30DKd2e7eks6f9t35Wxy1yq7VDoTF9mJ9Zun1Jug3Wnj6QmcNULPsbWoOkhutEeDDI0FrvVvsjOzabLX5wMyIIWw3e1xSfbw'),
(1416, 27, 2, 1, 'YccpH8VarKJBVvz01lzK4vg8KiFDyQaw3mVKuRUVBExw96xbs6VwCcEnuk12bbzexvY1mTXXyvuHB1T38PAL1f8wzazKl8YSDXUZQSWonr6Zs03BPDmQSvmsFWc14aUH'),
(1417, 24, 2, 0, '7h8Z50VC9NDSEFvelATn04X5g4aSBV9JciJhiEUrrxk6cQlyqeWqjTwzXGsyBCiOU15cF0E7xZeKPzifOeG77dH5T9DvLWjGXpTDpyLWxZGmzZCndjulwbqql4V70fOY'),
(1418, 0, 0, 0, 'O2LZerKOZe2kow9obV4HsLLK4i29Wn2LqNKEfvteJvz82IxeEBV7nGRrZUAWhCHHqrlFWOUGktPmcmARYwYldQMcKn810QIqh46eS0VduKzG6ay4GwqTmd66Af8B5Q2m'),
(1419, 0, 0, 0, 'U8BN8w0DgzknKSrqpSkL5qSFF0gKRi7MrJzAfzdw9xTTqlkPdEBi5tYKufvlxD7ZmHzCgM9qk2jKnEABibToFR896EvEiDDEkdhB0q2ktl5Q0FsiRlGwdPGkubYMPCra'),
(1420, 0, 0, 0, 'BJU8NJrCon3sz4mgRlCTxL5QwgeCHQejA9rnTSZhg3KP776YtIS0uXR0e6DWWRfx0GUTyUbOXWE43K3wsVxXToX8uA4rsjZt0TnzNzoKv2PzMS5fODcI2aQwLVYdfXGf'),
(1421, 34, 1, 1, 'dnHV3uNq4VM4gRrshh0AniSIjwgz4Gmi43d7x1yCXlGdc8GupG4MZXvitLSyseQwi4EQ6cs3y9gKhXfGEjsDgXWKJOjb3aIlemckzEo7OES5C7MgrfUIdQtWFM7IWQ4a'),
(1422, 0, 0, 0, 'rBHoCqkQ9au2i135XyyNeHjHskXhvlAWXhlzIFqRQVU9WXeUvMIJt2rVmpdRKOOI59hNPIFGDzPAx4u2RdMlfdgBDutnii5ornch6RYKqNkYRP0J2N4i0lTEPn18F7w7'),
(1423, 34, 0, 0, 'vIpCznm0bHY3xZMAMQSNbLr09t8PBFX7nmJXK5YVNXYkWKUJAMwLyYMIrVx3BuaZRTWCZVxMTw6Qh1zSN6Em4q4wmBzX6JWYCTBBP8oIFvyWw7OjdsGiTKOfmndt6asJ'),
(1424, 0, 1, 0, '43lTcJBReaOKiC4w5KOZvCeR0sl6CNQHQbA2UcT9mITEkYaqJZpfBE7B6sIJfyq6J18Ed2NAKHf5GpvpoVE0zLCGekqtSRACTIg6L4HwLWBrl7RK3wLCinjwHK0ABBdu'),
(1425, 0, 0, 0, 'juB5yiBkedMAlElob61ttl0b51MGC0bWuM135DojRaUdPfB0lDtPYu04vNK8NW4hI6lOKJ7BU1PJgrJC4dr3Hr7dfSl2OqkxxFlhptTjuI2L9MneZPiGgpUwigy6HSEe'),
(1426, 6, 2, 1, 'UOiRwwuOwUmNFPqypa2d3jhGyHAnocWi0f9xMEmjzI6fyxNYHQcK9trHb24ze1Sfh2N3H9mhRtwq0koIaAtj4U1fX6Ob7HroJesqnPHfieGjy51JFu3Kp4ZmaNyiu0He'),
(1427, 0, 0, 0, 'E6SvBKwYgWw3kJOlPCpaYt0EbBFRabAOhtjTeQRvNoz77nsXZS8Yl9CxLhpVs0KKt4DIUvdITMP1aiY9b77wgK421tYutIeXMSFHnTpgGfhQxg0Io8fFSjHUMFogoDda'),
(1428, 0, 0, 0, 'THNHlJ6bx6uT2PGWx4d8JU1FKgQJpT9iBX0WH68edC8fsOcZSq8Bl9h6p8PO1Z7DX7zEeITrk1HNPUNHkVjF5ALuIBjKArnyzXcNF6f07WNWRAEbvXQAyC5hdp1ORpmq'),
(1429, 0, 0, 0, 'mzd1Fs1NpOJgposUmivUVBc81dXSCkiZUw0zZ2moR6Fgv7bRqHMliYukcscOMvNG1Og0QDpIJ4Yec96CQSY9Rtt3VGSIbFpcuFcljC32G1hSbnv2guc7XFbTm3CxJ1Kd'),
(1430, 0, 0, 0, 'HXy1zB4gDl8PJER08486KjZ6nCE6EojmmRnVtrb6NkWwYOx7SFdCZcImPnstLMP7Dc37EferzaYyYvFRbStb5cxUz0olMetqqwx4LMwlWuUVZzMbsfmysTt1URmH5P8w'),
(1431, 0, 0, 0, 'mGB8s7uoBojBY6Mqm8YO2rQWjdEp3MVpsxxUE2jgqDSoJEO5MNUPfKMzXqY0cUqFrYA60TmqxeOhTDnGrhvG2hfZIe0U8qAzoaFp42PChETahgQJympADFAmTAg21RCq'),
(1432, 0, 0, 0, '9l5VT3CikoIeV0HjP0A5dlKrMrgACJeM5jIZnlhIJ0XF0EZPEAVSWGjI8ziKjxxpQfpeAGWkGTZHyZwdzs5v8odgYw1i4yHVO69oN6Ju0JbyIILiaQNjf1AdyBvCadxY'),
(1433, 0, 0, 0, 'plMNePjzWngSOxUZ1it6hnqoUsP7Jwe8S0V7PeGMBXEqvypwRSD8g4wbwmifSwnLxjSmxy99wOz1mYxdRam7fTiLfB188oTFIM2flbpR0YSmXqAOBXWQQfC6RDfZ29FK'),
(1434, 0, 0, 0, 'zfbTt0XddxDrUri3O1QfNAE5MEDtNCYnRagladznLcPFE7Is8yIW9m1V0EpNgoa8yrtIE36pfW5T3Nlbm48vq9rrOQf4epdNQHvvKCVZy0SCNeO9iWFJ57aTYpYdPb0G'),
(1435, 26, 2, 0, 'c4HKLlJMAU7AmKBnjbhEaWowMj8GmXDz1kjNG2zhWHSjrtHLEYpOUOkH8tour23snmg3pPlmwdFYGnJlm8agXuY5YnzppDSMZ8QpYbLvort5PdqbmAsj5ro4OYudBm0B'),
(1436, 5, 1, 1, '3XuoTYy0pAcKnJpX3JoIZOcnOygmE2ZI0u7TtFUSg7CEQ2BUL0CLOP8CnpZ2sYLtsSmVyhNOoqtfs49e4MZTB8wZyv10tNtVFQRd7F1w5vMyzVNEINykV4jtzlu38XZN'),
(1437, 0, 0, 0, 'HAjHjG20MKnJ3ILiVPnDiwYdxDhNKKRrkb9ESbEEW2oZKaiF0FjjbhwJVNwFyo7SAgxssc7pevoYFGEGmXZxfvgaiNQQcYJMegeHsm6GRvFxcjdygc6vHnG0bxQnvAaK'),
(1438, 24, 2, 0, 'NhSbz9agjqNj9jfTdQqPfmOfzq5bx2GkjzvTIGa26XlfhB9vsAkHX9Xwz2I75oroXXiGDsIJq4ZHG8c8IxQGHNchQVoVkPkiMDYp5H9wM8dshqB0YsGFgTW6Ok28anqX'),
(1439, 9, 1, 0, '7YsimrOJwLgfErD9vykilHtOUtB9uiaChDUD4JnBvEQa6ujB2DUolncfROpl6zXndS1iBoT62Jg9dAKgeEEz1RPSFeeLOc924bkGzdNCX3MbEwrSa6rcXh5CwknkwxnB'),
(1440, 0, 0, 0, '3RK0K9furW7FCz83hZnn4EfiTtELYyL1qw2bFiF7eNMRnVUEUi2YXhhQLWCJvnLWUN7A5MHkztbWp6BjoDimUAcGwPp2daY7Y5H4SoorSzohGZB5CUrxuEd1tD3GN2OM'),
(1441, 0, 0, 0, '7vQZUerMOP4uPFArA1Z5Fc69PaQDcEqkagk4vLQjBVOqBoSbqRg64mfUx6yJKY3UfnYK9P4KKSblh4wHWNN1a3VH9uqUtuOISNs2DwNnpYIG2foZ3c0dfWUpqljTQ8BI'),
(1442, 0, 0, 0, 'W4KzAxW0wFGzV5yYhybwu6WVrfOioq0kvLT5jQ6QwMprRXq9wCF0ICVaRKsgbtAGfuMzkSpRFOjxMJGilmj4YffQ0H6bbHSrbE0wxpnceGJ1qpkMMDQKT5ATNH5ZoXqA'),
(1443, 0, 0, 0, 'Z0lRJdWyWwRnX7kNtvezNM12gdTs7Ko7LKYuYV3VrUip2Ccw8r5Ve7XukRXsBlzn6xS4tVZUQhjSUwo2XuXbCVGXMDpoZYL5wDaZy9UordhlKGnHblTNgAK3dard8cjF'),
(1444, 0, 0, 0, 'zHqySeJBdoNEMxCWwUUidCpyjfUke2ONJemBt5cGu0lgyYc4T6n6INF12zmgCb4lqrXUwaA0aWhIVtNOAaUiXzk09HhLSm7iN5ckfNkpKB8F5WuF6pY4Zj590nVSJ2bx'),
(1445, 14, 1, 1, 'YNKXK11qT2BFjoOOqUZFAnREfQRWn2lmP6kA8m11pCGI1uwrpw6ZTYE8Pw5dyqzoxUYGh0HGDnoESV6irdilcWu1sze00OpxIoeZoVF2j4Gc0Nur1MNdJhebQscQgBoZ'),
(1446, 0, 0, 0, 'rKus28nhFgKYiKxCWUGIcQxTKnB6BQm2ARvD0SUF8EErpc3m7K4jABdlZPsAFOCgF7TG0Ol8s0zSdCekniEYURjTGLumA7DgfxWflinOiXGvAUQXcvV6mf031vqBC3RS'),
(1447, 0, 0, 0, 'ScuYRY8fTDlGtbqtu6ugGJ7N3OE1VmLNzgLreUG8x2P0dfuIlYZ2I7QMVuNRRzEqPqR4kycSA1TOhnwCmwF5DvRz0FqRe4h4u98PHkHimB6DZDgl9WrMrjlsYLjdQAhl'),
(1448, 0, 0, 0, 'BN8W5wKotqU4lL1xgXEDcFHea7PNbHFMuNJAktZNUURfFTNVRry46fihn74yOKljy4USyUGsOyItrvojXXn3cFkANp8C9tWHyQz6LfyzNh3fMsyJpWNCB8cpxl1GOXon'),
(1449, 0, 0, 0, 'OYtAd291jch5FQP4MDGoLTOjeP03NoqCmTcAVmCezUkeKaixNZWzSKS6AT9niA0EtcfozSD8MXmw7F4VE0uxLnDlgNJynJdRWtgvlTE7R0EZFJUkJpRvMvQ2jzBGjPyg'),
(1450, 0, 0, 0, 'KpasKSK6tQKsu0ODWfpozLQxwaKnL2IvsSXcLIjez3H34vG1L6qkRgSorDLcFtH7mFk7nDlWH30LyGMkNdFEux3VbO7QiOYEujLRW7ODaOpJvc4ipKXTi0OtPVk7KjMe'),
(1451, 0, 0, 0, 'Cy6zFVcQJBAfNFydpv6HwUamPvtzOgOqOUZuPckzOVOCAnP0SVHpPSLFoffcv3DkXDONQ9mF4bhFy7Fr3nRSgCyESNQoRuIO8xCYGZDLaVrJ26b5u2YKFxoxkfWbKE0S'),
(1452, 17, 2, 1, 'N8dEHFqd7xcAZvLGOzxSepF6uAHcs0gg9tUR9l4gShRRMDyAc6trv9xZJebcfsspWmg5HlmACdrpQ0036tuBC1BmgMywf0Wbndg5yCFbQ7BH7BKd4ePHgq3xdB4sC0DZ'),
(1453, 0, 0, 0, 'ZxQCArQHLPM2vCqMdA7sfih3qX20J40IBQlbibT31F6whwiv7qXmJepabsaUwaD81YkjadnbSuIa11G8sDubRUl3mwYSGB1IAl1KypWrTECUGi28VxkNrGRNcPGTrHB2'),
(1454, 21, 2, 1, 'TgEEtXCw21Tmdka5hwkScqIAbvLgmtdgJRUdOwJQyDdMYnRfUb86CQHNmt3JWg0G7UTWrDM0gZMfnEuhQCost5fQyjAvAAbHv4EXIqXZqJeNoI5eltHPzXG8ggDQROym'),
(1455, 0, 0, 0, '2CNB2J2VoEQ4XSdTqxGRdyFqnljP3UR5xFGzoJuNokSld5eDDVuRtahRvAHzuzE1elAC55qtpiODo3g1YLSsVakrK20fBFgP1Rs6WSzmboZzrgAq2tTXEepogqDR5UH7'),
(1456, 0, 0, 0, 'nz1Etwbr2Nveds1f073T4NjtJ9bmzpRWZSBspMTrzpGNSH3TO7NTU6mDgy0PYRLXKmq99jBJJhxBYAvNHiHBo3fFCfuA7gxRDY1MiCv1U3DSD8GkqnWPrbu3qZDyfbpS'),
(1457, 28, 2, 1, '9qFr3bsXe6QRewcFU8vlj0oKZ1iedI7m8MNcXg9bmZ2BwehrnNMHNbsMcL1qt9MCVAOTRY4eX7Pum7VJUIrHTTu6Eww8FiKBTzuKxzYvGOZ2VVMQDdxw72CMz8UfrFQk'),
(1462, 27, 2, 1, '2JQBJSkRhKCfrSnekmTUOxZFg1xAHcIKVzlErGwIq8XS1l6mI0gwygcOiKp0W7LSH7x8N4RedP6ebdATeRpM8CBrm0rj8cbPjJY7NQm0FtfQHQJVH9HQLih7jIqrVChf'),
(1458, 0, 0, 0, 'DqnRBDhdJnJENAsH6S0PHrKdKdK88R6MiuDU7V7RiRv5rYNyRNnzf8MZlw7uoehHIVCQQJI8Bde3c2B3QZC57p4tWcYlqf29aEZ0oI9ZWo38qEcgEPlLeqfbCdw3szdC'),
(1459, 32, 2, 1, 'p8CPv0fFgtzIBqw1hA2UNiP9CzMuZufoCSe8StO9XnRyOnA6XD1LWQUypH2pbiNOa2X2vLcs930XrB3pe5aaV5JlMLKY4yMfAJi6uuyEyzB0aFppKAAGGj1t5Mr9keoV'),
(1460, 21, 2, 1, '6H6Wr9yImDhZct1RQXSc2JYtGFfkz6tFOACfKaY6Of51J6Sz4LM6uKAbqQvZXZFLzh1jsZqgfvhZCazGVlNq6oBwe7vb6bXGsY0UYqbeWsdyCMfy82ZerAKFHgROrPuU'),
(1461, 24, 2, 1, '4kdXKsMhNsBZ3SpIPvfDaV2mgDghMpEQKSOvlBM93n87gxP535Id0KzhoPybfd206QvsrhBuFJBVhr0kxJxxu7PSXo4dB6dIWJan0LSFvuBMWC6tlE1PMQIJeMXPSayP'),
(1463, 0, 0, 0, 'AkEcLGv87LHssb0lKRyzD3pnilKQ0CEBXiNJYjS64zyxLzTvqr54vurNQcDRPisNAgxzzpFEZebKN5gewmi1QKOHWsyMK1Alh7VRxAwwPHhCMxQjT8kKS9rPCZCn0cIi'),
(1464, 0, 0, 0, 'jD9QeFn3nEGacxt5FOQyYhoBh0YicGAwkKnzpKCNpjXBQrHwgx5fPtQ6uOoHvZePJBo8m1WLkTnal5GCCMRrfHyKwWr1VFQEhfNDgJpADNLZSsBvesXuaveHsGIolz3D'),
(1465, 26, 2, 0, 'sMMboOrcW7kpvXL3OcsFozqsKnkotFwVsi7R6y32GosbmdebpHQOhhh1FCq8hW4KebBlKFoq3QBp3PAtwriOIzPobgwtcBerNPMxuaXy0yX4oyyV0QJJqz7CPD62fkt2'),
(1466, 0, 0, 0, 'JbPySRFL9uvUAV1m8dqa8ifoa6Bou7PdjELbvqWEUrzvnBSwOiGXBVlM1Xav4ZJnDvz8WwNRYnmlYfSNyyK9t6Vv36185LvJg5RcBF3A3qV1FNOemznQFjlJpnRu8ndo'),
(1467, 0, 0, 0, 's5B4LFEO5AQLoEZKdnATGWC6jtAsQORjUsnG71udBlZZZZKdnk74gKaAeK25zToulLatNFHp0Hp0G9e4um8K6ilk3npCgO7Czi6nYNNZvc0cmegQBoBHGW2KjrmzfucP'),
(1468, 0, 0, 0, 'G68GAHXbBu9D6tdAtaoavpjkrDNn1wJIDRodzmoaQyNW10xvaVFGkY1MBOaDlTlYLKck6BuW9iTbiqGtllaGkbsVZCylwUjhEvCK76HgpAsH08bmul2OwvKw8iREcbWR'),
(1469, 0, 0, 0, 'OTCsOwX7Xa2c4fIflWaAW8TgxXqJoxZcrCFf9Dm6OpjSF271YiBVrvcYtDHRbH4CkKRtndAbDT3iWbkVtVQUr2SUGAMRiQtCAk6YyG9bAduwoOrRKiMbkE61fSSxIl9j'),
(1470, 0, 0, 0, 'HyBOFj54TxMTGXfbiiZPNJmW2eAfqw674IWK12OUAAOhx4sQnsGab26ehHtHdAPijL2lORgor4FZ97QwzwHLzO0RvtyJ4n2n94IXWYln31nc8dJIKqukeubJYJt27vqg'),
(1471, 0, 2, 0, 'A9ew8zUbBhoKu7sexXzMrKwpuZsBvSS516CaGwlhNK1hRuwpr5cSQIikIKWdDOjFUVPArbSeVTwNn3cP9pIZ70kQLg3o4n4ZiTzJ4rY0luNJy0yHpgHxh1n3hrsmOwl7'),
(1472, 21, 2, 1, 'qVQvnPvIkirSi0zHhgfziDCz44WTBh01cRwzH1i1jJTCKtk1KzA2cdChhybSPbT23qCKrULLEFoo8IqSh1UuexLw5WoV8iYcJAXauJW8okxw2XpkZkPdRAJWx8SGrQSa'),
(1473, 0, 0, 0, 'ZQqwbre7cRWpnRp4l6g61W6vlf5l9To8KPFVgT2tLZS8RidcouiprpVME07OUwXElCACwD5hCYqtgEGF8Z4Ao0m20uRV0OAlraXXN3eq1FThjAWsz12X1p02TRXTGxf7'),
(1474, 24, 2, 1, 'Id4wgjWhYQzhqwKZyMWzbXB4OzYv7dCPrHmH0iZZ8zgy60xENudYrP3gp1LwfomG5Io50o59XlH4mfIaKW8bLcsbddHtB4aHMzNNXSXVeFZAUHLFDTRp6jAkxiN9mYQ9'),
(1475, 24, 2, 1, 'xDXuwUqKAplv76aL01a6lLqS3e2qcTzJxxe3rEN248xbeHWeJ7l4SLXV0ZlcTVWqsatUPgWTpt4Da1ST8dY0ZVWZVicPd8fFjJA8Zw2p072b8V5h93i8Ze8VwlKKt0qN'),
(1476, 0, 0, 0, 'J0WJxY8x5bIe6OwgROoR3xMASxkmxKahL60i48QakzprnVHfJ66MDTmwqHTYs3gd9gwepmoJVOaiJSysYEfBxC8Yj1XL4dZduvsTRQDNFO6oGEREi7gQJoO3qLPuZOIt'),
(1477, 0, 0, 0, 'mzIi6qOVJrVbTnXqJDKupn8pFkY8uH8QgQ8mgXi0oebiB9IlMsPcQYBvjzENgMDxCMUTJcT8r4r3e9p0CecsdOYxnCkEoYc1K6UujODKT4N7ec8QrljF9icxUxbjvnlg'),
(1478, 24, 2, 0, 'zCcJFaaFIHU0OsJVD0IDnneYD4hzyDM8fYRV91ASJvSxXCtACbe0zsZdxgM6Uyeaw55F7GyRbqo82RJF3XGDqFQXWC4Qai1Hn7nvNVmYmL7oDQ4GOKjeqacmMgdXyeEW'),
(1479, 0, 0, 0, 'GR4ifYffEDttB0tY94y5SQ9s0zqhgH1Xz5fO3u4I8ybKyEJIIhOB7Y47xupOcqLLw1AzwFhEdtpM78uQpjswhwEO13CdunZ0pAzVgRztlZgt7Lkw4M3liI9kMMxgaxgz'),
(1480, 7, 2, 0, 'oxKBFWGEt9DhWtJNApJr76O1h618bi3zPNbvJR9d0NuXheKRDtjLA7MSdO0p73ZWQbrA2BN3oi0FwKx9eQVOYHGcwGBDKBABM2bPDZT1iTHOEeYT4TH3Bof85RLPsmqf'),
(1481, 0, 0, 0, 'bWedaLT1peEzOb7kc3w2V0OOJgjdP4J11XecJ8e8mSIb3PvgS2jO38CNoW0e1Jf2GuepCtyZlgap5GFYIZMM7pzwlzKnj0qZuFp78X6tdhSjXyhGx4tFu2bQCVdVWDUq'),
(1482, 0, 0, 0, 'Umt4eRBEf10CJOVmG5K0VeDPdfdVdoa7KEbYvNCLPDozrjV8oG8kUM972n3fLenvSzuom79cLyLcRHlgnuAhgKpi7txSHVoAuSZQZ93KHOXzvjPTNqb3aBmh4UaMPynj'),
(1483, 2, 1, 0, 'mU7WCumStu2dD1eO9ueoSMGS6jWGYYElTLhwgEoK9qXNsbBBFP0yBHrI1opZn3kgPCM5hbPqCMe5YPGDFHchoEZp2opprKGgmtlEFb5hXjmV83zNKM59q4ztsYTUIzb5'),
(1484, 24, 2, 0, 'WtpqUBo0TrDVJyL4B6czP1MK6Icl0ssXVRoQtMQmeuiX331Eaed0gZKmIXIIpaGl24bvR2S5wa2ze4eojrozr9W96ESwPyRRC3nu5gzCrCcFGq40SsAjCwsIbkf0T6Sw'),
(1485, 24, 2, 0, 'ag0gwzTXb5CSwGSo9sIMZbvbwKcpR4V1lVhRvbOGgryN8rciTU4T6z4Ckg1blXdGTvxoGm4XODKW4XfYSjRYTWAecCpxACdt7LRO7WLVAwSEt7DlrvkkrUzDxYb7BoAJ'),
(1489, 7, 2, 0, '2hxbtaVLyn6v4zdiywQGdXgmrZZbBhpDyWP27KOF8Ubctou2VkJ9iZvJYvVAMkdlg3nnNb3V6f8zECCzXlIfkeZjKUTwe7RvafTYrXUxc27QEJqC49SpoRI8MCE1JwwU'),
(1486, 0, 0, 0, '9N0AkTrzb48YGS4Id5n4qxXHGuYloJ3yx48RXzr9Ez7krc3FhrJIYHpEbo0A848F8gx6PYfuynO0zSFRjpzh6YWhnXRv1Za9gHf5GvAeSoerhUiBjSTpRQHeNzJOzUYP'),
(1487, 0, 0, 0, 'CdViJvwBUL3bFmNYeGo5w5jjF38eX63zkYR3toEn9HzP4mOi2cnziHSXL0bI7fireauHy95IRFyV1md4zBDRjwP4x1NEh55vfAcOKiwBX5xZrL30nHSGdIKKJxp0DvvS'),
(1488, 0, 0, 0, '6IHQ1dsZj0YKL1L8JDPWmzH5776KCCDIlkzmy1lR2kCNlnW41L1nlJtsQAdtcRbycLVKNhCPBeDXCz1Dk31GMv8D5m6ieiQq3LaR2NGD1jAETCidGjTtP26UpddDv34z'),
(1490, 24, 2, 0, '9xDqV97tEFp1R8CZ1c8sZMLp1Snf67ffFTFA2N4GsuIjCkjDws6wfRWgJjwPqL56ELGHzLn1f5lSqEvX6CtltpCdJ92aU8gzUXhtIEuYKQQbum8BYCXr2AFLJHWEQceK'),
(1491, 0, 0, 0, 'YUWePPhS6epPuOFBVqYmLdyNurJ1dJCcDyqtoIlvWLlrz12vs1Rdeq1IRLK5vmi8VIBkqXPnIbOicRNESFS75UQXFA3bXljS4VcvT2SBdHUqyI4rnXztRprx0uIXP2QU'),
(1492, 0, 0, 0, 'Y3pR5htjYnJx5OZtLyXDYoaYTTWJVMDTP2LVjeeiBYQHMPbyo8cnwnmqgi9c5M6UORP854rH2hpP7AowIATfXgFezPqEBwzqnoyttZawhzloaKVSkP8i5OwEDWjetSER'),
(1493, 0, 0, 0, '0ofuQLURal91w0P3a4uoSoM0cUIE5O66clB36vUgR4ho47sebXD3lq4ykMcqAiwNE7QKDK1uOjTTql8CiLFEbKcwwoW7HtUlBK6ev7JjrCcRYltg69UhT7OqvLxdfrzQ'),
(1494, 0, 0, 0, 'TSLgwog7U7yuZLzDROy53Tsl6GoeMNwGGhWcGdjAkS5kDEXvtvAxp3SwJgKw4hcKy9WengPI8U2MzZh2vSzVWrrGIcdNtqx2AthXK6FS1IFAIXDeQc9NEAunNHag7HjH'),
(1495, 1, 1, 2, 'fOod7O4eHrl3d8lBlTOLi0I4mJmxlucAiANppRE7j0aw8w8upWfIWYNjHaQ2E3DXEqm4i1bB1l8aRgEhdTZaSNtzXkCBofy2GV6ZXiAYEI8wZNNcGNmzAQ8xaL9y1IBI'),
(1496, 0, 0, 0, 'efQAUhYgXTv0zbRIqvFdoE1AUt7XUlc8A3JukHLiBhibsaTTFy63d8E7BL5v6iDGlmbF3WXFdgQGqJz5iG9vONDpzIUF0xmlUx1YuZDIftoFdYLvEV1tJESinMYokkJf'),
(1497, 0, 0, 0, 'Yg9moLRGP422uQ3XDwaEKye7qyCIuiUtz4QXPHEFLGHgxLdbhnP2W49mCM5740BE4rCU8gATXiav3nGlLwnIAx4djaloaW2foEawUKqS2An6Y4rJBPrcnwpGGL4RI776'),
(1498, 24, 2, 0, 'Shv163HXtPC4DxArSmHNSB9ZaOuovHYoZup5y731XG6BeG263KTVm2UwRpVn7UL6oacWigYfW4QbLThOEaK0dFx55sscndjLowIGMHVJMMUxFcmjn6kBMRGRk83HmntK'),
(1499, 11, 1, 1, 'x3Sai6OMLbzVAaotofMsXXlYToyUNOIlSBwbHlXtwxp7HNA63my0jUZdjx77lQsesYp9kmDQU2XBPxHTUgTebTruqzBMp40R3p1nMFeGHbixJ0qEhkSsdjXETzqiDqaH'),
(1500, 0, 0, 0, 'xA8Qbcf5N1WRhUVqSiPSPq4XH2L1Ksmi2v8eHokvphmHci75AXXqo2n6487OBu7DZfSHEdc3uzKGRSLrQJReMekQnsFYWMCW1vDFIQJdpuUgmGHcqzrcOM2beHabtN8v'),
(1501, 0, 0, 0, 'iMb1CUf2o9jLP1YfApsobuAqcLCFyLbRxmTah8cGhvs7wqn6PPv1j5svQ5bpQmgnJax1iKHAfaHMA4TqTosduUIlZUKPh1d0bK2tvK4LULxuPqUJPmWjhEEgzp6QqjQC'),
(1502, 10, 1, 2, '4T6zDakxVS2LjXu8kqsB57SExYuXhlAmeGWRQgpM9rxso1BIs4jycbcJaHHs3hOhXK9O1zAb07Do9f7CjqavCmeN4Wf7d4paPzYR8z28HGxQVEsf5CLIZ0v3WLb9PAkF'),
(1503, 0, 0, 0, '9jwhSyqzfYqaCTqIwbrvcWz8IKhylCduVJMOidoxbOIOI9wekYJwVjFD4XbpzoUv8HjqUIY5xGUfQrtapdHkxmYBk91TyVoGCI7xr5DYMxdCZHNoVvJsSH4cQ55p0u5D'),
(1504, 0, 0, 0, 'QuZYpkLBGROvg4xutYOLQhK0MYqLbJd1ec0ExLfdD4JU8gpBeem5v75h5w3hghiuti914pfItYCCe1dsgAxLID3Oa65qnnVRG4SLt7tW66yk8MNonk95YcT8jZyHntz3'),
(1505, 0, 0, 0, 'dgo3UZv3ecvV1Q8n1OOZ5KfyB9dJamZoDnsxnXABa6xbWFyYunXA7c8ImmsxIrVlPoTcmuOxAmIw2huwFs7NFfw2BYzkqvGfUzsg3hNEEwaGNFdt8kgOAMQcLqwbVdrP'),
(1506, 0, 0, 0, 'P2KHd9OtLor2HSa23ehpzSEGlzchwAzmDj3QsSjegLhXDr0HFh7faLVvk8MRJmdmGhc99wnqiFnV7oDNGK3QwYlR78IQvWcbdpknWINenbavANjgym64lsVsBDi6AvhO'),
(1507, 0, 0, 0, '2QgoZw1xnd34nvAg416WfYvcm68hlepn5FM4bNCy1FDpaeFffMbuLHH7NQp94OwatjeE7Rd8wQxH4dXjZ8OKQwSDmhNq5jByDPdKHqSdhqVmDSGD1uoR1gvnxiNDCobf'),
(1508, 0, 0, 0, 'epZVPS97i5tWY9zZEXRFdm2LFQohfAxuZwqPpAWHFqDDzdDeauUoRW9wNyO38lx8SXXhxUZdkDRUQu90Z3pQ0znO7bRfxonpmlHUfG7AjZv9tEatHAjI9HwgSnwqMUP8'),
(1509, 0, 0, 0, 'fx3vdb6xaBHEfR7XsrGB8cS1AormjhvzOy41KazULgz18GZA7FbfR3grsIOLZjkNSpPCzoxlE6nMMmmU1y9TCql489Q7taVlzKY99vvNBSAofXigvsa7Tvc2E2a7d5tN'),
(1510, 0, 0, 0, '11Zg77qRYdTifeNRJdhKoBnRSnCtJrdLsd2zlsrjFkCVzpNiD532GrUyOw2yXfkptmZOOr8uMKpmadENiIQZaKyYgAxeQREkdD824hwQ1Wcc9R0sAQsLA0KRBh5s9JMm'),
(1511, 0, 0, 0, 'lDEHSwNvYUrQ3FO58izk4erLzTJ5ATvVxaDpGrUEmmvp1kv9C4uHjVsTObYp5tlCEY1kqWZMiucjOHtrMX86TAZIMX7Rrsu5rvqSspEKTR4Hzx8lvhspSr7EpfwQH0W9'),
(1512, 0, 0, 0, 'Oa7MDod2HbRhPL7Lo116DPnfVCgdW6xKhFwU4KWLWO2Lz9xYby4Oos3j5kx1q5LHKiBO3yzZnCLWMiVXR0MfsPzxa7zAckhXDTMGslFPYqMKJHIAHuQakqHuxh5KBmHf'),
(1513, 0, 0, 0, 'nVpscVieRvq1nquYgXJQXtHzLN1UwNhUIGmUCF9uazwyZ0xgXg7VKPvvCwq9kH33opY047ufG0OG1lWZB3VmSqRuXhDiZHln6jnbqSq6SfMUAJTcMOyEfq9dHNvHuQ4B'),
(1514, 0, 0, 0, 'wm1YLGJFyNn7kwsQNVfFmnkLCQCkRytoVvnHc6mKTJRefk53fkICI3nkU0ELy8auExbQDyAxhsLxNQA2bjETm2eg2S2B1c6FKhwnP7V7zHFmygpJz4DW7Rc9KfLMrRrb'),
(1515, 0, 0, 0, 'wBUohdMIHDXkqwDbLtT49Sqg7XURJxgg8bFqpr8746suC6GozzsIsTYARTrArIQzTv0iW8q1fSvSYbgxLJfeDeOu7g5yYV8Sr8aohBpxtVpr7GZTpe72sVxAcC9ayh20'),
(1516, 0, 0, 0, '7a9xOThdnj8yyfF6qNP3tGWkb0n5x9LEjUc8OtmbNuKmKqsadidHYa1abpgIz1nTWz1L3oWQTHcE7FOlX22Wd36osm72ovVl4X67l2YfKbTRQIcOLeLYiSnLevND0IY4'),
(1517, 10, 1, 1, 'rNdMfkqmFZN0iZNAppJbz8s1aMfFqj7S7kFnE5Jk4xknx8XWyH87QA81moGNIOFQ8ldNqW7vtsS1BQX9y5hpGqr3O8QxWwo4RBShyZM2rF32w1c57tuOTWRI4Hg0dE54'),
(1518, 0, 0, 0, '6GAArDIAf7BBnPtZtoHMi4y1mDQOmmVt3v3u9L5oTH0hwtg0RYMa3lbqY2elo9OsFSXOD2dxJeOgH5hz34J6pVwoXLJmVyOAqMp4ODBxRpOzu58y9SFzOcXLXH8TfXtG'),
(1519, 0, 0, 0, 'JTLxwn5nNUWiZ5R9YwJMIGyGnGzDE3knX6Vtu1RhVOAUUr4SXNFGudnRUWvy0QVXXQrrRjJN7jH2KMUIzAp4NMWIJrgKibHf29GUsqHAJpDucydM8CQWpME9eUTw6BL9'),
(1520, 0, 0, 0, 'Ks4dTMOCbr7oZka8X04nMIw0CpxJ0jSLLWYFINhUfpieKsmItr5g9CgM1Nv26oNSkMx3zPYOfh3ZKqHdRNt1pKNqyitEGgx1355DV3salw95WRiOEMP4wCu4VYJCfhDi'),
(1521, 0, 0, 0, 'VvqGLbqbzLHKFrXrEABkLBTHtzQ90hVWNmDyx3K7PsRuTPVypxSb8LTBkKLl1HiO3VnBY7IOzzitpe2OLU0TGTv1DhnFYFt1ARCzYkoyUG2jU48GZ8AF15HFm4lkKOml'),
(1522, 0, 1, 2, 'pSaVVD1OEJXoLQCGCY02ws8HSl4QKNC9GM5Bq6q5QnuBd6hQ5iSCK0jDmnt6b5fRSktirTohgSTuZak4tcGdd0QznkFyqVpigTBIM003STxS4SXx5ELiECR2XxBnt0FK'),
(1523, 0, 0, 0, 'UhsGhsJamh3q90YeFJwjmoljWWGqXmaSEDyV6h6szaSIaRWQBt9XSvgPsWfqjqiX3RT99ZCI9vqkmnaXQkUJQbyj8OKre2oiThs3h4LrzbLWyWTphO98ZHr7wbyLeX38'),
(1524, 16, 1, 1, 'FZUEjiceZfxUjFBiNbYPhFvEKQZuFlPlkKZE3cS2rqXK6y3UJ1J1GeFq5EUK0K5lu4ZxhSAIjytp6wjQy3ReixFnbA7ckcxPhxnypXhJwL8CistQvk4OSKb4kjgFwNuO'),
(1525, 0, 0, 0, 'lSnLPEumqDYI5ryBMDpFnBJIUZnrNSf8KCTAhnWH0Vp6nXHaB7PYIyHDy44lXktIWmjdKfVLbkRyizJTGySo7z2FE60BquknRDBCTwn4QfD9On3uWVT3vVJ92JLse5Q5'),
(1526, 0, 0, 0, 'PaJUCUbtBMoD9iidKwEI5OWDT0A3z7sohbjU6voHhMlr5EFPbjyh8uU1uu54CxtUJMOPhcxzZT14xGUJ0s09XUaspgw1O0VxMKm4XTEXMF2kmW3no4wmZGOoXkqLlmi7'),
(1527, 0, 0, 0, 'ukKDEQeiHYpdrcshJXCL05UkUUbRPxkkR5YwVdPDbfRDrjVbgxWhCQCxKNpAkKUcQSIM5yphNhVfAQqRnm80cKyXyYxTIs5ylOkrmKJ91EoCuOtSbBTomslUqTN8mSHH'),
(1528, 0, 0, 0, 'pW0zAhhVsskcKs3f8iFb6kcvPlaRjFjJBjicBA743shOUk32DIeK2rfSMqK653PHn8TYI13LtkAoFDrimF3p6ihTJ1ZO4PvrXpqGqtsUN2isFJL1pOqw7IpQJoFOdbfb'),
(1529, 0, 0, 0, 'glYm8o4GoOrDepJG5KrVZMyBLsVC9MPp8OMhcQXAFpeUOXAUI2PHPniAQed013p9Rcq42oFINTDCRewzglh6JAHzPVzQYZ0PbrUePzXDsAfkOLU57bcRMUrBP1rO1sDd'),
(1530, 4, 1, 1, 'TxsJ7qmz0BTPnNVvZ8nL2OmSQOGRhk5aSxTZYfzYRtOehKKgT72WVpOMevEvPJFIhzHfPgeGJ3U1OEhHLkDHJsuXX8sMR8u9HcowtDcdG7euMvcyPPgzhKweSZ1K7wUO'),
(1536, 24, 2, 0, 'jTQoLJVWzgHWwcERStMxIycaG8E2MIE5CutoepkOF2Kbep36TPECoRM4Zr7L9LRMglavKvjpx4BMtFTmuyYSpKXoc4alQ286njB7OVxmZ98sO1OiANbZx8oKdz63Be9Z'),
(1531, 0, 0, 0, 'IjlbWypDGD8s9k1Z9iyr25GV4HGbeA0XTm8QUytAbB3kW5j6nRxqXem1V2caDd7xzgouOR5Zt9kpeDvCv33shptdsGn6UvDtL2YzT3zncTNrwj32m6uEwYRZFf5zKJ3v'),
(1532, 4, 0, 0, 'L15F4E2gyPI48M7vTC9pA1oghtP2dSyYUDDYiGfQvXVEK2aDFk2fmrwDVlF8ed69RK79qn0WlWB5ZLIE5LUscq58LLg0Yn9Q7hZyF0u0W56VRPzXBtpNUvWGgcGeAQ4H'),
(1533, 0, 1, 0, '84gN5KO1QVXILxFm15aVA6BQii5S9aAheQ5kBUlsQjaBQQXSV7NvdplwHrpRB09QQfas9vU0P5BGVzyQHmmVLIrt9QkKRtAHJKaSg5T5avL64jXMFjHr18UaZfUQJvys'),
(1534, 0, 0, 0, 'fJlwOeBZJn6OH3AmmhOnqIyqYsgHXP9dyuJnJlnsIthpwSMSaAgBjO1hhiYf77sGCc4lxrOfU6FqYrj91zKloLCF3BUbJnRlzVH6mvmhC1IAs1JuBtQZfsFi3AtNYl8x'),
(1535, 0, 0, 0, 'hQEEm1VY2DyvEi0gMQg1jWknwOauaj2r9H5vI0tLD2hilhz78P9rLuOiiZNsiPUrxZWg0p1EsiXNAwVJl4b7zZpSZclh2fIzeEPe4RTxaQkLmguIlFPUFeMEr7VumE3B'),
(1537, 0, 0, 0, 'axTeaNhJXrDg0hzzU96wudAiIs8qzyGJ5zYfnfZkHDBHUagOkmkOAU7infJWOpGTZE9mU8HBLiiGszuMWOBwIIP6Yy2MYIGXnPjhY0TKjcqLLVyIJ9esS4yQCBDAjkxG'),
(1538, 6, 2, 0, '9RY8SRTb3jXPevxYFMqyQZotA24UmBBwtzFlqyxuRuj60R5GEwevvDY6G202EBz7aetBM16EwqLwhQdWmsrR5pYLsYO6AneKCImoJs2fTNMbDZ70ryRxYPjqO7xovL97'),
(1543, 0, 0, 0, '7Ie2DWuhnBfwTKLG8K9QTUcevRod9HXgqbi37NlvpB1jlNZtx9kr3xFzo3MxLKOcW7f4UBzkcBDxoD1WMmnQT3ph6cPSXD4ULkYFWy089DGygIu24RTXVif2v5UsJZmu'),
(1539, 0, 0, 0, 'twwcZysSme30ea0GJRdHHx8wFFVaq4iUBO7AnztJOwJ2HJIqBW8jtgP8WKjnPBhrqp1NZuwN1fQJZzaAwiTZzJ8vurSj3aLtAMgzhNnj3d22NdCjwwi5frBKTu4WFPqf'),
(1540, 6, 0, 0, 'CHOTubdxpgzctcvZJO5ZfHJ8cN5RCv7ecV8H7mexCOJ61f6K3bJiTtr5gwXT248e0hV7DaFgZon0EtKHFu0yXsEeYC70GgfGxbObltskSPlwj5eYAexyGcMFOUGvaVbI'),
(1541, 0, 2, 0, '60UsunNmc8Twe7vOm3n2f9I44ozejLXqLSTffGCsPvY3DuSZxf2NpKRt8rIscGSXyMdNsQfilelZIeYfu03TKUnTl5lxLevj0J7tzmMVB8UkmSzRTCKEx7xTdTrY8Wi9'),
(1542, 0, 0, 0, 'GpDfMpbnx5HTYhKSUvwrD4lQYMO6I7gpwTEiiQGPVoJUFuMA0j2Donum9jtSqJhWDWeVMVLIjvCYZpyZIBD7Y7t7qXZQHhNkd2fZX1HgwkfvJOvsp8zng3vH1uxILl2Z'),
(1544, 21, 2, 1, 'klagTap3N6C4O67TY0RTj6VOcQhWQEqa0ArTLRXzXzDMGLGFLxy5EuUQkcMbQdlQONKzFI8DiMpYx6DjDcohGj81vVcl8ycXmXw1FFEYs4W0aAkNMI5t2dux9HTig6fC'),
(1545, 0, 0, 0, 'zAVIbX1qmrUgzhAYmP14utpHlRWcFe5eP1X1ZYrlpmCZEdY12Z5wsueOma11p6gf8dg7bIsB45AJiyKkxPR0k5PHgQJFX0V5dbdpTF0YLBH39soHifHCkxkBn3hl4crh'),
(1546, 13, 1, 1, 'Z4n25SUsHVLFGzttfqG8TrsoTrc7TVETZ2V5VPxCKjirSLU7cBg62IuWaH33CIWCKRIGHgjszBTrnOzzpPFsxaoHRsKtaH6VyOCg4VIDwB5UqEuPtai1kGIb8tFjaLfJ'),
(1547, 0, 0, 0, 'WlIxu6ark1jXZc38WAcToLoRrWGl6Ee3ZWAt3KUnMekLroToY6hmSGejDUFJzUMyQm2U7WhUbCFC1z10FjnyZBRCwwm5q8EhvGbDCtxO6cr7Ms7sLv0L6RnCoJIPSm7n'),
(1548, 0, 0, 0, '2j1FNyuTLV0xn8Z9D0UKShng156TsehuyialREeCzf9Xo96190M1i9ijfpdHDvcbNmxE1LhB0ryoAFqKFdMYm5iBuvj81vkOSRtTDKvEb33MJuxpHjn3oFFTbZ2cum1n'),
(1549, 0, 0, 0, 'euhRfMvrQydz2KYJ4mNt1tmdsopXLrlZVCQbpmCfUPPXAOHFav8cZvprUPpFgKEcnvnMRZ1MPRKpFs4PXd2WIsoChOiyzXKWs8Ik8K7XBSnhks7iF9foBE0Ssjr1gcYI'),
(1550, 0, 0, 0, 'tzFAlBnpgwVKnGaZSb60XiFGcSFZvjXZSDzeeXDvtyfRfqQ7CX8AfNgsGWscfpb83KmhI0Mbz22PsTW5R5F7SWzyS1K8rWhuGELpEyAeAD33x08o5OvXK5wD6hMyd33U'),
(1564, 0, 0, 0, 'jCLtc1Xy1nlMQ1HFI6nK8hfIKw5Lk4KEGw7Tx5rzsMmjN3YwalgiDw1n368nbT1Rp9KXecxHZT0NWZj7kApX6qk9xtxImzALJlJYxgFx9Gk6FEd0eDXl3ivBM2j8CUUl'),
(1551, 0, 0, 0, 'C0ok6cYSweMZctdIJUANv72iF6lcrrN3rcoxompVBcUNG8vq36dyegRTmd6NEUR56fDuC3qdgl1WtwnwDA5RQWLcaR0OMRUS6ynIBNWS8XPCuc97NeZDbKQlCQ9oI4gO'),
(1552, 0, 0, 0, 'CDxdru6AsVcW7l4UA3yLOp6qggPYk5NXJlbaPhLicXekjjeTnNEbcLCs2rrnxekgAvrpNcHZaWjtgynDm2PyNr1QTsdqHxHh38HQlpQwmaZCJnf5p5DdwF3p8gQPOx7S'),
(1553, 0, 0, 0, 'FeACZTB09nZo3jjnNLK3L5cjLXrQwalcpWOoPqpYNpmRJGewrYzc4MwQJXGg82syYgWNGmLuL8luOA0gyAtDn0t7Yan7cPFa5CYMYJhKSDeGdfXMQrqerTlq4IxgxcrD'),
(1554, 24, 2, 1, 'Nkhxfn7dzk2LzjlnTQg6l0oQktTS8TOVe6tutAI3ULPt4bQY164n6tdrW6j5080feuKI4sMYdBsiMigOplbvPoXMvhRvpSLEmvmqY9pbKRuxaLlz6w5WV2IqkzWKrHoN'),
(1555, 0, 0, 0, 'V14F79EJQaJyQWTFLdwIgH1JKAgvqLdlNh0VrEEhPoPFlJk6XQPdyRXirdNSY1dMjeHKTl1IKRn5AIcxy1K7SHpkVdcUfqGyFniyJkhubEALnMiWO33GLt1GHeBWEhuj'),
(1556, 0, 0, 0, 'yuY9LIiaPikUUUMZpnilcEr1BY4JO3ymywwjeOu46OZ1JL089jumYVozUsiJvR64oCnDrSIyGHzqtAyCU3YSZmsTPLDlCJp0lMDNElll2VLvwk8qn6jmtLgiwTD9D29Z'),
(1557, 0, 0, 0, '3mUBeTBc4NwFmxpdQLgeyJvl83bweDshZmTeguqkiW0EuqRlb8AJR6509gwnUZFTmy8C3yXlvX00nSlz0WiR2oRcEozynfsJOAmR9kdEidEG50f6WyXYWPaBeK9B0ClO'),
(1558, 0, 0, 0, 'dIGm2T0k7F1dFgjCPhAM7LnlwxXx9ilm02J2WKn3pph5GAHvSihZ3EkAch7mAtIAvsDrc1vBqMG6nnCfFTeJyzkLRr7rVQ1riFTuGo66bMdzaPPQJ4AiDU3umaVi0XJj'),
(1559, 0, 0, 0, 'rPlQdCtPyCcnAuzG53NAvPV1KcDPzjd08zQmbkcKXp8yTHfZK2AgRviBHVrheFhne8JqtWbqljZf0eeLgO18kjK2fcjtRBR6KAwdxHET1D81RnM8bOgw81yndRQ4tHad'),
(1560, 21, 2, 1, 'bCn6bLhjif2hsYiol3borEBMGt6WCabONyUYjbiCrlUTjdiFgu4I9FuP8AMLLXAywuxQGPt7an1uBkaRPezYT3O2EAOqyoZ4TwVzloHwMJ1n3beSpORjRFlwgaWOyVTr'),
(1561, 0, 0, 0, 'mrfRqfmGu0Cs08onpB5TnwFoFNIlbwWxYboorL5VMHoNQMagogaLMParDSNOpJmnULMmxShjzF6pshGRyQDkGNMjGA86jvueggAN8R7Ixe80wOR4EupkicEZMN56iAkz'),
(1562, 0, 0, 0, 'QUmZLuIjJQjfFakkEKFXXjWJ72PpCaYt4lsQQb9z1sOHD81iTGfQZcA7eqwQAvjEQMuGXEgZ74GKdI26oiWouwvIW2zxxSboFG5CklCrpjcD1fJqxGO2djLalkHTdThS'),
(1563, 0, 0, 0, 'zmvUH7m6rzKsOtSmaHoo1aynuggH9xAJU5EBd1IFAs7oW0L7IavJk37OjnwtV6cPcRrqS95sBdRyeCFWMaG6eNVxbs16zeWM5ncXwiq8vhHKUmGGwnNLaJimbktLypxE'),
(1565, 0, 0, 0, 'PpVlA2FaMrjngCC3fNbSRSAVN68ydko2Jknkm3u8uOvKq8OFVZyNS8JFfSescDvWXSgjWLsqzYbZ6ZF2ZdQRmzxBrM4DpzAmsQGoC8Pb70bd0Qf045SqFq27c6LBFlY8'),
(1566, 24, 2, 0, 'EmbmcffSGEds9PbXOiG2frxrOdKyIMYn9aJlpYe6DsyMiKK62q9iRHJFUueDhc0qmKMMJ1Smtr9MbTTej2wbJgREK5h1iisE2frLgk7KLgwX9pbtsHFcYwQJB8KTqdys'),
(1567, 0, 0, 0, 'sZdJkku5B02LqeeTWT5UqWD15oVvCuY5ubOOwjU7jXSKb7D81J2rGGtL5pgITeNnqCcWV64f4X0g5Eo6nry381Oer5WkkKIKnVHi2My6JynPcLVzduDlwszXywiSh1DE'),
(1568, 0, 0, 0, 'WkWZ6u5Q3tGfeCPs6tNCVnAuUSmbTZPQkMPrhVikoYADAp5HSTjOhUibMFnGFcxZYmrfiJAHHakizqZskjhBdANZfaGVmdVlAmBS5bANlV5Vl5oFoGhCg4CweirBvmW6'),
(1569, 16, 1, 1, 'SpO8KCG0uFo8rEe08w7DjxoVEk8kruYjTMsEp9ETO21gGfhPMot5VR1zbaUDETXxFpb5yQYnS0DzfUo2iR7eJ9OVjIyYBvvhUHmtykQqktZAooCHgKV0TJVdrtb3ZGkU'),
(1570, 13, 1, 1, 'E7OSk5IQ2TbH9N8hlEGP5B3tVsUtWvhAC6tWbbNe5YVfL3w7HdXNO0gJsbdoGvZjBsgME30J1WYNZvUGIRuxSLhkWvJD0IWBacoOfpyglx4k2Y1LQviIgA3d5MQ5vMHF'),
(1571, 11, 1, 1, 'vVMM3CizJbvpl9Z5183xL3fXpxt2mjoSfbFiNXSx9oWuyVzA4C7PGnN5Ug7hAw9PHO7vMZ3WoZqWV0wZDDPj1CpVSxcs3miLapgXpjTNjkKekgeXU4hVGGRzd42gqk1B'),
(1572, 35, 1, 1, 'Kiy9BsXVMIa7Yo5TsmP92HIfLLwb6xMQPl0rOYmBGxIFVOyoaoyc5hsQ2Y28wPZlaZNZXaADHjiD7R2ifAulRWbTVe2r31Nd1AdYLNBs7U6fL8x1I2mzZytUMwlPy83z'),
(1573, 24, 2, 0, 'Cxg8N1cc97cLJ3JnKAn0mK1iauQqaTWMrcUee7qnfD9YGSlrtJsPtt7DYY48S1VkdQyrXZPcDYbkRwLlgdaKGinFhsN9tItHz29x2ZJFXV0PrLaIZlsFDPlVi85LRytq'),
(1574, 7, 2, 0, 'iR3LYYGHD7nd1Qu5M1PDggcmvdxEdMxvDAhCyXjc5Hq6xVcjW2Xcj9zOn7tAT05xAna9ktmqbMwJIJ3EL0Q4aqTyxm8qmeYWB85WCrmNeTwWCzBoArtLRmjpIrP4FO1h'),
(1575, 26, 2, 0, '9uQie71jMOiVS0KRB2fUJoWoYYbw9dmiHcBVkCf7ry2jyMaaOp5yO1WM07j9lFr3S3ZcGej8Nlrl8CwX2BvQCsDCAWMVCeYvhXHXc15ZmxlvaRsdsY45qHI0EuVhIUM0'),
(1576, 0, 0, 0, 'Q445d5HGeLeLrYJh3OMfyutHdQfLeQZ5U4b7aSNoD2951Tm4H8jgCNYQDdCS3CYYG96R1UgEXpKYi620emhRafHNtjGxVEvCNCuPxKuu9esskvtzSLq218Qurw2nby0Z'),
(1577, 0, 0, 0, 'o6vzMPg7rYA6a6MuibBmwe3zFEz0QhofnTPaJ5ia3SgeZ3IiejELxIkdmTddbCszvhJfn1pqUGFTJnbYHQJfy4tVXH89jAIPSs4fuuGoalhTJtSqkBFSG9OEQWN9xwZq'),
(1578, 0, 0, 0, 'tqmJa5Row44J3hTnlw2EOGLyxsSSZOcseyboD3Na8STb9NzvjBa8hVHPozHnnTPCs1164OgcHaoQXXlhywqQr7FQGnd4h3GJ5HQaw7ndhL3fJpxiVX9n4PeLcrPtvvdB'),
(1579, 0, 0, 0, 'd4LJb8WsU0IDqfVmc5KhUY26qRAWnOxASjj3rgwmheZIuV5G1PYVO01fRCbeqJPj29ntpUQH9QpDMukNkiI8iKoamzoNie7knuONpEuyuUbgov3JOMS6wggSQFG8TNth'),
(1580, 0, 0, 0, '4hT1oaOw1fFhATnp6w4lK6d66eVTeN9i43jse8YfnExXyUmErr0bxdiErdyG0IY5Liy0rxgObNMKI9o9Bol9CDN4QmKR4JXQ1vRt27ieU4YCenMQM8ZoLMtC9eteXr5Z'),
(1581, 0, 0, 0, 'WWsZ3KdYPcB4znUmvTLhGeTPsn4qO9pK5SJ9DX7taIxJ6s5ClQT25NSyaWYY6oJchtlUrsnBbVlhnrUJiNMnAEWLBVKHkuTBYfwpHU1TPmadO5X6SJutoqf0lZHFtBhs'),
(1582, 0, 0, 0, 'Id7o0woOm8rt4O1WuVTbjw21h3KKYqSGEZ5FwttSBUlGJnCeiwqB2sDjvn4tOWasWf7sJBklwG1f3EtmaTYclBwRYBlNywguLnXvZiQvYRK2veoG8nTuYplX1HKzd04Y'),
(1583, 26, 2, 0, '6u8SAEeVYwkkwJaviYmhUDrVp8Ou1Lt7gC0RheMgK6BhQLM9K9rEMTAc1oH39aapNbg4q3kaaVs1HfarpB6buGow45AdgLD4WU8mXtx8pZ96fjyEVEQpkeWpkwDBhgFe'),
(1584, 21, 2, 1, '4KS4yKzEPn4M7rUvOqrqC6MnIuql5yP9iIdRtNwjbA5i20NQqfh3m3r5yRrDphMIZ0ztN5MYGShIT4zkkQoGUPMsHd57uSPuToXGuKFbCWTv1tQlke2e3OHL2MSxFH1y'),
(1585, 32, 2, 1, 'eKRijsJsYvLe5AzbRGnUuqS12qwmCPrQzi9SLSlKn6ZtHyEyf2tJslLuMhQp7igGApzmhV6F268JFNiUPLDi7pMUGDjNWzuwY3TgY0V164KLR3FHOjZWIMQoq9cmJGTH'),
(1586, 24, 2, 1, 'JMXINTJTXuEPxkwmDwimi8KJiW51DYJnLH5yAPryk6nSrTe5qxrJGcsY9x0MvK9grfP25gApnXhOQwTh3k0JxsIGZJsvtBMUQBWWSxlguD5laZCekCXR4Gx4pZATAnNr'),
(1587, 0, 0, 0, '5BoUD9ZEDDayun1KGRXpu6FqLgXzgRPmteg6ngK1TUznhB8Yt5oXc3nXklxBdmXGAdMYuwZnrzKJbTHEY5Ba9Y8ukF5x12dCgZAKvA8W9TGkMoZKuAVDz38TIdqKgEnx'),
(1588, 0, 0, 0, 'DYi9yq6IjM35a2QEDLicPr6yFwjVbGtOFLYec4WwR0B12sGFeZS3rYB6vV2GBvvhhtvtyrZprBru489i72lz0XFvSHcudHLuagYIIY8aAzEEHOWPQioRg4m9LyDZgptr'),
(1589, 0, 0, 0, 'x1YH6iqiElEwLdeT1A7fi89bYqa6GZtd1sV8KlrpH5Vsi9lkJtz2CJeAaoHQob4pEZyolZO24JunTQHDkhGX1Uybif2Gr6656EurEitJ1Y6VPOz96f679EisUk9lqgqx'),
(1590, 0, 0, 0, 'pZYNvOksvd1vBqKPZaMeJQKDlTpuaY3zY1nuPHWlVYQwoBmnM8BwZm9lfzPpySZwUm0K4X60VXxjyTHl2jR1F1mUAck85kF0HFLMDRMyOjSncAIeTzgyADtbPOkV90VQ'),
(1591, 0, 0, 0, 'rX7SV01FEdhQ3Ezb7qt8v3imH83ZNx3fva7qb96PmnFq2fBaG5jb8CxQLBPy9SOE3W5e5b4szKSCZuNFz6QIJozuZo38hRNlNTAS5ElFoehnI43ibU1UiApiZsqgkeB7'),
(1592, 0, 0, 0, 'hYna8DKknova8vcovZAO0NSIEzHJBWjSVG33jOnGcTRlp4JU4kJ47CMLbuvNrOFmuJpOyNvKHn57rP1waLAhnn3yRylin1FSL5GjTc4AAaH2ZJy9u8rSvurn3NGqPliA'),
(1593, 21, 2, 1, 'gGIOUBgoGo8XfxfEACKWpR7L1NOqwt3MaMB4nRs4fB2v8h9JUTFjKM5MzUc6ogTy2uCpl5uBGw6POgzI9e1U17GB1SHp9BYb5AArF43mAacoqL7AZ8u1gaCi3kIcVGn1'),
(1594, 0, 0, 0, 'QB1abjPPT4Weqnq9l05H8w0wYHDSR8dIJfSVzILtNHHd48nq9s8hZ8OXPsQHB4pkkigU01nNJ51NdoemRmDQusOkUE1vJrQ4J7YK8lySqzFEXT0OgEFK6t5187xSyoWi'),
(1595, 0, 0, 0, 'w8LU940ATQdqiOJG2k0McATyWl6g2q9zyUtIZuiSlwiDk2jnmjazU37Rpe8rEh1dbuVaZe3kKmY4oisKCCkwFro4GwwkOxxZ2sa1GdmrzkwXCYIeA2Lgu9kaGRvup2ur'),
(1596, 0, 0, 0, 'vEtcSPDs9aqL890JcLZGUkRBbm5ApA2Vfv77kLAuV0f39fMl1M2W6TxigDTFdWAsrIAMtagobwslMfHN2JJ8DhrTUky8g9BIRbukmLJyhcT4sASukBDXT4QNppVGyxop'),
(1597, 24, 2, 0, 'a8MMKXpTpG2lQCIeE4TVUvQLUUWJMS4X1QJLO9FdPHzGkhUYmOUgjK2eEZXrS1oTS8EGhkU72uNmMHl9vfqPZs3Er15j3udVDSCVcx2e1QBOyWX4boTbQXPiYVC2pQX3'),
(1598, 26, 2, 0, '1Wt12hkNWQAoMdXqkY5QBsO186Ud9LrbHVcKdwxan7y9kvAFuFv57k6fr1tBMVMuQYe4vLeSTM2eiCTMhpSoKZEb18NO3ziUywY4icWcZZqiBk5TKXiuXWGY4tN8352B'),
(1599, 24, 2, 0, 'C0GVdC7dCyveSA7Cyp7vmNurhhzknBWZCCVQf33RBy5u9d7HCedY2Ipj0YEnAAndci3sm6kXFprOCzwfNKdQsDasCOQdodqBwu4SBoQgNi5qRCGFmTvOxFh9t7nSlNuS'),
(1600, 0, 0, 0, 'L9d513JDoCEBQAPUx0N1XlNPYKGQidS3m59o9S1xuG9lgYfNZ3PWoCLnnsdFG6I3cSrlKtTe92zp1Pd0S2WhEIE2bRHRYqVaimw2QphZsRotHCuAErRj9wllo3cmt8wM'),
(1601, 23, 2, 0, 'v2Pls7kUYJoGlTgZk7itDEO2H1oaaUXFXM0pTlkS4JyqCOpXWIrAngC4h0frVc7TY7jSsDKxniX07nX36oDtEfxWgMocZv5YDoQ62BDpUBp1Yn54LJxpZ5mfSKsRfxPS'),
(1602, 17, 2, 1, '7qRZ7sEQDUKmbLpBSrTNNNDZpStJPjzXKqWRTAIxusUGeji7LcUyZxyop18fkIc498W2JEAe7uUlNdszpm8pUGNkHWA2EM7NV3QFIrTPVOaJ1CjqZrPU7DfPAPSeCZ2x'),
(1603, 27, 2, 1, 'CCyJDquIW3oBxct3jmHNugIuKKi72DGFfeoSFSBCWZetcHxv3ejxv12gMlnPY4ueiT7YMIAIHOcTvJpzXJ6sK9Ixu6mtbRIuKPswy2ffQr9mazV8i2B3ckAHrXaCOT6z'),
(1604, 10, 1, 2, 'jf1WGq1b58G1POHKwp1gXnhGUUTYNkg6zh2gH3sNc8P2WwMtVNJTb1A6Wt4JOlPnCSDkV588eXabtXFpKpjWqT2mn75bsVy5NcpJixRxu1IYYnoJMHGdAJzYQF9jAIon'),
(1605, 0, 0, 0, 'UO7dlYKQ0tPZRdJDVpQw9quZ5DjFmH3gvauR9eHaIx9zLSdGi3cruHrzlKfHriYXtsODHwNp3WZPPcv8gIzKq1jLLysdRralTZYBvL1zI0oycUGsDgc3hwO35hhWIriC'),
(1606, 0, 0, 0, 'rgdW1fwKfUirPZUsf7vxDkAJBRGkjYWLeaHgpe1E9j6Yi0ry7W5LhFuSxadR89CnkkEJyFoHYuGhv7PD4UplATe84sZdBBAWWfFuU4cTyTb410I5V7rw1GE58EjKgUGc'),
(1607, 0, 0, 0, '9mH3qTXZN84O9MU4TmBV2g1bUkWbeDnoZ4spYppLytzHftM9Qn4SE54zq1KFE73Dcw3aWsVuVvbaZYkPmoI0uNzVOjAsrE5Da8N6BJAwfMHeK137pM7UzHPn0qPs4V5f'),
(1608, 10, 0, 0, '4TlFDWbSJS7uTaBjWIewq4TquITzEZOISaow7zpQswkmGWGDFU95Z3wtMp3qoR9h2xN97cZzIkWphC3Wxd1wgx02X3slVBDX8r6fD6PmrLMIoPFW2GtieulcxNyspbqy'),
(1609, 0, 1, 0, 'CwOgDDC4ppNOesKh9eAnIVzfJ7I8j9HVGvbj9OoydbnsE8KNmkb4gLkZT38ccP7Skjct8A2lMpOqyydUToZa9j92nifz7nssGEWOfZa2pZsXyGRr5QCfaMix4x7cUzFB'),
(1610, 0, 0, 0, 'eBquABwZAYX8FOAKFcZPYhm2OtfJ3UkhwLM6mi6Wg35WSFGxSFnQWJTLd8ug3PyzAkGXCNTTQYPJEwhwbEm8ogUBopSseq1PLHMouGhlF74jDmPP0cXosR0RgSjvjll4'),
(1611, 0, 0, 0, '5Usi4K47CvEqagfCxcC0c260cnlgd1xjWZB0JG8mbMNm22YzfBArEGsQ3O6hQDAMDcNnSVJ4HwqKzpkO0UgEAJvEyBVofwaSJYfCTZGBw6m6wGUwAbbbVGPtiLSyh2r0'),
(1612, 0, 0, 0, '0GCUGjwcqSiWyds9pEkllaPEVHcdJDeKkRF1abdA4wwCJZL9E6uZgjDb0QoKuDvPuaQEm3fqzM3jLPspVWpbg3ngTM1opwdTH3x47NvHzy1kotKjqavHdSX7FZv4wJXe'),
(1613, 0, 0, 0, 'NviViNCRmDcK7X4y7zflsdt7cZcII9WwFfrY24QpH3aP0en8OCugPXo1WAKFKHbqWCpYGfooiydjMBsBdWS2Ug4QROwCvI3slsq1HPq0nEkafMLtJDvDUAuLp1oUJrm4'),
(1614, 0, 0, 0, 'TN6BDwC0bWarJWUtzp6t0BfpCDkm4HqYvwA83d8eajFTfznPZui05xpIbJ4gqvfV1P342cjdwZ6LzuAyYTy4rYMCHRS8m73oX7s0kMdQLkCkOcTM6sQxqDa8v2gRakf8'),
(1615, 0, 0, 0, 'sI8MvmCgGeBvruiyX95nMfwhiN9t7pBA8KmD6ZTNevjGZBeWKjkxzRPSEYlMoWmwHJaOI4BXzVDywRvgbQNLICDmBY90VvxCeHrXL3UkYxTuppLAgzlYcYlOXuOSZlve'),
(1616, 0, 0, 0, 'OgjSnnVUpbPj5viwgocKcAOUtJ2YQgwEwQxUetPDEEXK9fgqDtaQ4YKxINwy33cAUKu8dkMSYKC80TyEnJurIfYq2uZ5ycGsWaB9vn1u8EC8xbMUUglCvk3yP3DnfkQb'),
(1617, 0, 0, 0, 'gThxsrECKbxAwNG2QxgFGjWKhbKuPRr6KIEdaiQUtnv0ac21JjHqCDaUPVpFMQMxyqLIJBDdY8d8kga4zSvcwG6lBv1omOVUfGDYhhbgqppLFzPerlrX1xjC3l1p9Xko'),
(1618, 27, 2, 1, 'mc5NiZ4AkLCbllnRmVI7szVEJb0qPILbURYdQ3NbPqmaMK19FKg8kcN3nOucwgoq7nDYqr9fSwqFhrOXc55whTAEH4RdlgEtDhs4JCkC8Khpc5mpbsVslw73AYgWeUpS'),
(1619, 8, 1, 1, '2PYmMcF4wtCGKBd7z9KDXxGpjBRTf3viSuFEHkJdNlUxX8FxhqafXREhswaHzG0sbF7SZQ6Nc1l9a0GsrQHpImGaSQSsxSUIx1BxSIk4KFdUGUm7L3xtqdDj4vLBoGkV'),
(1620, 10, 1, 1, '0vkUPEZ732VFHKTY9WVONYEADGbEfLjfgD96h9elb90TTTS3QNREMveqbp4rbnGs1QziZNDbXD4RxWUoKL2xggXsG1TSpAkqqUJqHmBE0GwyDqWnbZUsgRUWTOPjoaKP'),
(1621, 24, 2, 0, 'YgTURt9uH1ahLuOBcQWL59NGKEdlcQob7i5ZMettfEL18ADkqz6vITctxqPKgeVow0nifQMvvywD89YyJ44sYhVwHKgYZcmvdJOsABX59uJiDIQmNVPMcKiUvzSvMe0Z'),
(1622, 0, 0, 0, 'YOrzppEzToRx7IUVDJHQu0K0ACvmRwlQlNpLd4k7scEAUzvxjcoNd8ONKj9CPvsajRVwVgDosiZmSuUbHjYUrNHc6ROWmg7F82b4jPsL8r81W3cDmbxNYeZ45O1s487d'),
(1623, 34, 1, 1, 'ajhu9Kfiboj8rvLOHiCFxCKDqL5vTdI4xZyHKOZWci4EOPtv85bGIVj8GpDADmFbmdS62R2fa6TZWmv4sGKaB4jiuXT8jyjGMbMO2P3dWXdSkIXMoIX0NgjhdcpxKIdx'),
(1624, 21, 2, 1, 'N9PBqnJZ5tifCx6CDZCS1caqWlIhAZHo8xZzVJy0dRgQoms2m5Vni5Nerwv1vdpEKpdF9MGmEWc3jE5FK1227QgynMASZ0wKqKqzx6Vb37emMk2wm5ytVP1iBCbBCIm2'),
(1625, 0, 0, 0, 's9saXXKu6VfpyMKRZ0zC59YhYIG2J1mbbOl8M6CS2SiAE2rE21g8bfqaX6cH8zSjoesal52nXkXBnpgqrxyCMYNK5ZrezjxXy07T59g2ueESEVi5sRIfQvZVvqa4KI1j'),
(1626, 5, 1, 1, 'wIKr76eM2uu1m2AuLPxnr9SSqvAVQUkmC5OJb2wew1gT3QnPGVc7440vABrrvMO8SCS4Foicqz5tpti6pvduAeZbPrCldrt64maJKtVa21EsvXyUtMp40ofQQSb4jFan'),
(1627, 0, 0, 0, '1k7MN2XP4CizAQu3CT7Dint9fFdylnWnI3aw68mbKELkufo79wKsTeB9UOIfcEDVINrOVNZGrK1W0q39WOCQ2dZW2IcemQa4DBTzpSfRDhNDHQNEEpvHDvEFdQUzG4Ek'),
(1628, 6, 2, 1, 'GxU5qaW4rJI9AvNfViWzOAe1r8B7cfsSNmYdwUhYEZ7evVtrdq010f3rnEzAT2tGprUVmcU0c1fIWJaa9bcaqfCOUboNeSuDjpzGBtHOvWwsGGCPSPZi5B6ZNuN1niFH'),
(1629, 0, 0, 0, 'HenjI47d1EFHlixd8wwd8CdW70YujDb0SzkADsNF6tmsLTGUqc7zOlwWluqE8CF0bZBProuySR1DKHxbTFKI0gEmL41THHUSHvH8UbHM3IqNpYZjDJ1E0F1MK2FrKAkr'),
(1630, 0, 0, 0, '61A0diMg0d4qb3JPNLtOruAcxgDiQXJWZjXdCJtCXy38BNXoyrd0WNct3PMTNvQNPN0rxu4u27DDVA2t2ftY2Gs6ve0jKQ6zD71aB5FDdih8TkCVA6TDMlJiAJCkzJTd'),
(1631, 6, 0, 0, 'QVos135fmnnfH0bh64VTqEb1nNlXxfanayPcCVrYjOe0PpiWudPVS1WfPidmxnKIWzUzvlyOaNPZd8VHlLDeNAuCSHZq5J82j2BOn9CyWsx9AtRWeva25EEYlDornwtG'),
(1632, 0, 2, 0, 'z4uXe7vaz3kawc6LHgNNVsLh6aItGb9fgEduMIFmL0wicC3TTRHPjs6pCPTj12zhHMMtvrQgrmyEZCyTtfINIPdlF6EG9eYR1KkwcbMExlixXRqr69fOYsaDyOkI3iz4'),
(1633, 0, 0, 0, '3UAg5nUCId9G4A8bJn0IPamoZG62ZG72AHiF5diNrsuv3CHM0HuPRQeRxlTw10zCISiN5BBw4627IJTJroyjfNaN93ja4TNNL5BRGcoKirS1bMKCajVq76dgaxrere2c'),
(1634, 17, 2, 1, 'X3m7xCh4L45872iQ4DnTl4elDDBIPo4NrrVZ3c3Pg9XobgfgTC9fGoAj2c2SB7F3yA2CN5r4fpsqGIHAkQP1fqlhCo9dvPh3qjFdp7iExK5dtMNNDDPS4aaGykU49b7A'),
(1635, 0, 0, 0, 'vNOUV6zsREFkrt857XYb88SHtMLCYSduG1oB7Y3YDJi4cqakn8vwhndKaYn9QADwB27I0bGDUYI7pSrN0Wjikw2vupElZiSAk0jlbZY6YGdnzEaABuSV0Vqvk5QknJVI'),
(1636, 0, 0, 0, 'NuiWA3qSeVlZmHK3bjFv4WyxgYQwWQxKlQHVT7N7396pRRt3a8zf57Mm6DS2tpNPguK9ByhEHo4zfxCpFcFLkr7q40tyqgnGL8PnG72ov6XLDAajMQ57hcxmd1VDijj3'),
(1637, 0, 0, 0, 'r9q7hsvMytxc3IwQyBXQOvd1w8FPrZSS9i0qLwdkZLx3t4U2FSTuo6wVecKGbCzkVALH6Y16JzadD4gjX9Olgkgvw0bIDL3zlOgrNiywRIKvN1OLbC6rXnWuo8c2TfBf'),
(1638, 0, 0, 0, '3SGQafn2X8xL9mwkZDMW0JqpSCrMS21VVIM5Xa8ViGGs2dN2RzYRjphb2IXULYQGGCMEMUz5BgxDukGlUEcd3to6cm0XlQD1tpFgkflVvSzZcfk6UxkY1J4d55bqVPso'),
(1639, 0, 0, 0, 'HBstUQkt45mWqhiSdAd6GgxM0NhZYdeGPHaJyvcDAzA0RTS4u5aamIWnwemurBbgjlZRRcvrM5sDYkIsqTDMBza7NwCf8Ovr9vj1HOsuUV7SfQlGJYtkyDsma5BiT6J3'),
(1640, 6, 2, 1, 'UCU3KLHTgGThLj8pacYKndpp4XrQDvcx76BSSjL8ZEpKYya8L8T8mjyqgZgUvtrCz2vrlgAlV05Tyg2koWsLf1cw1tqwWR9vTEXfVyAQyGK6WNrlJU6YVjuWMUtIMCeG'),
(1641, 17, 2, 1, 'FpMnSlnv6XVMDSiQJRISQnmkiTU7c4HSttgmPERWBNIeG15pSOiJbE3txYBK2jCwNSSCwKy7yhmeirDagVUrzYV7WxRZQtvDlogR9PZH6lVoNzz3utv4rrboY3nOwTsS'),
(1642, 0, 0, 0, 'iJKryJ8E533SDDW77rcyToXRrlGYf8QxSAZqk85pc9hPMeXTF9syyqqZL6X1fOz7oyyIGD7TNpIzDFtjPWSnmin8pl9E9IMyhkhYYpRLOAlsfPL5LEt7XQgmcp1l8NUp'),
(1643, 24, 2, 0, '2XvYWT33OpFd4w2Xvl3wd4IXkv99cqgfoMekFhntH3GMAJJ54NBhRjfcPpl1PChdovy3NVxuZegzY0E3OfkGzASoZdqPQH3edBi0wPvw4M52MJ5BZqhz09Y0noPd6Ssk'),
(1644, 0, 0, 0, 'gBGmNquXgQRiU73IDbIbJ0gIFqfsO6B4IhrvIVsZLkhGslp6w7hf7xYMYdfNkQR28iyRe1QZm7GOs5VYdcekKc7JqmwKdnNlGldUn3UJaAxDGtBTFQep2l9tIFeW22hJ'),
(1645, 17, 2, 1, '1TzRYBuHKWQWLtBqyP7MlddwSqn90l02fzTeanVUkMR5gswOhEBCRO9KfxUgSUi8tbnEziyT5pZlSwa9aMM2BVNQsH7lBpu5ARJ9ai3fH2BzzMJKywM9rz0Uh7gTxKY8'),
(1646, 0, 0, 0, 'CIhM0l2IoEiXq1HZyu8039UlhbeOVcWyVekVAnDY1WWsYErw8AwcJqx1BLQxYN5T1qOCNsBPpxhnbITjjpw3Q34sOUZMH5FJwumkXX9murJGaC0t2wwSzAkovkbdqQXW'),
(1647, 0, 0, 0, 'ljhjgqFLSps22tv4Z1XzChY7C9l20iZlCgETHkFzJ7CMA7QA8NaL59THieKixJE90j2IDHinPU9q101aNbVTlPBD3lWB5BK6UNOyv6Vk05L25MdTY9MjYnW1JTCOunUp'),
(1648, 10, 2, 2, 'yYKSC8t9wxNQuNDtKkelEzW6FwkdIApgz99biCkPa8FEWj8GDm2iWZoCwIQeifuRoE2Hgnwrwc6swe9aBbsxaQaGz0VSfpKE4NllbSMH5SaB6kLIvefG5pnEpixFIhjM'),
(1649, 0, 0, 0, 'FYjZInd18sqWjJ78cs8lOu5dqjCBLabq8vqQSDR05iXp14xdwGzlbEyBYbcJlo9tTzjMdbNiuKHwPfJlVjG6YfIWqVGLjQecqyYDKMWewDKlTuHONoVMDEJ4zpPTf46F');

-- --------------------------------------------------------

--
-- Structure de la table `jersey`
--

DROP TABLE IF EXISTS `jersey`;
CREATE TABLE IF NOT EXISTS `jersey` (
  `num` int(11) NOT NULL,
  `size` text NOT NULL,
  `info` text NOT NULL
) ENGINE=InnoDB DEFAULT CHARSET=latin1;

--
-- Contenu de la table `jersey`
--

INSERT INTO `jersey` (`num`, `size`, `info`) VALUES
(4, 'XXL', ''),
(5, 'XL', ''),
(6, 'L', ''),
(7, 'L', ''),
(8, 'XL', ''),
(9, 'XL', ''),
(10, 'L', ''),
(11, 'L', ''),
(12, 'L', ''),
(13, 'XXL', ''),
(14, 'XL', ''),
(15, 'XXL', ''),
(16, 'XL', ''),
(17, 'L', ''),
(18, 'XXL', ''),
(19, '?', 'Perdu'),
(20, '?', ''),
(21, 'L', ''),
(22, 'L', ''),
(23, 'XXL', ''),
(24, 'L', ''),
(25, 'L', ''),
(26, 'XL', 'Chez Georges'),
(27, 'XXL', ''),
(28, 'M', ''),
(29, 'XL', 'Chez Georges'),
(30, 'XL', ''),
(31, 'XXL', ''),
(32, 'XXL', 'Chez Georges');

-- --------------------------------------------------------

--
-- Structure de la table `location`
--

DROP TABLE IF EXISTS `location`;
CREATE TABLE IF NOT EXISTS `location` (
  `id` int(11) NOT NULL AUTO_INCREMENT,
  `name` text NOT NULL,
  `google` text NOT NULL,
  PRIMARY KEY (`id`)
) ENGINE=InnoDB  DEFAULT CHARSET=utf8 AUTO_INCREMENT=2 ;

--
-- Contenu de la table `location`
--

INSERT INTO `location` (`id`, `name`, `google`) VALUES
(1, 'Saussure', '<p>Test</p>');

-- --------------------------------------------------------

--
-- Structure de la table `messages`
--

DROP TABLE IF EXISTS `messages`;
CREATE TABLE IF NOT EXISTS `messages` (
  `id` int(11) NOT NULL AUTO_INCREMENT,
  `forum` int(11) NOT NULL,
  `player` int(11) NOT NULL,
  `date` date NOT NULL,
  `time` time NOT NULL,
  `text` text NOT NULL,
  `hide` int(11) NOT NULL DEFAULT '0',
  PRIMARY KEY (`id`)
) ENGINE=InnoDB  DEFAULT CHARSET=utf8 AUTO_INCREMENT=58 ;

--
-- Contenu de la table `messages`
--

INSERT INTO `messages` (`id`, `forum`, `player`, `date`, `time`, `text`, `hide`) VALUES
(1, 1, 1, '2014-02-11', '00:49:41', 'Bienvenu sur le site de Fireworks-bbc! Postez vos messages avec la toucher \\"Enter\\"', 0),
(2, 1, 20, '2014-03-03', '16:22:01', 'Yes!! Ça fonctionne déjà pas trop mal!! À quand le changement de photo??', 0),
(3, 1, 1, '2014-03-03', '16:45:53', 'La gestion du téléchargement et dimensionnement des photos est un peu relou à faire! Donc pas pour tout de suite ^^... Mais si la photo te gêne terriblement, tu peux toujours m\\''envoyer une photo par mail.', 0),
(4, 1, 20, '2014-03-03', '20:53:25', 'Non non, c\\''était juste pour te compliquer la vie... ;)', 0),
(5, 1, 4, '2014-03-24', '08:46:56', 'Coucou c''est cool le sit!', 0),
(6, 1, 1, '2014-03-31', '10:39:54', 'Bravo aux Fire Papy pour leur deuxième place au tournoi ! ', 0),
(7, 11, 20, '2014-04-01', '21:35:48', 'Attention!! Match annulé!!', 0),
(8, 14, 1, '2014-04-02', '09:38:42', 'Je me suis blessé à la main. C''est pas encore sûr que je puisse jouer le match. ', 0),
(10, 1, 1, '2014-04-03', '10:46:44', 'Photos du tournoi (dimanche) : <a href="http://www.rpcs-geneva.ch/albums/Tournoi-du-GAB-2014(P.Fellah)/" target="”_blank”">http://www.rpcs-geneva.ch/albums/Tournoi-du-GAB-2014(P.Fellah)/</a> ', 0),
(11, 1, 1, '2014-04-03', '11:16:47', 'Trop classe : <a href="http://www.rpcs-geneva.ch/albums/Tournoi-du-GAB-2014(P.Fellah)/#_DSC3263%20copie_GF.jpg" target="”_blank”">http://www.rpcs-geneva.ch/albums/Tournoi-du-GAB-2014(P.Fellah)/#_DSC3263%20copie_GF.jpg</a> ', 0),
(12, 3, 1, '2014-04-04', '10:39:05', 'Repas d''équipe le jeudi 15 mai.', 0),
(13, 16, 1, '2014-04-07', '17:20:23', 'Match forfait ! A ce soir pour l''entraînement. ', 0),
(14, 23, 16, '2014-04-14', '19:28:22', 'Les salles ne seront pas fermées le 1er mai??', 0),
(15, 17, 16, '2014-04-14', '19:29:47', 'Bon 3vs3 ce soir :P', 0),
(16, 1, 1, '2014-04-18', '11:28:18', 'J''ai modifier le système de session sur le site pour que la connexion soit maintenu pendant 1 mois. Ceci évite de se reconnecté à chaque visite. Par contre, si vous êtes sur un ordinateur publique, n''oubliez pas de vous déconnecter!', 0),
(17, 23, 1, '2014-04-18', '11:29:16', 'Si! Du coup les matchs vont être reporté!', 0),
(18, 22, 15, '2014-04-28', '14:29:17', 'J''ai une réu ce soir, je vous retrouve next week vu que le match est annulé... :-(', 0),
(19, 18, 20, '2014-04-30', '00:22:04', 'Match déplacé au 15.5.2014 selon le site du GAB!', 0),
(20, 25, 12, '2014-05-02', '16:34:46', 'Pas encore sur et certain de pouvoir être présent... Tout dépend de l''avancé de mes révisions =&gt; exa le lendemain.', 0),
(21, 25, 1, '2014-05-02', '16:46:26', 'Tu vas faire le gay en résumé! (Dis par celui qui est absent depuis 1 mois...)', 0),
(22, 25, 12, '2014-05-08', '09:36:52', 'Je confirme! I am a homo... :-(', 0),
(23, 25, 12, '2014-05-08', '09:37:07', 'Fisté les comme il se doit!!!', 0),
(24, 4, 1, '2014-05-08', '10:57:27', 'Merci Gianni pour la gestion du site pour l''équipe 2! ;-)', 0),
(25, 27, 1, '2014-05-09', '10:01:46', 'N''oubliez pas le repas d''équipe après le match!', 0),
(26, 27, 13, '2014-05-14', '21:38:49', 'Yo la team. J''ai pu me libérer pour le match. A demain ;)', 0),
(27, 27, 1, '2014-05-15', '12:50:34', 'Sexy ! Moi je vous rejoins pour la bouffe après le match. Fistez-les! ', 0),
(28, 1, 1, '2014-05-16', '13:49:42', 'Quelqu''un sais jusqu''à quand peut-on utiliser les salles de Sismondi?', 0),
(29, 1, 23, '2014-05-16', '17:11:36', 'Hello Jé, normalement jusqu''aux vacances scolaires.....', 0),
(30, 30, 10, '2014-05-19', '15:06:34', 'Légères inflammations des jambes après avoir jouer hier, repos pour être au top mardi.', 0),
(31, 1, 1, '2014-06-09', '11:39:11', 'Pendant l''été on peut se servir du site pour organiser des sessions de basket dehors! Alors restez connecté.', 0),
(32, 34, 1, '2014-06-09', '16:42:15', 'Evènement annulé!', 0),
(33, 42, 1, '2014-09-01', '14:14:34', 'Étant donné mes nombreuses absences en début de saison, je viendrai simplement coacher si le nombre de personnes présentes est conséquent ! ', 0),
(34, 42, 12, '2014-09-04', '11:22:47', 'Pas sur de pouvoir jouer mais je serai présent pour remplir les bouteilles d''eau!', 0),
(35, 42, 14, '2014-09-08', '09:04:48', 'Je jouerai si rétabli. Présent dans tous les cas.', 0),
(36, 42, 12, '2014-09-18', '10:22:02', 'Bon... Pour finir je ne pourrai pas être la pour faire la supportrice! Mais je vous souhaite un bon fisting!!! ', 0),
(37, 48, 15, '2014-09-29', '14:21:12', 'Je viendrai s''il faut faire le nombre', 0),
(38, 49, 17, '2014-09-30', '19:24:30', 'dai cazzoooooooo', 0),
(39, 50, 10, '2014-10-06', '13:40:13', 'Sans moi ce source... :(', 0),
(40, 50, 10, '2014-10-06', '13:40:51', '*soir.. Je suis malade', 0),
(41, 55, 4, '2014-10-16', '16:33:25', 'Je me suis blessé au pouce lundi....bon match les gars', 0),
(42, 60, 27, '2014-10-29', '19:33:03', 'le match est a 19h c est cas ', 0),
(43, 70, 10, '2014-11-23', '18:03:10', 'Salut les gars, je suis rentré des States aujourd''hui (dimanche). Je suis complètement Jetlagé mais si mon état me le permet je devrais être là demain ! A+', 0),
(44, 75, 12, '2014-12-08', '08:43:39', 'Je récupère toujours d''une tendinite aux mollets et ne serai pas présent à l''entrainement de ce soir. Du coup j''en profite pour vous souhaiter de bonnes fêtes de fin d''année! Profitez bien et on se voit l''année prochaine sur les parquets! A+ ', 0),
(45, 79, 24, '2014-12-15', '12:24:35', 'J''arriverai juste a l''heure pour le match ou un peu en retard si jamais. Alex', 0),
(46, 75, 24, '2014-12-15', '12:26:35', 'J''aurai du retard ce soir à cause de mon travail, je serai la vers 20h30-21h. Si je finis trop tard, je ne viendrai pas. A+', 0),
(47, 78, 24, '2014-12-15', '12:30:08', 'Je finis plus tard que prévu mon travail ce soir. Je serai a l''entraînement vers 20h30-21h. A+', 0),
(48, 1, 27, '2014-12-20', '11:57:19', 'bonnes fetes a tous ', 0),
(49, 87, 24, '2015-01-08', '13:29:14', 'J''atriverai probablement en retard au match. Alex', 0),
(50, 104, 1, '2015-02-23', '09:56:05', 'J''arriverai peut-être un peu en retard au match! ', 0),
(51, 1, 1, '2015-03-01', '18:54:20', 'Les photos du tournoi du GAB 2014 prisent par Gianni : <a href="http://rdmphotos.com/gab2014" target="”_blank”">http://rdmphotos.com/gab2014</a> ', 0),
(52, 1, 1, '2015-05-27', '13:37:28', 'Les photos du tournoi du GAB 2015 prisent par Gianni et son associé : <a href="http://www.rdmphotos.ch/gab2015-1" target="”_blank”">http://www.rdmphotos.ch/gab2015-1</a> ', 0),
(53, 146, 10, '2015-08-27', '16:34:15', 'Je suis en vacances 3 semaines à partir du 14 septembre', 0),
(54, 153, 34, '2015-09-23', '10:28:47', 'Je finis à 20h à bernex je peux vous rejoindre ', 0),
(55, 156, 10, '2015-10-07', '11:41:10', 'Je serai en tenu, mais je jouerai que si nécessaire', 0),
(56, 152, 34, '2015-10-26', '18:44:34', 'Vu que demain je joue pas, je vais rester tranquille je suis un peu malade, ', 0),
(57, 152, 34, '2015-10-26', '18:44:51', 'J arrive pas à me mettre présent ou no donc je le dis', 0);

-- --------------------------------------------------------

--
-- Structure de la table `player`
--

DROP TABLE IF EXISTS `player`;
CREATE TABLE IF NOT EXISTS `player` (
  `id` int(11) NOT NULL AUTO_INCREMENT,
  `team` int(11) NOT NULL,
  `name` text NOT NULL,
  `phone` text NOT NULL,
  `mail` text NOT NULL,
  `adresse` text NOT NULL,
  `licence` int(11) NOT NULL,
  `state` text NOT NULL,
  `jersey` int(11) NOT NULL,
  `photo` text NOT NULL,
  `hide` int(11) NOT NULL DEFAULT '0',
  PRIMARY KEY (`id`)
) ENGINE=InnoDB  DEFAULT CHARSET=utf8 AUTO_INCREMENT=36 ;

--
-- Contenu de la table `player`
--

INSERT INTO `player` (`id`, `team`, `name`, `phone`, `mail`, `adresse`, `licence`, `state`, `jersey`, `photo`, `hide`) VALUES
(1, 1, 'Gobet Jérémy', '078 717 73 66', 'jeremy.gobet.72@gmail.com', '19, Voie-Creuse 1202 Genève', 3112, 'Indisponible', 0, 'joueur3112.jpg', 0),
(2, 1, 'Capon Miguel', '078 639 39 38', 'miguel.capon@hotmail.com', 'Rue Schaub 9 1202 Genève', 1472, 'Présent', 16, 'joueur1472.jpg', 0),
(3, 2, 'Armuna Ivan', '079 430 12 04', 'iarmuna@hotmail.com', 'Chemin du Prunier 9 1218 Le Grand-Saconnex', 2642, 'Indisponible', 0, 'joueur2642.jpg', 0),
(4, 1, 'Carreno William', '079 280 98 81', 'william.carreno@rolex.com', 'Rue de Vermont 53 1202 Genève', 1988, 'Présent', 7, 'joueur1988.jpg', 0),
(5, 1, 'Castillo Rafael', '078 920 06 75', 'rafael_castillo1226@hotmail.com', 'Ch. Curé-Desclouds 1 1226 Thônex', 3244, 'Présent', 28, 'joueur3244.jpg', 0),
(6, 2, 'Chicote Michael', '076 584 59 92', 'michaelsebastian.chicote@hcuge.ch', 'Ch. Fief-du-Chapitre 3 1213 Petit-Lancy', 1777, 'Présent', 17, 'joueur1777.jpg', 0),
(7, 2, 'Di Giuseppe Marc', '079 254 67 36', 'marc.digi@yahoo.fr', 'Av. d''Aïre 93E1203 Genève', 3061, 'Indisponible', 22, 'joueur3061.jpg', 0),
(8, 1, 'Doswald Elric', '078 697 86 55', 'e.doswald@lombardodier.ch', 'Clos des Ecornaches 1226 Thônex', 3829, 'Présent', 20, 'joueur3829.jpg', 0),
(9, 1, 'Ferrer Alain', '076 223 50 53', 'alain.ferrer@edu.ge.ch', 'Allée Amboisine 141 F-7416', 1989, 'Blessé', 0, 'joueur1989.jpg', 0),
(10, 1, 'Gobet Cédric', '076 379 85 65', 'gobetce@gmail.com', 'Rue des Caroubiers 18 1227 Carouge', 3248, 'Présent', 21, 'joueur3248.jpg', 0),
(11, 1, 'Pineiro Elvis', '079 200 25 69', 'elvis.pineiro@gmail.com', 'Av. d''Aïre 30 1203 Genève', 3234, 'Présent', 8, 'joueur3234.jpg', 0),
(12, 0, 'Pry Frederic', '076 384 88 24', 'frederic.pry@bnpparibas.com', 'Rte de Frontenex 60 D 1207 Genève', 3221, 'Présent', 0, 'joueur3221.jpg', 0),
(13, 1, 'Ruedin Baptiste', '079 221 75 31', 'baptiste.ruedin@gmail.com', 'Rue Lamartine 14 1203 Genève', 3205, 'Présent', 18, 'joueur3205.jpg', 0),
(14, 1, 'Sindler Marc', '079 396 05 49', 'sindler.marc@gmail.com', 'Rte d’Ambilly 22 1227 Thônex', 3246, 'Présent', 5, 'joueur3246.jpg', 0),
(15, 2, 'Simonnin David', '078 602 41 85', 'david.simonnin@gmail.com', 'Champ d''Anier 1209 Genève', 3330, 'Présent', 11, 'joueur3330.jpg', 0),
(16, 1, 'Zimmerli Joakim', '076 419 47 63', 'joakim.zimmerli@gmail.com', 'Rue du Grand-Pré 4 1202 Genève', 3243, 'Présent', 12, 'joueur3243.jpg', 0),
(17, 2, 'Ancelici Giacomo', '076 665 11 70', 'giacomo.angelici@tiscali.it', 'Ch. Des Coudriers 54 1209 Petit Saconnex', 3696, 'Présent', 6, 'joueur3696.jpg', 0),
(18, 2, 'Crettenand Mathieu', '079 277 41 65', 'mathieu.crettenand@bluewin.ch', 'Rue de Lausanne 30 1201 Genève', 1993, 'Indisponible', 0, 'joueur1993.jpg', 0),
(19, 2, 'Fente Miguel', '079 753 59 84', 'miguelfente@bluewin.ch', 'Rue de Vermont 7 1202 Genève', 1994, 'Présent', 9, 'joueur1994.jpg', 0),
(20, 2, 'Gagliardi Gianni', '078 802 68 61', 'gianni@tdcproject.com', 'Rue de la Coupe Gordon-Bennett 3D 1219 Le Lignon', 3232, 'Indisponible', 25, 'joueur3232.jpg', 0),
(21, 2, 'Gothuey Georges', '078 907 44 79', 'georges_gva@hotmail.com', 'Ch. Moise Duboule 39 1209 Petit Saconnex', 3060, 'Présent', 13, 'joueur3060.jpg', 0),
(22, 2, 'Riahi Nessim', '078 696 14 91', 'madnessim@gmail.com', 'Rue Chabrey 19 1202 genève', 3802, 'Présent', 14, 'joueur3802.jpg', 0),
(23, 2, 'Riahi Nizar', '079 671 72 27', 'riahinizar@hotmail.com', 'Rue du vidollet 21 1202 genève', 3332, 'Présent', 24, 'joueur3332.jpg', 0),
(24, 2, 'Sarmiento Alexandre', '078 821 99 48', 'a_sarmiento80@hotmail.com', 'Chemin du Chablais 3 1226 Thônex', 3719, 'Indisponible', 23, 'joueur3719.jpg', 0),
(25, 2, 'Schreyer Fabien', '078 745 27 94', 'nalyd84@hotmail.com', 'Rue du Contrat-Social 7 1203 Genève', 3637, 'Indisponible', 0, 'joueur3637.jpg', 0),
(26, 2, 'Stoller Dylan', '076.516.05.85', 'dylantmpl@gmail.com', 'Chemin de Blonay 15B 1234 Vessy', 1097, 'Présent', 4, 'joueur1097.jpg', 0),
(27, 2, 'Stoller Olivier', '078.841.25.36', 'lersto55@hotmail.fr', 'Ch. Bois des Arts 77 1226 Thônex', 3720, 'Indisponible', 15, 'joueur3720.jpg', 0),
(28, 2, 'Usellini Damiano', '076.568.07.05', 'dusellini@gmail.com', 'Ch. De Grange-Canal 28 1224 Chêne-bougeries', 3058, 'Blessé', 10, 'joueur3058.jpg', 0),
(29, 2, 'Varela Monica', '076.410.92.97', 'bandidamo@hotmail.com', 'Rue de Vermont 7 1202 Genève', 3009, 'Présent', 0, 'joueur3009.jpg', 0),
(30, 1, 'Ohnmacht Felix', '079 489 77 43', 'felix.ohnmacht@graduateinstitute.ch', 'Rue Edouard Racine 10 1202 Genève', 3944, 'Indisponible', 0, 'joueur3944.jpg', 0),
(31, 2, 'Armuna Jorge', '078 866 30 51', '', 'Rue de la Servette 82 1202 Genève', 3040, 'Indisponible', 0, '', 0),
(32, 2, 'Gothuey Sebastien', '078 620 13 36', 'sebastien.gothuey@etu.hesge.ch', 'Rue du Colombier 12 1202 Genève', 3987, 'Présent', 32, '', 0),
(33, 0, 'Axel Papatoukidis', '078 656 43 21', '', '', 0, 'Indisponible', 0, '', 0),
(34, 1, 'Barman Florian', '079 433 52 66', 'florian.barman@outlook.fr', 'Chemin de Marcelly 1 1226 Thônex', 3421, 'Présent', 30, '', 0),
(35, 1, 'Senor Dave', ' 079 273 96 73', 'benedict.fleurinor@gmail.com', 'Chemin de la Place Verte 6 1234 Vessy', 3190, 'Présent', 29, '', 0);

-- --------------------------------------------------------

--
-- Structure de la table `presence`
--

DROP TABLE IF EXISTS `presence`;
CREATE TABLE IF NOT EXISTS `presence` (
  `event` int(11) NOT NULL,
  `player` int(11) NOT NULL,
  `present` int(11) NOT NULL
) ENGINE=InnoDB DEFAULT CHARSET=utf8;

--
-- Contenu de la table `presence`
--

INSERT INTO `presence` (`event`, `player`, `present`) VALUES
(1, 1, 1),
(2, 1, 1),
(3, 1, 1),
(4, 1, 1),
(4, 20, 1),
(5, 21, 1),
(5, 20, 1),
(8, 1, 0),
(9, 1, 1),
(12, 1, 1),
(14, 20, 1),
(15, 20, 1),
(16, 20, 1),
(9, 20, 0),
(4, 16, 1),
(8, 16, 1),
(9, 16, 1),
(10, 16, 1),
(4, 10, 1),
(9, 10, 1),
(10, 10, 1),
(4, 5, 1),
(8, 5, 1),
(8, 11, 1),
(4, 12, 1),
(8, 12, 1),
(9, 12, 1),
(10, 12, 1),
(8, 8, 1),
(4, 21, 1),
(16, 21, 1),
(8, 2, 1),
(4, 14, 1),
(8, 14, 1),
(16, 28, 1),
(4, 28, 1),
(9, 28, 0),
(4, 2, 1),
(8, 10, 1),
(9, 14, 1),
(8, 30, 1),
(10, 30, 1),
(6, 20, 1),
(6, 28, 0),
(7, 28, 0),
(14, 28, 0),
(15, 28, 0),
(7, 20, 0),
(11, 20, 1),
(13, 20, 1),
(10, 2, 1),
(10, 1, 0),
(10, 8, 1),
(10, 11, 1),
(12, 11, 1),
(18, 1, 1),
(10, 5, 1),
(12, 5, 1),
(10, 14, 1),
(12, 2, 1),
(12, 14, 0),
(12, 10, 0),
(12, 8, 1),
(13, 8, 1),
(17, 8, 1),
(18, 8, 0),
(12, 12, 0),
(12, 16, 0),
(13, 16, 1),
(13, 5, 1),
(17, 5, 1),
(18, 5, 1),
(13, 1, 0),
(13, 10, 1),
(13, 12, 0),
(13, 23, 0),
(13, 14, 1),
(17, 16, 1),
(17, 10, 1),
(17, 12, 1),
(17, 15, 0),
(17, 23, 0),
(14, 23, 1),
(17, 2, 1),
(19, 1, 1),
(21, 1, 1),
(24, 1, 1),
(25, 1, 1),
(19, 14, 1),
(20, 14, 1),
(19, 12, 1),
(19, 13, 1),
(20, 13, 1),
(21, 13, 1),
(24, 12, 1),
(26, 12, 1),
(19, 10, 1),
(17, 1, 0),
(20, 10, 1),
(19, 5, 1),
(20, 5, 1),
(21, 5, 1),
(22, 5, 1),
(25, 5, 1),
(24, 5, 1),
(26, 5, 1),
(19, 8, 0),
(20, 8, 0),
(21, 8, 0),
(22, 8, 1),
(24, 8, 1),
(19, 23, 1),
(15, 23, 1),
(19, 16, 1),
(19, 30, 1),
(19, 11, 0),
(20, 11, 0),
(19, 21, 0),
(23, 21, 1),
(19, 2, 1),
(19, 28, 0),
(21, 11, 0),
(22, 11, 0),
(20, 2, 1),
(20, 12, 0),
(20, 16, 1),
(20, 1, 1),
(21, 14, 1),
(21, 16, 1),
(21, 10, 1),
(22, 1, 0),
(21, 2, 1),
(21, 15, 1),
(22, 15, 1),
(21, 30, 1),
(22, 2, 1),
(24, 2, 1),
(21, 12, 0),
(22, 13, 1),
(22, 16, 1),
(22, 12, 0),
(22, 10, 1),
(24, 16, 1),
(22, 14, 1),
(26, 1, 1),
(25, 23, 1),
(25, 12, 0),
(25, 10, 0),
(25, 2, 1),
(26, 2, 1),
(27, 2, 0),
(24, 10, 1),
(27, 5, 1),
(24, 15, 0),
(15, 21, 1),
(26, 21, 1),
(26, 20, 0),
(28, 1, 1),
(26, 23, 1),
(27, 10, 1),
(26, 10, 1),
(26, 28, 0),
(28, 12, 0),
(27, 12, 0),
(28, 10, 1),
(28, 23, 0),
(27, 16, 1),
(28, 8, 0),
(27, 8, 1),
(28, 5, 1),
(28, 30, 1),
(27, 1, 1),
(28, 16, 1),
(29, 16, 1),
(29, 10, 0),
(29, 1, 0),
(31, 1, 0),
(30, 1, 0),
(32, 1, 1),
(34, 1, 1),
(35, 1, 0),
(37, 1, 1),
(38, 1, 0),
(40, 1, 0),
(41, 1, 0),
(42, 1, 1),
(30, 12, 0),
(31, 12, 0),
(32, 12, 0),
(34, 12, 0),
(38, 12, 1),
(30, 16, 1),
(30, 8, 1),
(30, 10, 1),
(31, 10, 1),
(30, 2, 0),
(31, 2, 0),
(32, 2, 0),
(31, 5, 0),
(32, 5, 0),
(35, 5, 1),
(37, 5, 1),
(38, 5, 1),
(40, 5, 1),
(41, 5, 1),
(42, 5, 1),
(35, 12, 0),
(31, 16, 1),
(31, 13, 1),
(37, 13, 1),
(41, 13, 1),
(32, 13, 1),
(31, 11, 1),
(32, 11, 1),
(35, 11, 1),
(37, 11, 1),
(38, 11, 1),
(32, 10, 1),
(32, 14, 0),
(35, 14, 1),
(32, 16, 1),
(40, 14, 1),
(41, 14, 1),
(32, 8, 1),
(32, 24, 0),
(33, 24, 0),
(35, 24, 1),
(32, 23, 1),
(33, 23, 1),
(32, 30, 1),
(35, 8, 1),
(37, 8, 1),
(38, 8, 1),
(40, 8, 1),
(41, 8, 1),
(37, 10, 1),
(35, 2, 1),
(35, 21, 1),
(36, 21, 1),
(38, 21, 1),
(39, 21, 1),
(40, 21, 0),
(35, 23, 1),
(35, 16, 1),
(37, 16, 1),
(36, 28, 0),
(38, 28, 0),
(39, 28, 0),
(40, 28, 0),
(42, 28, 0),
(37, 12, 0),
(36, 23, 1),
(38, 23, 1),
(35, 10, 1),
(38, 10, 1),
(41, 10, 1),
(37, 14, 1),
(42, 14, 1),
(37, 4, 1),
(38, 2, 1),
(40, 2, 1),
(42, 2, 1),
(38, 14, 0),
(38, 27, 1),
(39, 27, 1),
(41, 11, 1),
(42, 11, 1),
(39, 23, 1),
(38, 16, 1),
(40, 16, 1),
(41, 16, 1),
(38, 24, 1),
(39, 24, 1),
(38, 13, 1),
(35, 13, 1),
(42, 13, 1),
(43, 1, 1),
(45, 1, 1),
(47, 1, 1),
(43, 5, 1),
(45, 5, 1),
(43, 16, 1),
(42, 16, 1),
(45, 16, 1),
(47, 16, 1),
(42, 10, 1),
(40, 12, 1),
(41, 12, 1),
(40, 11, 1),
(40, 27, 0),
(40, 10, 0),
(42, 24, 1),
(44, 24, 0),
(42, 27, 0),
(44, 27, 1),
(42, 23, 1),
(44, 23, 1),
(42, 12, 0),
(42, 15, 0),
(43, 15, 0),
(45, 15, 1),
(42, 21, 0),
(45, 21, 1),
(46, 21, 1),
(47, 15, 1),
(43, 14, 1),
(44, 26, 1),
(46, 26, 1),
(42, 26, 1),
(45, 26, 1),
(47, 26, 0),
(43, 10, 1),
(44, 17, 1),
(45, 17, 1),
(46, 17, 1),
(43, 8, 1),
(47, 8, 1),
(42, 8, 1),
(45, 8, 1),
(47, 10, 1),
(43, 30, 1),
(43, 4, 1),
(44, 13, 1),
(44, 28, 0),
(46, 28, 0),
(45, 2, 1),
(45, 23, 1),
(45, 24, 1),
(46, 24, 1),
(48, 1, 1),
(50, 1, 1),
(46, 27, 1),
(45, 27, 1),
(45, 12, 0),
(45, 14, 1),
(45, 10, 0),
(47, 2, 1),
(47, 5, 0),
(46, 23, 0),
(48, 23, 0),
(48, 17, 1),
(49, 17, 1),
(47, 13, 0),
(48, 13, 1),
(50, 13, 1),
(51, 13, 1),
(48, 21, 1),
(50, 10, 1),
(47, 14, 1),
(47, 11, 1),
(50, 11, 1),
(47, 12, 0),
(50, 8, 1),
(47, 4, 0),
(51, 17, 1),
(53, 17, 1),
(48, 16, 1),
(50, 16, 1),
(51, 16, 1),
(48, 27, 0),
(49, 27, 1),
(48, 5, 1),
(50, 5, 1),
(48, 15, 0),
(50, 15, 0),
(49, 21, 0),
(49, 23, 0),
(48, 10, 1),
(52, 16, 1),
(48, 2, 0),
(48, 11, 1),
(51, 24, 1),
(49, 24, 1),
(50, 14, 1),
(50, 2, 1),
(50, 4, 0),
(51, 27, 1),
(51, 5, 1),
(52, 5, 1),
(51, 10, 1),
(52, 15, 0),
(51, 21, 0),
(53, 21, 1),
(52, 1, 1),
(51, 1, 1),
(54, 1, 1),
(54, 5, 1),
(56, 5, 1),
(57, 5, 1),
(55, 23, 0),
(53, 23, 0),
(51, 23, 0),
(56, 23, 0),
(51, 12, 1),
(54, 12, 0),
(56, 12, 0),
(58, 12, 0),
(51, 2, 1),
(52, 8, 1),
(54, 8, 1),
(57, 8, 1),
(55, 21, 1),
(56, 21, 0),
(58, 21, 1),
(59, 21, 1),
(53, 28, 0),
(56, 28, 0),
(59, 28, 0),
(53, 26, 1),
(55, 28, 0),
(55, 26, 1),
(53, 32, 1),
(56, 26, 0),
(58, 26, 1),
(59, 26, 1),
(53, 27, 1),
(55, 27, 1),
(53, 24, 1),
(55, 24, 0),
(56, 24, 0),
(53, 20, 0),
(55, 20, 0),
(56, 20, 0),
(59, 20, 0),
(58, 20, 0),
(59, 23, 1),
(55, 17, 1),
(55, 32, 0),
(52, 11, 1),
(54, 11, 1),
(57, 11, 1),
(52, 30, 1),
(52, 10, 1),
(52, 13, 0),
(54, 13, 0),
(57, 13, 1),
(52, 14, 1),
(52, 2, 1),
(59, 27, 1),
(57, 16, 1),
(54, 2, 1),
(54, 15, 0),
(57, 15, 0),
(58, 15, 1),
(60, 15, 1),
(54, 14, 1),
(57, 14, 1),
(58, 6, 1),
(57, 1, 1),
(58, 1, 1),
(54, 16, 1),
(58, 5, 1),
(58, 17, 1),
(59, 17, 1),
(57, 10, 0),
(57, 2, 1),
(58, 27, 1),
(60, 5, 1),
(61, 5, 1),
(62, 5, 1),
(65, 5, 1),
(66, 5, 1),
(67, 5, 1),
(68, 5, 1),
(59, 6, 1),
(59, 24, 1),
(58, 32, 0),
(63, 32, 1),
(59, 32, 1),
(61, 32, 1),
(60, 1, 1),
(58, 14, 1),
(58, 24, 0),
(58, 2, 1),
(58, 11, 0),
(58, 111, 0),
(60, 2, 1),
(60, 8, 1),
(61, 8, 0),
(62, 8, 0),
(66, 8, 1),
(67, 8, 1),
(68, 8, 1),
(70, 8, 1),
(60, 14, 1),
(60, 13, 1),
(60, 4, 1),
(60, 10, 0),
(61, 10, 0),
(62, 10, 0),
(64, 10, 0),
(61, 1, 0),
(60, 16, 0),
(61, 23, 1),
(63, 23, 1),
(61, 27, 0),
(63, 27, 1),
(61, 6, 0),
(63, 6, 1),
(61, 21, 1),
(61, 2, 1),
(64, 2, 1),
(62, 2, 1),
(61, 17, 0),
(63, 17, 0),
(65, 17, 1),
(67, 17, 1),
(61, 16, 0),
(63, 21, 1),
(61, 11, 1),
(62, 11, 1),
(61, 13, 0),
(62, 13, 0),
(64, 13, 1),
(63, 24, 1),
(61, 24, 0),
(62, 16, 1),
(62, 4, 1),
(62, 1, 1),
(67, 27, 0),
(64, 14, 0),
(64, 1, 1),
(65, 6, 1),
(69, 17, 1),
(70, 17, 1),
(65, 8, 1),
(65, 28, 1),
(65, 12, 0),
(65, 10, 0),
(65, 24, 1),
(65, 32, 0),
(67, 32, 1),
(65, 16, 1),
(65, 2, 0),
(69, 23, 1),
(67, 23, 1),
(66, 16, 1),
(69, 27, 0),
(66, 15, 1),
(67, 1, 1),
(66, 10, 1),
(67, 11, 1),
(66, 11, 0),
(68, 11, 1),
(66, 14, 0),
(66, 2, 1),
(66, 1, 1),
(66, 13, 1),
(70, 5, 1),
(70, 23, 1),
(67, 10, 1),
(68, 10, 1),
(70, 10, 1),
(67, 6, 0),
(69, 6, 1),
(67, 12, 0),
(67, 28, 0),
(67, 16, 1),
(69, 24, 1),
(67, 24, 1),
(67, 2, 1),
(69, 26, 1),
(68, 16, 1),
(68, 2, 1),
(69, 28, 1),
(69, 7, 1),
(69, 32, 0),
(70, 24, 0),
(70, 16, 1),
(70, 12, 0),
(70, 1, 0),
(73, 1, 1),
(72, 10, 1),
(73, 10, 0),
(75, 10, 0),
(76, 10, 0),
(72, 5, 1),
(73, 5, 1),
(75, 5, 1),
(76, 5, 0),
(71, 23, 1),
(74, 23, 1),
(73, 23, 1),
(70, 2, 1),
(74, 32, 1),
(70, 32, 0),
(70, 21, 0),
(71, 21, 1),
(73, 21, 1),
(70, 11, 1),
(70, 15, 1),
(72, 15, 1),
(73, 15, 1),
(75, 15, 1),
(70, 4, 1),
(70, 28, 0),
(71, 26, 1),
(70, 26, 0),
(71, 24, 1),
(70, 27, 0),
(71, 27, 1),
(74, 27, 1),
(74, 21, 1),
(71, 6, 1),
(73, 13, 0),
(72, 13, 0),
(73, 24, 1),
(74, 6, 1),
(72, 1, 0),
(75, 1, 1),
(74, 17, 1),
(73, 17, 0),
(72, 30, 1),
(72, 16, 1),
(72, 14, 0),
(72, 4, 1),
(72, 2, 1),
(72, 11, 1),
(73, 27, 0),
(74, 28, 1),
(73, 28, 0),
(73, 2, 1),
(75, 2, 1),
(74, 24, 1),
(73, 11, 0),
(73, 26, 1),
(74, 26, 1),
(75, 16, 1),
(75, 11, 1),
(76, 16, 0),
(75, 4, 1),
(75, 8, 1),
(75, 14, 1),
(75, 30, 1),
(75, 13, 0),
(79, 1, 0),
(80, 1, 1),
(79, 5, 1),
(80, 5, 1),
(79, 23, 1),
(79, 7, 0),
(79, 21, 1),
(79, 12, 0),
(79, 26, 1),
(81, 1, 1),
(82, 23, 1),
(82, 26, 1),
(80, 11, 1),
(82, 27, 1),
(82, 24, 1),
(82, 28, 1),
(83, 28, 0),
(80, 28, 1),
(82, 21, 1),
(81, 5, 1),
(83, 7, 1),
(80, 7, 0),
(80, 17, 1),
(83, 17, 1),
(80, 2, 1),
(80, 10, 0),
(81, 10, 0),
(80, 23, 0),
(80, 12, 0),
(80, 16, 1),
(80, 14, 1),
(83, 24, 1),
(80, 24, 1),
(83, 27, 1),
(80, 27, 1),
(80, 21, 1),
(83, 21, 1),
(85, 1, 1),
(85, 5, 1),
(87, 5, 1),
(88, 5, 1),
(89, 5, 1),
(91, 5, 1),
(92, 5, 1),
(81, 16, 1),
(83, 23, 1),
(85, 23, 1),
(86, 23, 1),
(86, 27, 1),
(85, 27, 0),
(83, 26, 1),
(85, 26, 1),
(86, 26, 1),
(85, 17, 0),
(86, 17, 0),
(88, 17, 1),
(90, 17, 1),
(91, 17, 1),
(93, 17, 1),
(81, 2, 1),
(81, 14, 1),
(94, 8, 1),
(94, 13, 1),
(81, 13, 1),
(94, 32, 0),
(86, 32, 1),
(86, 7, 0),
(85, 7, 0),
(94, 7, 1),
(88, 7, 0),
(91, 7, 0),
(94, 21, 1),
(85, 21, 1),
(86, 21, 1),
(86, 24, 1),
(86, 28, 1),
(90, 28, 1),
(93, 28, 0),
(91, 28, 0),
(85, 8, 1),
(87, 8, 1),
(89, 8, 1),
(88, 8, 1),
(91, 8, 1),
(92, 8, 1),
(85, 24, 0),
(85, 2, 1),
(85, 30, 1),
(87, 30, 1),
(88, 30, 1),
(89, 30, 1),
(85, 28, 1),
(87, 1, 1),
(87, 10, 1),
(88, 10, 1),
(89, 10, 1),
(90, 23, 1),
(88, 27, 1),
(90, 27, 1),
(88, 24, 1),
(90, 24, 1),
(87, 14, 0),
(87, 2, 1),
(87, 15, 1),
(87, 4, 0),
(87, 16, 1),
(88, 26, 1),
(90, 26, 1),
(88, 28, 0),
(88, 2, 1),
(89, 2, 1),
(88, 23, 0),
(88, 11, 0),
(89, 11, 1),
(88, 15, 0),
(89, 15, 0),
(90, 21, 1),
(91, 24, 0),
(93, 24, 1),
(87, 11, 1),
(91, 23, 1),
(93, 23, 1),
(93, 27, 1),
(91, 27, 1),
(89, 16, 1),
(92, 1, 1),
(91, 1, 1),
(91, 10, 1),
(92, 10, 1),
(91, 15, 0),
(92, 15, 0),
(95, 5, 1),
(96, 5, 1),
(98, 5, 1),
(99, 5, 1),
(103, 5, 1),
(101, 5, 1),
(93, 7, 1),
(93, 32, 0),
(95, 32, 1),
(100, 32, 1),
(102, 32, 1),
(92, 14, 0),
(92, 2, 0),
(92, 16, 1),
(92, 4, 1),
(92, 11, 1),
(97, 17, 1),
(98, 17, 1),
(100, 17, 1),
(101, 17, 1),
(102, 17, 1),
(97, 27, 0),
(98, 1, 1),
(104, 10, 0),
(96, 10, 1),
(98, 10, 1),
(97, 24, 1),
(97, 26, 1),
(104, 26, 0),
(98, 26, 1),
(100, 26, 1),
(104, 8, 1),
(96, 8, 1),
(96, 1, 0),
(104, 1, 0),
(104, 17, 1),
(104, 28, 0),
(97, 6, 0),
(97, 28, 1),
(98, 28, 1),
(100, 28, 1),
(104, 27, 1),
(98, 27, 1),
(104, 23, 1),
(97, 23, 1),
(98, 23, 1),
(100, 23, 1),
(104, 21, 0),
(97, 21, 1),
(104, 24, 1),
(98, 24, 1),
(104, 7, 1),
(97, 7, 0),
(104, 5, 0),
(100, 27, 1),
(104, 32, 0),
(97, 32, 0),
(96, 16, 1),
(96, 4, 0),
(96, 11, 1),
(96, 13, 1),
(96, 2, 1),
(100, 24, 1),
(96, 30, 1),
(96, 15, 0),
(99, 16, 1),
(98, 16, 1),
(99, 1, 1),
(98, 11, 1),
(99, 11, 0),
(98, 15, 0),
(99, 15, 0),
(98, 32, 0),
(101, 23, 1),
(102, 23, 1),
(100, 21, 1),
(99, 8, 1),
(103, 8, 1),
(101, 8, 1),
(99, 13, 1),
(100, 7, 1),
(99, 2, 1),
(99, 10, 0),
(101, 28, 1),
(102, 28, 1),
(101, 26, 0),
(101, 21, 1),
(102, 21, 1),
(102, 24, 1),
(101, 24, 0),
(103, 10, 1),
(101, 11, 1),
(103, 1, 1),
(103, 2, 1),
(105, 1, 1),
(106, 1, 1),
(103, 16, 0),
(105, 23, 1),
(102, 26, 1),
(102, 7, 1),
(105, 17, 1),
(103, 14, 1),
(105, 5, 1),
(106, 5, 1),
(105, 28, 0),
(105, 16, 1),
(106, 16, 1),
(105, 8, 1),
(106, 8, 1),
(105, 10, 1),
(106, 10, 1),
(103, 11, 1),
(105, 11, 1),
(105, 2, 1),
(105, 24, 0),
(107, 1, 1),
(108, 1, 1),
(110, 1, 1),
(106, 4, 0),
(105, 14, 1),
(106, 13, 0),
(106, 2, 1),
(106, 15, 0),
(107, 17, 0),
(109, 17, 1),
(112, 17, 1),
(107, 23, 1),
(109, 23, 1),
(108, 16, 1),
(107, 21, 1),
(109, 21, 1),
(107, 10, 1),
(108, 10, 1),
(111, 23, 1),
(112, 23, 1),
(107, 15, 0),
(107, 6, 0),
(107, 27, 0),
(107, 28, 1),
(107, 5, 1),
(108, 5, 1),
(110, 5, 1),
(107, 24, 1),
(109, 24, 1),
(106, 11, 1),
(109, 27, 1),
(109, 28, 1),
(112, 28, 0),
(109, 7, 1),
(108, 4, 1),
(108, 2, 1),
(106, 14, 1),
(108, 13, 1),
(109, 32, 0),
(108, 8, 1),
(108, 14, 1),
(110, 8, 1),
(113, 1, 1),
(113, 5, 1),
(110, 14, 1),
(113, 14, 1),
(111, 27, 1),
(112, 27, 1),
(108, 11, 1),
(111, 21, 1),
(112, 21, 1),
(110, 2, 1),
(110, 11, 1),
(113, 11, 0),
(112, 24, 1),
(111, 24, 1),
(111, 17, 1),
(110, 10, 0),
(112, 32, 0),
(112, 7, 1),
(113, 30, 1),
(113, 10, 1),
(113, 8, 1),
(113, 4, 0),
(113, 16, 0),
(113, 2, 1),
(114, 1, 1),
(115, 1, 1),
(114, 5, 1),
(115, 5, 1),
(114, 17, 1),
(114, 14, 1),
(114, 10, 1),
(114, 23, 1),
(114, 28, 0),
(116, 5, 1),
(118, 5, 1),
(117, 5, 1),
(119, 5, 1),
(120, 5, 1),
(114, 27, 0),
(114, 21, 1),
(116, 17, 0),
(117, 17, 1),
(120, 17, 1),
(121, 17, 1),
(114, 24, 1),
(114, 8, 1),
(115, 8, 1),
(118, 8, 1),
(116, 8, 1),
(117, 8, 1),
(120, 8, 1),
(114, 16, 1),
(116, 23, 1),
(120, 23, 1),
(121, 23, 1),
(115, 16, 1),
(119, 16, 1),
(118, 16, 1),
(115, 14, 1),
(115, 10, 1),
(116, 10, 1),
(116, 1, 1),
(115, 11, 1),
(115, 30, 1),
(115, 2, 1),
(115, 15, 0),
(115, 4, 0),
(118, 10, 1),
(116, 27, 0),
(117, 27, 0),
(116, 24, 1),
(116, 16, 1),
(116, 2, 1),
(119, 8, 0),
(118, 1, 0),
(118, 30, 1),
(118, 2, 1),
(118, 14, 1),
(118, 11, 1),
(118, 4, 0),
(118, 13, 1),
(117, 10, 1),
(119, 10, 1),
(117, 23, 0),
(117, 28, 0),
(119, 2, 1),
(119, 11, 1),
(119, 4, 1),
(120, 10, 1),
(120, 21, 1),
(121, 21, 1),
(121, 24, 1),
(121, 32, 1),
(120, 24, 0),
(121, 26, 1),
(120, 26, 1),
(122, 1, 1),
(120, 1, 1),
(123, 1, 1),
(124, 1, 1),
(122, 10, 1),
(122, 2, 1),
(121, 7, 0),
(122, 11, 1),
(122, 30, 1),
(122, 5, 1),
(122, 13, 1),
(122, 16, 1),
(122, 4, 1),
(123, 5, 1),
(124, 5, 1),
(120, 28, 1),
(121, 28, 1),
(122, 14, 1),
(122, 8, 1),
(123, 10, 1),
(123, 11, 1),
(123, 14, 1),
(123, 8, 1),
(123, 30, 1),
(123, 16, 1),
(123, 2, 1),
(123, 4, 1),
(124, 10, 1),
(124, 14, 1),
(124, 23, 1),
(124, 27, 1),
(126, 1, 1),
(126, 14, 1),
(126, 10, 1),
(124, 28, 1),
(124, 24, 0),
(124, 2, 1),
(126, 2, 1),
(124, 8, 1),
(126, 8, 1),
(126, 5, 1),
(124, 13, 1),
(124, 30, 1),
(126, 4, 1),
(123, 13, 1),
(126, 16, 1),
(124, 16, 1),
(126, 13, 1),
(127, 1, 1),
(130, 1, 1),
(131, 1, 0),
(134, 1, 1),
(128, 28, 0),
(128, 7, 0),
(128, 24, 1),
(130, 10, 1),
(127, 10, 1),
(129, 6, 1),
(127, 5, 1),
(130, 5, 0),
(127, 23, 0),
(129, 23, 1),
(129, 28, 1),
(132, 28, 0),
(129, 24, 1),
(131, 5, 1),
(134, 5, 1),
(129, 32, 0),
(131, 10, 0),
(134, 10, 0),
(132, 17, 1),
(133, 17, 1),
(132, 23, 1),
(132, 6, 1),
(132, 7, 1),
(132, 24, 0),
(134, 14, 1),
(134, 8, 1),
(133, 8, 0),
(135, 1, 1),
(136, 1, 1),
(133, 1, 1),
(134, 11, 1),
(134, 13, 1),
(134, 16, 1),
(133, 10, 0),
(134, 2, 1),
(133, 5, 0),
(135, 5, 1),
(136, 5, 1),
(133, 27, 0),
(133, 2, 1),
(135, 2, 1),
(136, 2, 1),
(133, 24, 0),
(135, 11, 1),
(135, 14, 0),
(136, 14, 1),
(136, 11, 0),
(137, 1, 1),
(138, 1, 1),
(142, 1, 1),
(144, 1, 0),
(145, 1, 0),
(147, 1, 0),
(148, 1, 0),
(150, 1, 0),
(151, 1, 0),
(137, 10, 1),
(138, 10, 1),
(140, 10, 1),
(141, 10, 0),
(144, 10, 0),
(145, 10, 0),
(147, 10, 0),
(148, 10, 0),
(137, 14, 1),
(137, 26, 1),
(139, 26, 1),
(140, 26, 0),
(141, 26, 1),
(143, 26, 1),
(138, 26, 1),
(138, 5, 1),
(140, 5, 1),
(137, 2, 1),
(138, 14, 0),
(142, 10, 0),
(137, 5, 1),
(137, 23, 1),
(139, 23, 1),
(139, 28, 1),
(137, 11, 1),
(143, 28, 0),
(152, 28, 0),
(137, 21, 1),
(139, 21, 1),
(140, 21, 1),
(141, 21, 0),
(143, 21, 0),
(144, 21, 0),
(146, 21, 1),
(137, 28, 1),
(143, 23, 1),
(140, 17, 1),
(143, 17, 1),
(144, 17, 0),
(147, 17, 1),
(149, 17, 1),
(150, 17, 1),
(152, 17, 1),
(141, 17, 0),
(140, 6, 1),
(141, 6, 0),
(143, 6, 0),
(138, 2, 1),
(138, 8, 1),
(140, 8, 1),
(141, 8, 1),
(142, 8, 1),
(144, 8, 1),
(145, 8, 1),
(147, 8, 1),
(138, 13, 1),
(150, 8, 1),
(138, 16, 1),
(140, 16, 0),
(138, 4, 1),
(140, 14, 1),
(142, 14, 1),
(144, 14, 1),
(145, 14, 1),
(138, 11, 1),
(140, 28, 0),
(141, 28, 0),
(144, 28, 0),
(140, 11, 1),
(140, 27, 1),
(143, 27, 1),
(141, 27, 1),
(140, 2, 1),
(140, 23, 0),
(141, 23, 1),
(140, 9, 0),
(141, 3, 0),
(141, 1, 1),
(140, 1, 0),
(141, 14, 1),
(153, 1, 0),
(141, 5, 1),
(142, 5, 1),
(144, 5, 1),
(145, 5, 1),
(147, 5, 1),
(148, 5, 1),
(150, 5, 1),
(153, 5, 1),
(141, 13, 1),
(142, 13, 1),
(141, 24, 1),
(143, 24, 1),
(141, 7, 1),
(143, 7, 0),
(141, 2, 1),
(141, 11, 1),
(144, 11, 1),
(143, 29, 1),
(143, 32, 1),
(144, 32, 1),
(146, 32, 1),
(142, 11, 0),
(146, 17, 0),
(153, 17, 1),
(142, 4, 0),
(142, 2, 0),
(142, 26, 1),
(144, 26, 1),
(145, 26, 1),
(144, 23, 1),
(146, 23, 1),
(144, 7, 1),
(146, 7, 0),
(144, 27, 1),
(146, 27, 1),
(144, 2, 1),
(144, 3, 0),
(144, 9, 0),
(144, 6, 0),
(145, 11, 1),
(145, 16, 1),
(147, 14, 1),
(148, 14, 1),
(145, 34, 1),
(146, 28, 0),
(146, 24, 1),
(146, 6, 0),
(151, 14, 1),
(145, 2, 1),
(145, 4, 0),
(147, 2, 1),
(148, 34, 0),
(147, 26, 1),
(149, 26, 1),
(149, 28, 1),
(148, 8, 1),
(147, 27, 1),
(147, 23, 0),
(149, 23, 0),
(148, 11, 1),
(147, 11, 0),
(148, 2, 1),
(147, 24, 1),
(149, 24, 1),
(147, 9, 1),
(149, 27, 1),
(147, 32, 0),
(147, 7, 1),
(149, 7, 1),
(148, 4, 1),
(148, 16, 1),
(149, 21, 1),
(150, 21, 1),
(149, 32, 0),
(150, 23, 1),
(152, 23, 1),
(150, 6, 1),
(152, 6, 1),
(152, 26, 0),
(150, 10, 1),
(150, 26, 1),
(152, 27, 1),
(150, 7, 0),
(152, 7, 0),
(150, 2, 1),
(151, 2, 1),
(153, 2, 1),
(150, 11, 0),
(153, 11, 0),
(150, 24, 0),
(150, 27, 0),
(152, 24, 1),
(154, 10, 0),
(156, 17, 1),
(151, 10, 0),
(153, 10, 1),
(151, 8, 0),
(159, 8, 0),
(153, 8, 0),
(155, 8, 1),
(156, 8, 1),
(161, 8, 1),
(159, 14, 1),
(155, 14, 1),
(160, 14, 1),
(151, 16, 1),
(159, 5, 1),
(155, 5, 1),
(151, 4, 0),
(153, 6, 1),
(167, 6, 0),
(152, 32, 0),
(151, 13, 1),
(167, 32, 1),
(160, 5, 1),
(156, 5, 1),
(161, 5, 1),
(151, 11, 0),
(168, 17, 1),
(169, 17, 1),
(164, 17, 1),
(170, 17, 1),
(151, 5, 1),
(153, 23, 1),
(167, 23, 1),
(153, 21, 1),
(152, 21, 1),
(167, 24, 0),
(153, 28, 0),
(153, 16, 1),
(153, 13, 0),
(159, 13, 1),
(159, 10, 1),
(155, 23, 1),
(168, 23, 1),
(156, 23, 1),
(169, 23, 1),
(153, 27, 1),
(159, 16, 1),
(153, 24, 0),
(159, 2, 1),
(159, 35, 1),
(153, 7, 1),
(167, 7, 1),
(153, 26, 0),
(167, 26, 1),
(153, 32, 0),
(168, 32, 1),
(169, 32, 1),
(156, 32, 1),
(155, 2, 1),
(153, 14, 0),
(159, 11, 1),
(167, 28, 0),
(167, 27, 1),
(159, 1, 0),
(167, 17, 0),
(155, 13, 1),
(160, 13, 1),
(156, 13, 1),
(161, 13, 0),
(164, 13, 1),
(162, 13, 1),
(165, 13, 1),
(163, 13, 1),
(166, 13, 1),
(158, 13, 0),
(157, 13, 1),
(155, 10, 1),
(160, 10, 1),
(155, 26, 1),
(168, 26, 1),
(155, 24, 1),
(168, 24, 1),
(155, 28, 1),
(168, 28, 1),
(170, 28, 0),
(168, 27, 1),
(155, 27, 1),
(160, 2, 1),
(156, 2, 1),
(161, 2, 1),
(155, 17, 0),
(160, 8, 1),
(162, 8, 1),
(163, 8, 1),
(158, 8, 1),
(155, 16, 1),
(160, 16, 1),
(156, 16, 1),
(161, 16, 1),
(164, 16, 1),
(155, 7, 0),
(168, 7, 0),
(155, 11, 0),
(160, 11, 0),
(156, 11, 1),
(161, 11, 1),
(155, 32, 0),
(160, 35, 1),
(168, 6, 1),
(169, 6, 1),
(156, 10, 1),
(161, 10, 1),
(156, 27, 1),
(169, 27, 1),
(171, 17, 1),
(166, 17, 1),
(172, 17, 1),
(157, 17, 1),
(164, 5, 1),
(162, 5, 1),
(165, 5, 1),
(163, 5, 1),
(166, 5, 1),
(158, 5, 1),
(157, 5, 1),
(162, 16, 1),
(165, 16, 1),
(163, 16, 1),
(166, 16, 1);

-- --------------------------------------------------------

--
-- Structure de la table `team`
--

DROP TABLE IF EXISTS `team`;
CREATE TABLE IF NOT EXISTS `team` (
  `id` int(11) NOT NULL AUTO_INCREMENT,
  `name` text NOT NULL,
  PRIMARY KEY (`id`)
) ENGINE=InnoDB  DEFAULT CHARSET=utf8 AUTO_INCREMENT=3 ;

--
-- Contenu de la table `team`
--

INSERT INTO `team` (`id`, `name`) VALUES
(1, 'Fireworks 1'),
(2, 'Fireworks 2');

-- --------------------------------------------------------

--
-- Structure de la table `view`
--

DROP TABLE IF EXISTS `view`;
CREATE TABLE IF NOT EXISTS `view` (
  `forum` int(11) NOT NULL,
  `messages` int(11) NOT NULL,
  `player` int(11) NOT NULL
) ENGINE=InnoDB DEFAULT CHARSET=utf8;

--
-- Contenu de la table `view`
--

INSERT INTO `view` (`forum`, `messages`, `player`) VALUES
(1, 4, 9),
(1, 4, 16),
(11, 1, 20),
(14, 1, 12),
(14, 1, 10),
(14, 1, 11),
(14, 1, 30),
(14, 1, 2),
(14, 1, 1),
(3, 1, 14),
(11, 1, 23),
(3, 1, 5),
(16, 1, 10),
(23, 1, 16),
(16, 1, 16),
(17, 1, 16),
(17, 1, 23),
(17, 1, 1),
(23, 3, 1),
(23, 2, 10),
(23, 4, 2),
(17, 1, 2),
(16, 1, 2),
(3, 1, 2),
(23, 2, 12),
(1, 9, 15),
(22, 1, 15),
(23, 2, 15),
(3, 1, 15),
(22, 1, 10),
(22, 1, 2),
(22, 1, 23),
(17, 2, 20),
(22, 2, 20),
(18, 2, 20),
(22, 2, 1),
(25, 2, 16),
(25, 2, 13),
(25, 4, 2),
(1, 9, 11),
(25, 4, 12),
(11, 2, 1),
(18, 2, 1),
(4, 2, 1),
(25, 4, 10),
(25, 4, 5),
(27, 1, 11),
(27, 1, 5),
(27, 2, 16),
(27, 2, 12),
(27, 2, 13),
(27, 3, 10),
(4, 1, 28),
(18, 1, 28),
(18, 1, 23),
(30, 1, 2),
(27, 3, 2),
(30, 1, 10),
(30, 1, 23),
(30, 2, 1),
(30, 1, 18),
(30, 1, 30),
(27, 4, 1),
(25, 5, 1),
(16, 2, 1),
(34, 2, 1),
(34, 1, 23),
(25, 4, 6),
(1, 12, 30),
(34, 1, 12),
(30, 1, 12),
(22, 1, 12),
(16, 1, 12),
(34, 1, 11),
(34, 2, 0),
(42, 3, 0),
(4, 1, 24),
(34, 1, 24),
(30, 1, 24),
(18, 1, 24),
(22, 1, 24),
(3, 2, 1),
(42, 4, 2),
(42, 3, 16),
(42, 3, 8),
(42, 3, 5),
(42, 4, 10),
(42, 4, 4),
(42, 5, 1),
(3, 1, 6),
(42, 4, 6),
(30, 1, 6),
(3, 1, 12),
(42, 4, 12),
(42, 4, 14),
(34, 1, 10),
(48, 1, 15),
(48, 2, 1),
(48, 1, 14),
(34, 1, 26),
(48, 1, 10),
(48, 1, 12),
(48, 1, 8),
(1, 12, 8),
(34, 1, 17),
(30, 1, 17),
(18, 1, 17),
(22, 1, 17),
(1, 12, 17),
(49, 1, 17),
(49, 1, 27),
(48, 1, 5),
(1, 12, 5),
(50, 2, 10),
(1, 12, 4),
(50, 2, 4),
(50, 3, 1),
(55, 1, 4),
(48, 1, 4),
(55, 2, 1),
(50, 2, 5),
(60, 1, 24),
(50, 2, 24),
(55, 2, 0),
(50, 3, 0),
(4, 1, 21),
(60, 1, 21),
(60, 1, 27),
(11, 1, 27),
(50, 2, 27),
(17, 1, 27),
(34, 1, 27),
(18, 1, 27),
(70, 1, 6),
(70, 1, 5),
(70, 2, 23),
(60, 2, 23),
(50, 3, 23),
(70, 2, 0),
(70, 1, 24),
(49, 1, 24),
(70, 1, 17),
(4, 1, 17),
(70, 1, 10),
(70, 2, 1),
(60, 1, 7),
(75, 1, 12),
(75, 2, 1),
(75, 1, 10),
(75, 1, 0),
(75, 2, 23),
(49, 2, 23),
(4, 2, 23),
(75, 2, 24),
(78, 1, 24),
(78, 2, 1),
(79, 1, 26),
(79, 1, 27),
(79, 1, 21),
(79, 2, 23),
(78, 2, 23),
(4, 1, 27),
(79, 1, 7),
(1, 13, 24),
(79, 1, 24),
(87, 1, 24),
(87, 1, 6),
(1, 13, 32),
(4, 1, 7),
(87, 1, 7),
(87, 2, 23),
(4, 2, 20),
(104, 2, 1),
(104, 1, 10),
(104, 1, 16),
(1, 14, 12),
(104, 1, 12),
(4, 1, 32),
(87, 1, 27),
(3, 1, 10),
(1, 15, 6),
(4, 1, 6),
(1, 16, 1),
(1, 15, 0),
(75, 2, 27),
(78, 1, 27),
(1, 15, 27),
(1, 15, 20),
(87, 1, 20),
(1, 15, 23),
(146, 2, 23),
(146, 1, 2),
(1, 15, 2),
(1, 15, 10),
(146, 1, 10),
(146, 1, 14),
(1, 15, 14),
(34, 2, 2),
(4, 2, 2),
(146, 1, 27),
(153, 1, 34),
(146, 1, 34),
(78, 1, 34),
(75, 2, 34),
(3, 1, 34),
(153, 1, 14),
(153, 1, 11),
(3, 1, 11),
(3, 1, 4),
(153, 2, 2),
(153, 1, 16),
(156, 2, 2),
(156, 1, 14),
(146, 2, 0),
(153, 2, 0),
(156, 2, 0),
(156, 1, 16),
(156, 1, 5),
(156, 1, 10),
(146, 2, 1),
(153, 2, 1),
(146, 1, 26),
(87, 1, 26),
(75, 2, 26),
(1, 15, 26),
(4, 1, 26),
(152, 2, 34);

/*!40101 SET CHARACTER_SET_CLIENT=@OLD_CHARACTER_SET_CLIENT */;
/*!40101 SET CHARACTER_SET_RESULTS=@OLD_CHARACTER_SET_RESULTS */;
/*!40101 SET COLLATION_CONNECTION=@OLD_COLLATION_CONNECTION */;
